entity,code,year,child_mortality_rate,fertility_rate_hist
Afghanistan,AFG,1950,37.13,7.248
Afghanistan,AFG,1951,37.13,7.26
Afghanistan,AFG,1952,37.13,7.26
Afghanistan,AFG,1953,37.13,7.266
Afghanistan,AFG,1954,37.13,7.254
Afghanistan,AFG,1955,37.13,7.262
Afghanistan,AFG,1956,37.13,7.269
Afghanistan,AFG,1957,37.13,7.264
Afghanistan,AFG,1958,36.52,7.269
Afghanistan,AFG,1959,35.95,7.276
Afghanistan,AFG,1960,35.32,7.282
Afghanistan,AFG,1961,34.76,7.284
Afghanistan,AFG,1962,34.23,7.292
Afghanistan,AFG,1963,33.68,7.302
Afghanistan,AFG,1964,33.17,7.304
Afghanistan,AFG,1965,32.65,7.305
Afghanistan,AFG,1966,32.15,7.32
Afghanistan,AFG,1967,31.66,7.339
Afghanistan,AFG,1968,31.16,7.363
Afghanistan,AFG,1969,30.64,7.389
Afghanistan,AFG,1970,30.16,7.4
Afghanistan,AFG,1971,29.65,7.432
Afghanistan,AFG,1972,29.14,7.453
Afghanistan,AFG,1973,28.59,7.487
Afghanistan,AFG,1974,28.06,7.526
Afghanistan,AFG,1975,27.52,7.542
Afghanistan,AFG,1976,26.97,7.561
Afghanistan,AFG,1977,26.38,7.591
Afghanistan,AFG,1978,25.79,7.599
Afghanistan,AFG,1979,25.19,7.612
Afghanistan,AFG,1980,24.57,7.643
Afghanistan,AFG,1981,23.94,7.617
Afghanistan,AFG,1982,27.99,7.6
Afghanistan,AFG,1983,27.44,7.57
Afghanistan,AFG,1984,30.91,7.554
Afghanistan,AFG,1985,30.09,7.55
Afghanistan,AFG,1986,25.31,7.553
Afghanistan,AFG,1987,24.72,7.548
Afghanistan,AFG,1988,21.84,7.551
Afghanistan,AFG,1989,18.71,7.559
Afghanistan,AFG,1990,18.07,7.576
Afghanistan,AFG,1991,17.44,7.631
Afghanistan,AFG,1992,16.85,7.703
Afghanistan,AFG,1993,16.3,7.761
Afghanistan,AFG,1994,15.77,7.767
Afghanistan,AFG,1995,15.28,7.767
Afghanistan,AFG,1996,14.83,7.757
Afghanistan,AFG,1997,14.41,7.732
Afghanistan,AFG,1998,13.99,7.693
Afghanistan,AFG,1999,13.58,7.641
Afghanistan,AFG,2000,13.17,7.566
Afghanistan,AFG,2001,12.74,7.453
Afghanistan,AFG,2002,12.31,7.32
Afghanistan,AFG,2003,11.87,7.174
Afghanistan,AFG,2004,11.42,7.018
Afghanistan,AFG,2005,10.97,6.858
Afghanistan,AFG,2006,10.51,6.686
Afghanistan,AFG,2007,10.07,6.508
Afghanistan,AFG,2008,9.63,6.392
Afghanistan,AFG,2009,9.22,6.295
Afghanistan,AFG,2010,8.83,6.195
Afghanistan,AFG,2011,8.46,6.094
Afghanistan,AFG,2012,8.12,5.985
Afghanistan,AFG,2013,7.8,5.879
Afghanistan,AFG,2014,7.51,5.77
Afghanistan,AFG,2015,7.24,5.652
Afghanistan,AFG,2016,7.0,5.542
Afghanistan,AFG,2017,6.76,5.433
Afghanistan,AFG,2018,6.54,5.327
Afghanistan,AFG,2019,6.33,5.238
Afghanistan,AFG,2020,6.13,5.145
Afghanistan,AFG,2021,5.93,5.039
Afghanistan,AFG,2022,5.74,4.932
Afghanistan,AFG,2023,5.55,4.84
Africa,OWID_AFR,1950,25.95,6.4367776
Africa,OWID_AFR,1951,25.95,6.451228
Africa,OWID_AFR,1952,25.95,6.4636226
Africa,OWID_AFR,1953,25.95,6.482983
Africa,OWID_AFR,1954,25.95,6.4931884
Africa,OWID_AFR,1955,25.95,6.5055194
Africa,OWID_AFR,1956,25.95,6.5189023
Africa,OWID_AFR,1957,25.95,6.530977
Africa,OWID_AFR,1958,25.95,6.5437264
Africa,OWID_AFR,1959,25.95,6.5507164
Africa,OWID_AFR,1960,25.95,6.561704
Africa,OWID_AFR,1961,25.95,6.5730667
Africa,OWID_AFR,1962,25.95,6.5883465
Africa,OWID_AFR,1963,25.95,6.596562
Africa,OWID_AFR,1964,25.95,6.599817
Africa,OWID_AFR,1965,25.95,6.597363
Africa,OWID_AFR,1966,25.95,6.60657
Africa,OWID_AFR,1967,25.34,6.6086955
Africa,OWID_AFR,1968,24.73,6.609265
Africa,OWID_AFR,1969,24.39,6.606555
Africa,OWID_AFR,1970,24.0,6.6082897
Africa,OWID_AFR,1971,23.61,6.6170015
Africa,OWID_AFR,1972,23.27,6.6170077
Africa,OWID_AFR,1973,22.76,6.610062
Africa,OWID_AFR,1974,22.02,6.609499
Africa,OWID_AFR,1975,21.51,6.6073947
Africa,OWID_AFR,1976,20.7,6.6032963
Africa,OWID_AFR,1977,20.19,6.5918546
Africa,OWID_AFR,1978,19.68,6.5664606
Africa,OWID_AFR,1979,19.18,6.5456686
Africa,OWID_AFR,1980,18.78,6.5151258
Africa,OWID_AFR,1981,18.3,6.4737244
Africa,OWID_AFR,1982,17.89,6.434363
Africa,OWID_AFR,1983,18.27,6.3931756
Africa,OWID_AFR,1984,17.86,6.3250494
Africa,OWID_AFR,1985,17.45,6.2565317
Africa,OWID_AFR,1986,16.98,6.183947
Africa,OWID_AFR,1987,16.18,6.112592
Africa,OWID_AFR,1988,16.24,6.036753
Africa,OWID_AFR,1989,15.64,5.949369
Africa,OWID_AFR,1990,15.42,5.8539977
Africa,OWID_AFR,1991,15.5,5.774625
Africa,OWID_AFR,1992,15.35,5.6972165
Africa,OWID_AFR,1993,14.91,5.6246767
Africa,OWID_AFR,1994,14.8,5.5266814
Africa,OWID_AFR,1995,14.43,5.4634438
Africa,OWID_AFR,1996,14.18,5.3866973
Africa,OWID_AFR,1997,13.89,5.3149853
Africa,OWID_AFR,1998,13.69,5.251681
Africa,OWID_AFR,1999,13.16,5.206878
Africa,OWID_AFR,2000,12.75,5.163403
Africa,OWID_AFR,2001,12.32,5.1212792
Africa,OWID_AFR,2002,11.86,5.0776334
Africa,OWID_AFR,2003,11.41,5.04643
Africa,OWID_AFR,2004,11.02,5.0243425
Africa,OWID_AFR,2005,10.59,5.008534
Africa,OWID_AFR,2006,10.12,4.984585
Africa,OWID_AFR,2007,9.71,4.9581575
Africa,OWID_AFR,2008,9.3,4.9405203
Africa,OWID_AFR,2009,9.08,4.9016266
Africa,OWID_AFR,2010,8.64,4.867337
Africa,OWID_AFR,2011,8.53,4.8214116
Africa,OWID_AFR,2012,8.07,4.7754626
Africa,OWID_AFR,2013,7.79,4.7192874
Africa,OWID_AFR,2014,7.68,4.669364
Africa,OWID_AFR,2015,7.49,4.6089897
Africa,OWID_AFR,2016,7.31,4.5295343
Africa,OWID_AFR,2017,7.17,4.464887
Africa,OWID_AFR,2018,6.83,4.374008
Africa,OWID_AFR,2019,6.66,4.2966104
Africa,OWID_AFR,2020,6.43,4.2251563
Africa,OWID_AFR,2021,6.27,4.163223
Africa,OWID_AFR,2022,6.22,4.108882
Africa,OWID_AFR,2023,5.91,4.0555196
Africa (UN),UN_AFR,1950,7.30375,6.516
Africa (UN),UN_AFR,1951,7.30375,6.53
Africa (UN),UN_AFR,1952,7.30375,6.541
Africa (UN),UN_AFR,1953,7.30375,6.558
Africa (UN),UN_AFR,1954,7.30375,6.569
Africa (UN),UN_AFR,1955,7.30375,6.581
Africa (UN),UN_AFR,1956,7.30375,6.594
Africa (UN),UN_AFR,1957,7.30375,6.606
Africa (UN),UN_AFR,1958,7.30375,6.617
Africa (UN),UN_AFR,1959,7.30375,6.631
Africa (UN),UN_AFR,1960,7.30375,6.645
Africa (UN),UN_AFR,1961,7.30375,6.658
Africa (UN),UN_AFR,1962,7.30375,6.673
Africa (UN),UN_AFR,1963,7.30375,6.679
Africa (UN),UN_AFR,1964,7.30375,6.68
Africa (UN),UN_AFR,1965,7.30375,6.676
Africa (UN),UN_AFR,1966,7.30375,6.687
Africa (UN),UN_AFR,1967,7.30375,6.691
Africa (UN),UN_AFR,1968,7.30375,6.691
Africa (UN),UN_AFR,1969,7.30375,6.687
Africa (UN),UN_AFR,1970,7.30375,6.688
Africa (UN),UN_AFR,1971,7.30375,6.692
Africa (UN),UN_AFR,1972,7.30375,6.693
Africa (UN),UN_AFR,1973,7.30375,6.689
Africa (UN),UN_AFR,1974,7.30375,6.688
Africa (UN),UN_AFR,1975,7.30375,6.686
Africa (UN),UN_AFR,1976,7.30375,6.676
Africa (UN),UN_AFR,1977,7.30375,6.663
Africa (UN),UN_AFR,1978,7.30375,6.647
Africa (UN),UN_AFR,1979,7.30375,6.62
Africa (UN),UN_AFR,1980,7.30375,6.589
Africa (UN),UN_AFR,1981,7.30375,6.548
Africa (UN),UN_AFR,1982,7.30375,6.509
Africa (UN),UN_AFR,1983,7.30375,6.46
Africa (UN),UN_AFR,1984,7.30375,6.394
Africa (UN),UN_AFR,1985,7.30375,6.322
Africa (UN),UN_AFR,1986,7.30375,6.244
Africa (UN),UN_AFR,1987,7.30375,6.169
Africa (UN),UN_AFR,1988,7.30375,6.092
Africa (UN),UN_AFR,1989,7.30375,6.004
Africa (UN),UN_AFR,1990,7.30375,5.909
Africa (UN),UN_AFR,1991,7.30375,5.827
Africa (UN),UN_AFR,1992,7.30375,5.747
Africa (UN),UN_AFR,1993,7.30375,5.663
Africa (UN),UN_AFR,1994,7.30375,5.589
Africa (UN),UN_AFR,1995,7.30375,5.508
Africa (UN),UN_AFR,1996,7.30375,5.429
Africa (UN),UN_AFR,1997,7.30375,5.353
Africa (UN),UN_AFR,1998,7.30375,5.296
Africa (UN),UN_AFR,1999,7.30375,5.248
Africa (UN),UN_AFR,2000,7.30375,5.203
Africa (UN),UN_AFR,2001,7.30375,5.16
Africa (UN),UN_AFR,2002,7.30375,5.115
Africa (UN),UN_AFR,2003,7.30375,5.082
Africa (UN),UN_AFR,2004,7.30375,5.059
Africa (UN),UN_AFR,2005,7.30375,5.04
Africa (UN),UN_AFR,2006,7.30375,5.013
Africa (UN),UN_AFR,2007,7.30375,4.985
Africa (UN),UN_AFR,2008,7.30375,4.968
Africa (UN),UN_AFR,2009,7.30375,4.927
Africa (UN),UN_AFR,2010,7.30375,4.891
Africa (UN),UN_AFR,2011,7.30375,4.842
Africa (UN),UN_AFR,2012,7.30375,4.796
Africa (UN),UN_AFR,2013,7.30375,4.74
Africa (UN),UN_AFR,2014,7.30375,4.686
Africa (UN),UN_AFR,2015,7.30375,4.625
Africa (UN),UN_AFR,2016,7.30375,4.545
Africa (UN),UN_AFR,2017,7.30375,4.482
Africa (UN),UN_AFR,2018,7.30375,4.391
Africa (UN),UN_AFR,2019,7.30375,4.312
Africa (UN),UN_AFR,2020,7.30375,4.242
Africa (UN),UN_AFR,2021,7.30375,4.179
Africa (UN),UN_AFR,2022,7.30375,4.125
Africa (UN),UN_AFR,2023,7.30375,4.072
Albania,ALB,1950,9.62,6.169
Albania,ALB,1951,9.62,6.198
Albania,ALB,1952,9.62,6.239
Albania,ALB,1953,9.62,6.341
Albania,ALB,1954,9.62,6.432
Albania,ALB,1955,9.62,6.541
Albania,ALB,1956,9.62,6.437
Albania,ALB,1957,9.62,6.334
Albania,ALB,1958,9.62,6.391
Albania,ALB,1959,9.62,6.397
Albania,ALB,1960,9.62,6.383
Albania,ALB,1961,9.62,6.273
Albania,ALB,1962,9.62,6.106
Albania,ALB,1963,9.62,5.927
Albania,ALB,1964,9.62,5.714
Albania,ALB,1965,9.62,5.474
Albania,ALB,1966,9.62,5.325
Albania,ALB,1967,9.62,5.31
Albania,ALB,1968,9.62,5.317
Albania,ALB,1969,9.62,5.287
Albania,ALB,1970,9.62,5.158
Albania,ALB,1971,9.62,5.083
Albania,ALB,1972,9.62,4.979
Albania,ALB,1973,9.62,4.829
Albania,ALB,1974,9.62,4.7
Albania,ALB,1975,9.62,4.566
Albania,ALB,1976,9.62,4.374
Albania,ALB,1977,9.62,4.204
Albania,ALB,1978,9.62,3.996
Albania,ALB,1979,8.84,3.782
Albania,ALB,1980,8.12,3.59
Albania,ALB,1981,7.49,3.468
Albania,ALB,1982,6.9,3.416
Albania,ALB,1983,6.37,3.319
Albania,ALB,1984,5.9,3.282
Albania,ALB,1985,5.48,3.214
Albania,ALB,1986,5.11,3.141
Albania,ALB,1987,4.79,3.106
Albania,ALB,1988,4.51,3.069
Albania,ALB,1989,4.28,3.03
Albania,ALB,1990,4.08,3.014
Albania,ALB,1991,3.9,2.956
Albania,ALB,1992,3.76,2.885
Albania,ALB,1993,3.62,2.811
Albania,ALB,1994,3.49,2.798
Albania,ALB,1995,3.36,2.762
Albania,ALB,1996,3.24,2.666
Albania,ALB,1997,3.11,2.535
Albania,ALB,1998,2.98,2.425
Albania,ALB,1999,2.84,2.313
Albania,ALB,2000,2.71,2.217
Albania,ALB,2001,2.57,2.141
Albania,ALB,2002,2.43,2.002
Albania,ALB,2003,2.29,2.006
Albania,ALB,2004,2.14,1.889
Albania,ALB,2005,2.0,1.787
Albania,ALB,2006,1.85,1.686
Albania,ALB,2007,1.71,1.633
Albania,ALB,2008,1.58,1.616
Albania,ALB,2009,1.45,1.638
Albania,ALB,2010,1.33,1.653
Albania,ALB,2011,1.22,1.677
Albania,ALB,2012,1.12,1.719
Albania,ALB,2013,1.05,1.741
Albania,ALB,2014,0.99,1.721
Albania,ALB,2015,0.96,1.631
Albania,ALB,2016,0.94,1.555
Albania,ALB,2017,0.93,1.486
Albania,ALB,2018,0.93,1.415
Albania,ALB,2019,0.94,1.395
Albania,ALB,2020,0.94,1.371
Albania,ALB,2021,0.95,1.365
Albania,ALB,2022,0.94,1.355
Albania,ALB,2023,0.94,1.348
Algeria,DZA,1950,24.2,7.324
Algeria,DZA,1951,24.2,7.307
Algeria,DZA,1952,24.2,7.289
Algeria,DZA,1953,24.2,7.291
Algeria,DZA,1954,24.2,7.311
Algeria,DZA,1955,24.15,7.336
Algeria,DZA,1956,24.07,7.358
Algeria,DZA,1957,24.02,7.386
Algeria,DZA,1958,23.99,7.438
Algeria,DZA,1959,23.95,7.454
Algeria,DZA,1960,23.96,7.503
Algeria,DZA,1961,23.99,7.564
Algeria,DZA,1962,24.09,7.607
Algeria,DZA,1963,24.2,7.649
Algeria,DZA,1964,24.32,7.672
Algeria,DZA,1965,24.47,7.711
Algeria,DZA,1966,24.58,7.71
Algeria,DZA,1967,24.62,7.712
Algeria,DZA,1968,24.57,7.711
Algeria,DZA,1969,24.41,7.709
Algeria,DZA,1970,24.11,7.704
Algeria,DZA,1971,23.67,7.671
Algeria,DZA,1972,23.1,7.634
Algeria,DZA,1973,22.44,7.592
Algeria,DZA,1974,21.68,7.545
Algeria,DZA,1975,20.85,7.485
Algeria,DZA,1976,19.95,7.405
Algeria,DZA,1977,19.02,7.312
Algeria,DZA,1978,18.02,7.211
Algeria,DZA,1979,16.89,7.119
Algeria,DZA,1980,15.56,6.994
Algeria,DZA,1981,14.03,6.845
Algeria,DZA,1982,12.31,6.675
Algeria,DZA,1983,10.52,6.496
Algeria,DZA,1984,8.91,6.283
Algeria,DZA,1985,7.61,6.035
Algeria,DZA,1986,6.63,5.645
Algeria,DZA,1987,5.96,5.298
Algeria,DZA,1988,5.55,5.023
Algeria,DZA,1989,5.3,4.761
Algeria,DZA,1990,5.17,4.509
Algeria,DZA,1991,5.09,4.366
Algeria,DZA,1992,5.04,4.274
Algeria,DZA,1993,4.98,4.076
Algeria,DZA,1994,4.9,3.914
Algeria,DZA,1995,4.81,3.487
Algeria,DZA,1996,4.7,3.139
Algeria,DZA,1997,4.58,2.886
Algeria,DZA,1998,4.45,2.691
Algeria,DZA,1999,4.31,2.62
Algeria,DZA,2000,4.16,2.59
Algeria,DZA,2001,4.01,2.519
Algeria,DZA,2002,3.85,2.429
Algeria,DZA,2003,3.7,2.451
Algeria,DZA,2004,3.54,2.5
Algeria,DZA,2005,3.4,2.562
Algeria,DZA,2006,3.26,2.628
Algeria,DZA,2007,3.13,2.704
Algeria,DZA,2008,3.01,2.785
Algeria,DZA,2009,2.9,2.825
Algeria,DZA,2010,2.81,2.875
Algeria,DZA,2011,2.73,2.899
Algeria,DZA,2012,2.66,2.996
Algeria,DZA,2013,2.6,2.997
Algeria,DZA,2014,2.54,3.084
Algeria,DZA,2015,2.49,3.091
Algeria,DZA,2016,2.45,3.091
Algeria,DZA,2017,2.4,3.09
Algeria,DZA,2018,2.37,3.019
Algeria,DZA,2019,2.33,2.997
Algeria,DZA,2020,2.29,2.94
Algeria,DZA,2021,2.26,2.87
Algeria,DZA,2022,2.23,2.817
Algeria,DZA,2023,2.2,2.766
American Samoa,ASM,1950,7.30375,6.219
American Samoa,ASM,1951,7.30375,6.166
American Samoa,ASM,1952,7.30375,6.112
American Samoa,ASM,1953,7.30375,6.087
American Samoa,ASM,1954,7.30375,6.094
American Samoa,ASM,1955,7.30375,6.143
American Samoa,ASM,1956,7.30375,6.197
American Samoa,ASM,1957,7.30375,6.301
American Samoa,ASM,1958,7.30375,6.425
American Samoa,ASM,1959,7.30375,6.537
American Samoa,ASM,1960,7.30375,6.578
American Samoa,ASM,1961,7.30375,6.575
American Samoa,ASM,1962,7.30375,6.603
American Samoa,ASM,1963,7.30375,6.687
American Samoa,ASM,1964,7.30375,6.78
American Samoa,ASM,1965,7.30375,6.73
American Samoa,ASM,1966,7.30375,6.618
American Samoa,ASM,1967,7.30375,6.461
American Samoa,ASM,1968,7.30375,6.281
American Samoa,ASM,1969,7.30375,6.122
American Samoa,ASM,1970,7.30375,5.953
American Samoa,ASM,1971,7.30375,5.765
American Samoa,ASM,1972,7.30375,5.519
American Samoa,ASM,1973,7.30375,5.297
American Samoa,ASM,1974,7.30375,5.139
American Samoa,ASM,1975,7.30375,5.013
American Samoa,ASM,1976,7.30375,4.932
American Samoa,ASM,1977,7.30375,4.953
American Samoa,ASM,1978,7.30375,4.873
American Samoa,ASM,1979,7.30375,4.756
American Samoa,ASM,1980,7.30375,4.627
American Samoa,ASM,1981,7.30375,4.498
American Samoa,ASM,1982,7.30375,4.37
American Samoa,ASM,1983,7.30375,4.267
American Samoa,ASM,1984,7.30375,4.25
American Samoa,ASM,1985,7.30375,4.255
American Samoa,ASM,1986,7.30375,4.276
American Samoa,ASM,1987,7.30375,4.298
American Samoa,ASM,1988,7.30375,4.314
American Samoa,ASM,1989,7.30375,4.41
American Samoa,ASM,1990,7.30375,4.472
American Samoa,ASM,1991,7.30375,4.528
American Samoa,ASM,1992,7.30375,4.557
American Samoa,ASM,1993,7.30375,4.605
American Samoa,ASM,1994,7.30375,4.384
American Samoa,ASM,1995,7.30375,4.121
American Samoa,ASM,1996,7.30375,3.944
American Samoa,ASM,1997,7.30375,3.887
American Samoa,ASM,1998,7.30375,3.878
American Samoa,ASM,1999,7.30375,3.891
American Samoa,ASM,2000,7.30375,3.89
American Samoa,ASM,2001,7.30375,3.87
American Samoa,ASM,2002,7.30375,3.866
American Samoa,ASM,2003,7.30375,3.91
American Samoa,ASM,2004,7.30375,3.945
American Samoa,ASM,2005,7.30375,3.863
American Samoa,ASM,2006,7.30375,3.685
American Samoa,ASM,2007,7.30375,3.509
American Samoa,ASM,2008,7.30375,3.42
American Samoa,ASM,2009,7.30375,3.359
American Samoa,ASM,2010,7.30375,3.292
American Samoa,ASM,2011,7.30375,3.169
American Samoa,ASM,2012,7.30375,3.043
American Samoa,ASM,2013,7.30375,2.932
American Samoa,ASM,2014,7.30375,2.852
American Samoa,ASM,2015,7.30375,2.78
American Samoa,ASM,2016,7.30375,2.699
American Samoa,ASM,2017,7.30375,2.598
American Samoa,ASM,2018,7.30375,2.494
American Samoa,ASM,2019,7.30375,2.404
American Samoa,ASM,2020,7.30375,2.36
American Samoa,ASM,2021,7.30375,2.327
American Samoa,ASM,2022,7.30375,2.305
American Samoa,ASM,2023,7.30375,2.286
Andorra,AND,1950,1.72,2.112
Andorra,AND,1951,1.72,2.195
Andorra,AND,1952,1.72,2.258
Andorra,AND,1953,1.72,2.315
Andorra,AND,1954,1.72,2.32
Andorra,AND,1955,1.72,2.271
Andorra,AND,1956,1.72,2.296
Andorra,AND,1957,1.72,2.374
Andorra,AND,1958,1.72,2.459
Andorra,AND,1959,1.72,2.552
Andorra,AND,1960,1.72,2.545
Andorra,AND,1961,1.72,2.543
Andorra,AND,1962,1.72,2.548
Andorra,AND,1963,1.72,2.602
Andorra,AND,1964,1.72,2.689
Andorra,AND,1965,1.72,2.715
Andorra,AND,1966,1.72,2.759
Andorra,AND,1967,1.72,2.78
Andorra,AND,1968,1.72,2.77
Andorra,AND,1969,1.72,2.769
Andorra,AND,1970,1.72,2.787
Andorra,AND,1971,1.72,2.832
Andorra,AND,1972,1.72,2.905
Andorra,AND,1973,1.72,2.826
Andorra,AND,1974,1.72,2.735
Andorra,AND,1975,1.72,2.458
Andorra,AND,1976,1.72,2.207
Andorra,AND,1977,1.72,2.029
Andorra,AND,1978,1.72,1.884
Andorra,AND,1979,1.72,1.795
Andorra,AND,1980,1.72,1.83
Andorra,AND,1981,1.72,1.797
Andorra,AND,1982,1.72,1.726
Andorra,AND,1983,1.72,1.574
Andorra,AND,1984,1.72,1.475
Andorra,AND,1985,1.72,1.434
Andorra,AND,1986,1.63,1.397
Andorra,AND,1987,1.54,1.367
Andorra,AND,1988,1.45,1.365
Andorra,AND,1989,1.37,1.395
Andorra,AND,1990,1.31,1.401
Andorra,AND,1991,1.23,1.397
Andorra,AND,1992,1.16,1.373
Andorra,AND,1993,1.1,1.334
Andorra,AND,1994,1.05,1.317
Andorra,AND,1995,0.99,1.319
Andorra,AND,1996,0.94,1.329
Andorra,AND,1997,0.89,1.354
Andorra,AND,1998,0.84,1.383
Andorra,AND,1999,0.8,1.421
Andorra,AND,2000,0.76,1.273
Andorra,AND,2001,0.72,1.305
Andorra,AND,2002,0.69,1.265
Andorra,AND,2003,0.66,1.18
Andorra,AND,2004,0.62,1.229
Andorra,AND,2005,0.6,1.224
Andorra,AND,2006,0.56,1.234
Andorra,AND,2007,0.54,1.189
Andorra,AND,2008,0.51,1.25
Andorra,AND,2009,0.48,1.208
Andorra,AND,2010,0.46,1.275
Andorra,AND,2011,0.44,1.321
Andorra,AND,2012,0.41,1.26
Andorra,AND,2013,0.39,1.142
Andorra,AND,2014,0.37,1.168
Andorra,AND,2015,0.35,1.223
Andorra,AND,2016,0.34,1.184
Andorra,AND,2017,0.32,1.129
Andorra,AND,2018,0.31,1.053
Andorra,AND,2019,0.3,1.045
Andorra,AND,2020,0.29,1.028
Andorra,AND,2021,0.28,1.058
Andorra,AND,2022,0.27,1.071
Andorra,AND,2023,0.26,1.082
Angola,AGO,1950,23.81,5.771
Angola,AGO,1951,23.81,5.831
Angola,AGO,1952,23.81,5.948
Angola,AGO,1953,23.81,6.06
Angola,AGO,1954,23.81,6.166
Angola,AGO,1955,23.81,6.267
Angola,AGO,1956,23.81,6.363
Angola,AGO,1957,23.81,6.455
Angola,AGO,1958,23.81,6.542
Angola,AGO,1959,23.81,6.626
Angola,AGO,1960,23.81,6.708
Angola,AGO,1961,23.81,6.79
Angola,AGO,1962,23.81,6.872
Angola,AGO,1963,23.81,6.954
Angola,AGO,1964,23.81,7.036
Angola,AGO,1965,23.81,7.116
Angola,AGO,1966,23.81,7.194
Angola,AGO,1967,23.81,7.267
Angola,AGO,1968,23.81,7.332
Angola,AGO,1969,23.81,7.388
Angola,AGO,1970,23.81,7.434
Angola,AGO,1971,23.81,7.467
Angola,AGO,1972,23.81,7.488
Angola,AGO,1973,23.81,7.498
Angola,AGO,1974,23.81,7.5
Angola,AGO,1975,23.81,7.494
Angola,AGO,1976,23.81,7.485
Angola,AGO,1977,23.81,7.475
Angola,AGO,1978,23.81,7.467
Angola,AGO,1979,23.81,7.461
Angola,AGO,1980,23.81,7.459
Angola,AGO,1981,23.53,7.459
Angola,AGO,1982,23.29,7.461
Angola,AGO,1983,23.0,7.462
Angola,AGO,1984,22.8,7.459
Angola,AGO,1985,22.63,7.451
Angola,AGO,1986,22.5,7.435
Angola,AGO,1987,22.4,7.409
Angola,AGO,1988,22.32,7.373
Angola,AGO,1989,22.28,7.328
Angola,AGO,1990,22.27,7.272
Angola,AGO,1991,22.25,7.208
Angola,AGO,1992,22.24,7.138
Angola,AGO,1993,22.2,7.065
Angola,AGO,1994,22.16,6.99
Angola,AGO,1995,22.07,6.918
Angola,AGO,1996,21.89,6.851
Angola,AGO,1997,21.62,6.789
Angola,AGO,1998,21.26,6.732
Angola,AGO,1999,20.82,6.683
Angola,AGO,2000,20.3,6.639
Angola,AGO,2001,19.69,6.601
Angola,AGO,2002,18.99,6.567
Angola,AGO,2003,18.22,6.533
Angola,AGO,2004,17.38,6.499
Angola,AGO,2005,16.5,6.461
Angola,AGO,2006,15.55,6.419
Angola,AGO,2007,14.6,6.372
Angola,AGO,2008,13.7,6.32
Angola,AGO,2009,12.82,6.26
Angola,AGO,2010,11.98,6.194
Angola,AGO,2011,11.21,6.12
Angola,AGO,2012,10.48,6.039
Angola,AGO,2013,9.83,5.953
Angola,AGO,2014,9.28,5.864
Angola,AGO,2015,8.82,5.774
Angola,AGO,2016,8.41,5.686
Angola,AGO,2017,8.05,5.6
Angola,AGO,2018,7.73,5.519
Angola,AGO,2019,7.44,5.442
Angola,AGO,2020,7.16,5.371
Angola,AGO,2021,6.9,5.304
Angola,AGO,2022,6.64,5.209
Angola,AGO,2023,6.4,5.124
Anguilla,AIA,1950,2.5,6.491
Anguilla,AIA,1951,2.5,6.643
Anguilla,AIA,1952,2.5,6.772
Anguilla,AIA,1953,2.5,6.886
Anguilla,AIA,1954,2.5,6.981
Anguilla,AIA,1955,2.5,7.05
Anguilla,AIA,1956,2.5,7.085
Anguilla,AIA,1957,2.5,7.088
Anguilla,AIA,1958,2.5,7.046
Anguilla,AIA,1959,2.5,6.985
Anguilla,AIA,1960,2.5,6.925
Anguilla,AIA,1961,2.5,6.872
Anguilla,AIA,1962,2.5,6.82
Anguilla,AIA,1963,2.5,6.744
Anguilla,AIA,1964,2.5,6.641
Anguilla,AIA,1965,2.5,6.509
Anguilla,AIA,1966,2.5,6.346
Anguilla,AIA,1967,2.5,6.152
Anguilla,AIA,1968,2.5,5.884
Anguilla,AIA,1969,2.5,5.58
Anguilla,AIA,1970,2.5,5.299
Anguilla,AIA,1971,2.5,5.052
Anguilla,AIA,1972,2.5,4.829
Anguilla,AIA,1973,2.5,4.601
Anguilla,AIA,1974,2.5,4.393
Anguilla,AIA,1975,2.5,4.197
Anguilla,AIA,1976,2.5,3.977
Anguilla,AIA,1977,2.5,3.749
Anguilla,AIA,1978,2.5,3.545
Anguilla,AIA,1979,2.5,3.371
Anguilla,AIA,1980,2.5,3.238
Anguilla,AIA,1981,2.5,3.147
Anguilla,AIA,1982,2.5,3.084
Anguilla,AIA,1983,2.5,3.017
Anguilla,AIA,1984,2.5,2.925
Anguilla,AIA,1985,2.5,2.733
Anguilla,AIA,1986,2.37,2.511
Anguilla,AIA,1987,2.24,2.308
Anguilla,AIA,1988,2.12,2.205
Anguilla,AIA,1989,2.01,2.403
Anguilla,AIA,1990,1.9,2.185
Anguilla,AIA,1991,1.81,2.137
Anguilla,AIA,1992,1.72,2.025
Anguilla,AIA,1993,1.63,1.996
Anguilla,AIA,1994,1.55,1.932
Anguilla,AIA,1995,1.48,1.943
Anguilla,AIA,1996,1.41,1.881
Anguilla,AIA,1997,1.35,1.873
Anguilla,AIA,1998,1.29,1.898
Anguilla,AIA,1999,1.24,1.906
Anguilla,AIA,2000,1.19,1.877
Anguilla,AIA,2001,1.15,2.0
Anguilla,AIA,2002,1.1,1.74
Anguilla,AIA,2003,1.06,1.637
Anguilla,AIA,2004,1.03,1.605
Anguilla,AIA,2005,1.0,1.528
Anguilla,AIA,2006,0.97,1.473
Anguilla,AIA,2007,0.94,1.51
Anguilla,AIA,2008,0.91,1.562
Anguilla,AIA,2009,0.88,1.607
Anguilla,AIA,2010,0.86,1.627
Anguilla,AIA,2011,0.83,1.632
Anguilla,AIA,2012,0.81,1.611
Anguilla,AIA,2013,0.79,1.553
Anguilla,AIA,2014,0.76,1.469
Anguilla,AIA,2015,0.74,1.39
Anguilla,AIA,2016,0.72,1.374
Anguilla,AIA,2017,0.7,1.374
Anguilla,AIA,2018,0.67,1.374
Anguilla,AIA,2019,0.66,1.377
Anguilla,AIA,2020,0.64,1.382
Anguilla,AIA,2021,0.61,1.378
Anguilla,AIA,2022,0.59,1.374
Anguilla,AIA,2023,0.58,1.364
Antigua and Barbuda,ATG,1949,12.26,5.124
Antigua and Barbuda,ATG,1950,11.91,5.124
Antigua and Barbuda,ATG,1951,11.55,5.063
Antigua and Barbuda,ATG,1952,11.19,5.011
Antigua and Barbuda,ATG,1953,10.84,4.955
Antigua and Barbuda,ATG,1954,10.49,4.917
Antigua and Barbuda,ATG,1955,10.16,4.866
Antigua and Barbuda,ATG,1956,9.82,4.819
Antigua and Barbuda,ATG,1957,9.48,4.769
Antigua and Barbuda,ATG,1958,9.12,4.719
Antigua and Barbuda,ATG,1959,8.72,4.66
Antigua and Barbuda,ATG,1960,8.25,4.602
Antigua and Barbuda,ATG,1961,7.74,4.559
Antigua and Barbuda,ATG,1962,7.18,4.547
Antigua and Barbuda,ATG,1963,6.59,4.536
Antigua and Barbuda,ATG,1964,6.0,4.484
Antigua and Barbuda,ATG,1965,5.41,4.416
Antigua and Barbuda,ATG,1966,4.86,4.322
Antigua and Barbuda,ATG,1967,4.36,4.178
Antigua and Barbuda,ATG,1968,3.92,4.014
Antigua and Barbuda,ATG,1969,3.54,3.829
Antigua and Barbuda,ATG,1970,3.23,3.628
Antigua and Barbuda,ATG,1971,2.96,3.455
Antigua and Barbuda,ATG,1972,2.74,3.287
Antigua and Barbuda,ATG,1973,2.56,3.126
Antigua and Barbuda,ATG,1974,2.4,2.932
Antigua and Barbuda,ATG,1975,2.25,2.77
Antigua and Barbuda,ATG,1976,2.11,2.78
Antigua and Barbuda,ATG,1977,1.97,2.784
Antigua and Barbuda,ATG,1978,1.84,2.573
Antigua and Barbuda,ATG,1979,1.71,2.632
Antigua and Barbuda,ATG,1980,1.6,2.311
Antigua and Barbuda,ATG,1981,1.5,2.166
Antigua and Barbuda,ATG,1982,1.42,2.087
Antigua and Barbuda,ATG,1983,1.36,2.116
Antigua and Barbuda,ATG,1984,1.31,2.038
Antigua and Barbuda,ATG,1985,1.29,2.151
Antigua and Barbuda,ATG,1986,1.28,2.032
Antigua and Barbuda,ATG,1987,1.28,2.067
Antigua and Barbuda,ATG,1988,1.3,2.132
Antigua and Barbuda,ATG,1989,1.32,2.199
Antigua and Barbuda,ATG,1990,1.35,2.249
Antigua and Barbuda,ATG,1991,1.39,2.036
Antigua and Barbuda,ATG,1992,1.43,2.126
Antigua and Barbuda,ATG,1993,1.47,2.036
Antigua and Barbuda,ATG,1994,1.51,2.069
Antigua and Barbuda,ATG,1995,1.54,2.159
Antigua and Barbuda,ATG,1996,1.55,2.266
Antigua and Barbuda,ATG,1997,1.55,2.19
Antigua and Barbuda,ATG,1998,1.54,2.017
Antigua and Barbuda,ATG,1999,1.52,1.956
Antigua and Barbuda,ATG,2000,1.49,2.196
Antigua and Barbuda,ATG,2001,1.46,2.018
Antigua and Barbuda,ATG,2002,1.43,1.94
Antigua and Barbuda,ATG,2003,1.4,1.887
Antigua and Barbuda,ATG,2004,1.36,1.852
Antigua and Barbuda,ATG,2005,1.33,1.832
Antigua and Barbuda,ATG,2006,1.3,1.831
Antigua and Barbuda,ATG,2007,1.27,1.86
Antigua and Barbuda,ATG,2008,1.24,2.042
Antigua and Barbuda,ATG,2009,1.22,2.006
Antigua and Barbuda,ATG,2010,1.19,1.785
Antigua and Barbuda,ATG,2011,1.17,1.746
Antigua and Barbuda,ATG,2012,1.15,1.655
Antigua and Barbuda,ATG,2013,1.13,1.537
Antigua and Barbuda,ATG,2014,1.12,1.526
Antigua and Barbuda,ATG,2015,1.1,1.567
Antigua and Barbuda,ATG,2016,1.08,1.458
Antigua and Barbuda,ATG,2017,1.06,1.485
Antigua and Barbuda,ATG,2018,1.05,1.371
Antigua and Barbuda,ATG,2019,1.03,1.468
Antigua and Barbuda,ATG,2020,1.01,1.569
Antigua and Barbuda,ATG,2021,0.98,1.58
Antigua and Barbuda,ATG,2022,0.96,1.58
Antigua and Barbuda,ATG,2023,0.93,1.578
Argentina,ARG,1911,23.88,3.164
Argentina,ARG,1912,22.96,3.164
Argentina,ARG,1913,20.53,3.164
Argentina,ARG,1914,19.6,3.164
Argentina,ARG,1915,19.41,3.164
Argentina,ARG,1916,19.41,3.164
Argentina,ARG,1917,20.16,3.164
Argentina,ARG,1918,22.03,3.164
Argentina,ARG,1919,21.28,3.164
Argentina,ARG,1920,19.97,3.164
Argentina,ARG,1921,17.91,3.164
Argentina,ARG,1922,17.16,3.164
Argentina,ARG,1923,17.16,3.164
Argentina,ARG,1924,17.91,3.164
Argentina,ARG,1925,18.84,3.164
Argentina,ARG,1926,18.47,3.164
Argentina,ARG,1927,19.78,3.164
Argentina,ARG,1928,17.34,3.164
Argentina,ARG,1929,16.22,3.164
Argentina,ARG,1930,14.93,3.164
Argentina,ARG,1931,14.93,3.164
Argentina,ARG,1932,14.02,3.164
Argentina,ARG,1933,12.59,3.164
Argentina,ARG,1934,14.38,3.164
Argentina,ARG,1935,16.04,3.164
Argentina,ARG,1936,14.38,3.164
Argentina,ARG,1937,14.02,3.164
Argentina,ARG,1938,15.48,3.164
Argentina,ARG,1939,13.12,3.164
Argentina,ARG,1940,13.12,3.164
Argentina,ARG,1941,12.24,3.164
Argentina,ARG,1942,12.41,3.164
Argentina,ARG,1943,11.37,3.164
Argentina,ARG,1944,11.54,3.164
Argentina,ARG,1945,11.72,3.164
Argentina,ARG,1946,10.35,3.164
Argentina,ARG,1947,11.03,3.164
Argentina,ARG,1948,9.52,3.164
Argentina,ARG,1949,9.2,3.164
Argentina,ARG,1950,9.36,3.164
Argentina,ARG,1951,9.2,3.161
Argentina,ARG,1952,8.88,3.157
Argentina,ARG,1953,8.57,3.152
Argentina,ARG,1954,8.12,3.141
Argentina,ARG,1955,8.42,3.139
Argentina,ARG,1956,7.66,3.147
Argentina,ARG,1957,9.36,3.137
Argentina,ARG,1958,8.27,3.1
Argentina,ARG,1959,7.85,3.141
Argentina,ARG,1960,7.43,3.136
Argentina,ARG,1961,7.01,3.12
Argentina,ARG,1962,6.59,3.126
Argentina,ARG,1963,6.17,3.109
Argentina,ARG,1964,5.75,3.075
Argentina,ARG,1965,5.75,3.005
Argentina,ARG,1966,5.87,2.966
Argentina,ARG,1967,5.86,2.982
Argentina,ARG,1968,5.84,3.011
Argentina,ARG,1969,7.25,3.049
Argentina,ARG,1970,7.17,3.085
Argentina,ARG,1971,7.08,3.108
Argentina,ARG,1972,6.97,3.135
Argentina,ARG,1973,6.82,3.17
Argentina,ARG,1974,6.61,3.216
Argentina,ARG,1975,6.33,3.271
Argentina,ARG,1976,5.98,3.317
Argentina,ARG,1977,5.56,3.359
Argentina,ARG,1978,5.12,3.359
Argentina,ARG,1979,4.68,3.339
Argentina,ARG,1980,4.28,3.301
Argentina,ARG,1981,3.94,3.253
Argentina,ARG,1982,3.65,3.204
Argentina,ARG,1983,3.41,3.148
Argentina,ARG,1984,3.21,3.116
Argentina,ARG,1985,3.06,3.066
Argentina,ARG,1986,2.96,3.054
Argentina,ARG,1987,2.91,3.037
Argentina,ARG,1988,2.9,3.046
Argentina,ARG,1989,2.89,3.022
Argentina,ARG,1990,2.88,3.034
Argentina,ARG,1991,2.84,3.012
Argentina,ARG,1992,2.76,2.987
Argentina,ARG,1993,2.66,2.966
Argentina,ARG,1994,2.54,2.935
Argentina,ARG,1995,2.42,2.864
Argentina,ARG,1996,2.31,2.781
Argentina,ARG,1997,2.19,2.706
Argentina,ARG,1998,2.09,2.662
Argentina,ARG,1999,2.01,2.643
Argentina,ARG,2000,1.94,2.591
Argentina,ARG,2001,1.88,2.531
Argentina,ARG,2002,1.83,2.493
Argentina,ARG,2003,1.78,2.451
Argentina,ARG,2004,1.73,2.43
Argentina,ARG,2005,1.67,2.426
Argentina,ARG,2006,1.62,2.4
Argentina,ARG,2007,1.58,2.37
Argentina,ARG,2008,1.54,2.432
Argentina,ARG,2009,1.49,2.4
Argentina,ARG,2010,1.44,2.411
Argentina,ARG,2011,1.39,2.393
Argentina,ARG,2012,1.33,2.304
Argentina,ARG,2013,1.27,2.335
Argentina,ARG,2014,1.22,2.386
Argentina,ARG,2015,1.17,2.35
Argentina,ARG,2016,1.14,2.241
Argentina,ARG,2017,1.1,2.168
Argentina,ARG,2018,1.07,2.067
Argentina,ARG,2019,1.05,1.882
Argentina,ARG,2020,1.03,1.601
Argentina,ARG,2021,1.0,1.585
Argentina,ARG,2022,0.98,1.482
Argentina,ARG,2023,0.96,1.5
Armenia,ARM,1950,8.67,4.904
Armenia,ARM,1951,8.67,4.852
Armenia,ARM,1952,8.67,4.808
Armenia,ARM,1953,8.67,4.792
Armenia,ARM,1954,8.67,4.796
Armenia,ARM,1955,8.67,4.798
Armenia,ARM,1956,8.67,4.89
Armenia,ARM,1957,8.67,4.918
Armenia,ARM,1958,8.67,4.91
Armenia,ARM,1959,8.67,4.867
Armenia,ARM,1960,8.67,4.786
Armenia,ARM,1961,8.67,4.67
Armenia,ARM,1962,8.67,4.521
Armenia,ARM,1963,8.67,4.345
Armenia,ARM,1964,8.67,4.15
Armenia,ARM,1965,8.67,3.988
Armenia,ARM,1966,8.67,3.829
Armenia,ARM,1967,8.67,3.731
Armenia,ARM,1968,8.67,3.622
Armenia,ARM,1969,8.67,3.488
Armenia,ARM,1970,8.67,3.328
Armenia,ARM,1971,8.67,3.286
Armenia,ARM,1972,8.67,3.198
Armenia,ARM,1973,8.67,3.081
Armenia,ARM,1974,8.67,2.984
Armenia,ARM,1975,8.67,2.921
Armenia,ARM,1976,8.67,2.844
Armenia,ARM,1977,8.32,2.739
Armenia,ARM,1978,7.98,2.617
Armenia,ARM,1979,7.67,2.53
Armenia,ARM,1980,7.36,2.48
Armenia,ARM,1981,7.06,2.48
Armenia,ARM,1982,6.78,2.503
Armenia,ARM,1983,6.52,2.558
Armenia,ARM,1984,6.26,2.603
Armenia,ARM,1985,6.01,2.644
Armenia,ARM,1986,5.78,2.662
Armenia,ARM,1987,5.55,2.664
Armenia,ARM,1988,9.93,2.675
Armenia,ARM,1989,5.11,2.705
Armenia,ARM,1990,4.9,2.708
Armenia,ARM,1991,4.69,2.643
Armenia,ARM,1992,4.49,2.499
Armenia,ARM,1993,4.29,2.286
Armenia,ARM,1994,4.09,2.084
Armenia,ARM,1995,3.9,2.067
Armenia,ARM,1996,3.72,2.06
Armenia,ARM,1997,3.55,1.9
Armenia,ARM,1998,3.39,1.81
Armenia,ARM,1999,3.23,1.534
Armenia,ARM,2000,3.08,1.47
Armenia,ARM,2001,2.93,1.402
Armenia,ARM,2002,2.79,1.405
Armenia,ARM,2003,2.65,1.473
Armenia,ARM,2004,2.52,1.491
Armenia,ARM,2005,2.4,1.492
Armenia,ARM,2006,2.28,1.494
Armenia,ARM,2007,2.17,1.519
Armenia,ARM,2008,2.06,1.541
Armenia,ARM,2009,1.97,1.574
Armenia,ARM,2010,1.87,1.588
Armenia,ARM,2011,1.78,1.615
Armenia,ARM,2012,1.7,1.647
Armenia,ARM,2013,1.62,1.669
Armenia,ARM,2014,1.54,1.663
Armenia,ARM,2015,1.46,1.621
Armenia,ARM,2016,1.4,1.625
Armenia,ARM,2017,1.33,1.561
Armenia,ARM,2018,1.27,1.567
Armenia,ARM,2019,1.21,1.601
Armenia,ARM,2020,1.16,1.619
Armenia,ARM,2021,1.1,1.71
Armenia,ARM,2022,1.05,1.719
Armenia,ARM,2023,1.0,1.714
Aruba,ABW,1950,7.30375,5.827
Aruba,ABW,1951,7.30375,5.761
Aruba,ABW,1952,7.30375,5.678
Aruba,ABW,1953,7.30375,5.559
Aruba,ABW,1954,7.30375,5.421
Aruba,ABW,1955,7.30375,5.274
Aruba,ABW,1956,7.30375,5.108
Aruba,ABW,1957,7.30375,4.926
Aruba,ABW,1958,7.30375,4.759
Aruba,ABW,1959,7.30375,4.649
Aruba,ABW,1960,7.30375,4.567
Aruba,ABW,1961,7.30375,4.422
Aruba,ABW,1962,7.30375,4.262
Aruba,ABW,1963,7.30375,4.107
Aruba,ABW,1964,7.30375,3.94
Aruba,ABW,1965,7.30375,3.797
Aruba,ABW,1966,7.30375,3.621
Aruba,ABW,1967,7.30375,3.452
Aruba,ABW,1968,7.30375,3.277
Aruba,ABW,1969,7.30375,3.111
Aruba,ABW,1970,7.30375,2.973
Aruba,ABW,1971,7.30375,2.862
Aruba,ABW,1972,7.30375,2.755
Aruba,ABW,1973,7.30375,2.655
Aruba,ABW,1974,7.30375,2.573
Aruba,ABW,1975,7.30375,2.499
Aruba,ABW,1976,7.30375,2.432
Aruba,ABW,1977,7.30375,2.372
Aruba,ABW,1978,7.30375,2.312
Aruba,ABW,1979,7.30375,2.257
Aruba,ABW,1980,7.30375,2.203
Aruba,ABW,1981,7.30375,2.161
Aruba,ABW,1982,7.30375,2.142
Aruba,ABW,1983,7.30375,2.148
Aruba,ABW,1984,7.30375,2.17
Aruba,ABW,1985,7.30375,2.188
Aruba,ABW,1986,7.30375,2.212
Aruba,ABW,1987,7.30375,2.243
Aruba,ABW,1988,7.30375,2.273
Aruba,ABW,1989,7.30375,2.306
Aruba,ABW,1990,7.30375,2.345
Aruba,ABW,1991,7.30375,2.362
Aruba,ABW,1992,7.30375,2.353
Aruba,ABW,1993,7.30375,2.331
Aruba,ABW,1994,7.30375,2.298
Aruba,ABW,1995,7.30375,2.288
Aruba,ABW,1996,7.30375,2.233
Aruba,ABW,1997,7.30375,2.138
Aruba,ABW,1998,7.30375,2.001
Aruba,ABW,1999,7.30375,1.897
Aruba,ABW,2000,7.30375,1.845
Aruba,ABW,2001,7.30375,1.813
Aruba,ABW,2002,7.30375,1.8
Aruba,ABW,2003,7.30375,1.808
Aruba,ABW,2004,7.30375,1.819
Aruba,ABW,2005,7.30375,1.844
Aruba,ABW,2006,7.30375,1.862
Aruba,ABW,2007,7.30375,1.881
Aruba,ABW,2008,7.30375,1.889
Aruba,ABW,2009,7.30375,1.875
Aruba,ABW,2010,7.30375,1.855
Aruba,ABW,2011,7.30375,1.858
Aruba,ABW,2012,7.30375,1.907
Aruba,ABW,2013,7.30375,1.944
Aruba,ABW,2014,7.30375,1.944
Aruba,ABW,2015,7.30375,1.899
Aruba,ABW,2016,7.30375,1.848
Aruba,ABW,2017,7.30375,1.785
Aruba,ABW,2018,7.30375,1.732
Aruba,ABW,2019,7.30375,1.701
Aruba,ABW,2020,7.30375,1.662
Aruba,ABW,2021,7.30375,1.631
Aruba,ABW,2022,7.30375,1.615
Aruba,ABW,2023,7.30375,1.602
Asia,OWID_ASI,1950,15.06,5.6617503
Asia,OWID_ASI,1951,15.06,5.5760074
Asia,OWID_ASI,1952,15.06,5.8932714
Asia,OWID_ASI,1953,15.06,5.725986
Asia,OWID_ASI,1954,15.06,5.834537
Asia,OWID_ASI,1955,15.06,5.8238525
Asia,OWID_ASI,1956,15.06,5.6634316
Asia,OWID_ASI,1957,15.06,5.885396
Asia,OWID_ASI,1958,15.06,5.617022
Asia,OWID_ASI,1959,15.06,5.2466593
Asia,OWID_ASI,1960,15.06,5.1585083
Asia,OWID_ASI,1961,15.06,4.9240127
Asia,OWID_ASI,1962,15.06,5.758013
Asia,OWID_ASI,1963,15.06,6.277149
Asia,OWID_ASI,1964,15.06,5.958281
Asia,OWID_ASI,1965,15.06,5.91224
Asia,OWID_ASI,1966,15.06,5.736832
Asia,OWID_ASI,1967,15.06,5.5510387
Asia,OWID_ASI,1968,15.06,5.771389
Asia,OWID_ASI,1969,15.06,5.6145573
Asia,OWID_ASI,1970,14.8,5.5518165
Asia,OWID_ASI,1971,14.73,5.319908
Asia,OWID_ASI,1972,13.89,5.1309376
Asia,OWID_ASI,1973,13.45,4.946697
Asia,OWID_ASI,1974,13.04,4.6892123
Asia,OWID_ASI,1975,12.66,4.4086204
Asia,OWID_ASI,1976,12.24,4.250094
Asia,OWID_ASI,1977,11.8,4.0434117
Asia,OWID_ASI,1978,11.38,3.9377944
Asia,OWID_ASI,1979,10.94,3.908564
Asia,OWID_ASI,1980,10.57,3.8762853
Asia,OWID_ASI,1981,10.22,3.8529642
Asia,OWID_ASI,1982,9.94,3.869351
Asia,OWID_ASI,1983,9.65,3.6491385
Asia,OWID_ASI,1984,9.42,3.6120076
Asia,OWID_ASI,1985,9.2,3.5609825
Asia,OWID_ASI,1986,8.97,3.5519578
Asia,OWID_ASI,1987,8.76,3.5261874
Asia,OWID_ASI,1988,8.56,3.404152
Asia,OWID_ASI,1989,8.35,3.3526423
Asia,OWID_ASI,1990,8.15,3.3049686
Asia,OWID_ASI,1991,7.94,3.0349512
Asia,OWID_ASI,1992,7.73,2.921207
Asia,OWID_ASI,1993,7.51,2.8508377
Asia,OWID_ASI,1994,7.29,2.7945561
Asia,OWID_ASI,1995,7.1,2.7372751
Asia,OWID_ASI,1996,6.86,2.6781924
Asia,OWID_ASI,1997,6.62,2.629852
Asia,OWID_ASI,1998,6.37,2.5896356
Asia,OWID_ASI,1999,6.11,2.5603256
Asia,OWID_ASI,2000,5.85,2.5695436
Asia,OWID_ASI,2001,5.59,2.5166
Asia,OWID_ASI,2002,5.33,2.4722686
Asia,OWID_ASI,2003,5.04,2.4347458
Asia,OWID_ASI,2004,4.85,2.4168901
Asia,OWID_ASI,2005,4.58,2.3883328
Asia,OWID_ASI,2006,4.36,2.3734071
Asia,OWID_ASI,2007,4.16,2.3606493
Asia,OWID_ASI,2008,4.0,2.3571732
Asia,OWID_ASI,2009,3.78,2.3524115
Asia,OWID_ASI,2010,3.6,2.322248
Asia,OWID_ASI,2011,3.43,2.304195
Asia,OWID_ASI,2012,3.27,2.334693
Asia,OWID_ASI,2013,3.11,2.285924
Asia,OWID_ASI,2014,2.96,2.2697752
Asia,OWID_ASI,2015,2.82,2.2315912
Asia,OWID_ASI,2016,2.68,2.2434218
Asia,OWID_ASI,2017,2.56,2.2088583
Asia,OWID_ASI,2018,2.44,2.119695
Asia,OWID_ASI,2019,2.33,2.0758889
Asia,OWID_ASI,2020,2.23,1.9732972
Asia,OWID_ASI,2021,2.15,1.9256951
Asia,OWID_ASI,2022,2.07,1.8948497
Asia,OWID_ASI,2023,2.0,1.8792871
Asia (UN),UN_ASI,1950,7.30375,5.694
Asia (UN),UN_ASI,1951,7.30375,5.609
Asia (UN),UN_ASI,1952,7.30375,5.926
Asia (UN),UN_ASI,1953,7.30375,5.757
Asia (UN),UN_ASI,1954,7.30375,5.863
Asia (UN),UN_ASI,1955,7.30375,5.85
Asia (UN),UN_ASI,1956,7.30375,5.691
Asia (UN),UN_ASI,1957,7.30375,5.913
Asia (UN),UN_ASI,1958,7.30375,5.646
Asia (UN),UN_ASI,1959,7.30375,5.274
Asia (UN),UN_ASI,1960,7.30375,5.183
Asia (UN),UN_ASI,1961,7.30375,4.951
Asia (UN),UN_ASI,1962,7.30375,5.789
Asia (UN),UN_ASI,1963,7.30375,6.313
Asia (UN),UN_ASI,1964,7.30375,5.994
Asia (UN),UN_ASI,1965,7.30375,5.948
Asia (UN),UN_ASI,1966,7.30375,5.774
Asia (UN),UN_ASI,1967,7.30375,5.595
Asia (UN),UN_ASI,1968,7.30375,5.815
Asia (UN),UN_ASI,1969,7.30375,5.654
Asia (UN),UN_ASI,1970,7.30375,5.591
Asia (UN),UN_ASI,1971,7.30375,5.352
Asia (UN),UN_ASI,1972,7.30375,5.164
Asia (UN),UN_ASI,1973,7.30375,4.978
Asia (UN),UN_ASI,1974,7.30375,4.716
Asia (UN),UN_ASI,1975,7.30375,4.43
Asia (UN),UN_ASI,1976,7.30375,4.263
Asia (UN),UN_ASI,1977,7.30375,4.058
Asia (UN),UN_ASI,1978,7.30375,3.966
Asia (UN),UN_ASI,1979,7.30375,3.945
Asia (UN),UN_ASI,1980,7.30375,3.908
Asia (UN),UN_ASI,1981,7.30375,3.871
Asia (UN),UN_ASI,1982,7.30375,3.88
Asia (UN),UN_ASI,1983,7.30375,3.671
Asia (UN),UN_ASI,1984,7.30375,3.642
Asia (UN),UN_ASI,1985,7.30375,3.591
Asia (UN),UN_ASI,1986,7.30375,3.58
Asia (UN),UN_ASI,1987,7.30375,3.543
Asia (UN),UN_ASI,1988,7.30375,3.412
Asia (UN),UN_ASI,1989,7.30375,3.36
Asia (UN),UN_ASI,1990,7.30375,3.314
Asia (UN),UN_ASI,1991,7.30375,3.048
Asia (UN),UN_ASI,1992,7.30375,2.936
Asia (UN),UN_ASI,1993,7.30375,2.86
Asia (UN),UN_ASI,1994,7.30375,2.802
Asia (UN),UN_ASI,1995,7.30375,2.748
Asia (UN),UN_ASI,1996,7.30375,2.693
Asia (UN),UN_ASI,1997,7.30375,2.649
Asia (UN),UN_ASI,1998,7.30375,2.607
Asia (UN),UN_ASI,1999,7.30375,2.575
Asia (UN),UN_ASI,2000,7.30375,2.584
Asia (UN),UN_ASI,2001,7.30375,2.532
Asia (UN),UN_ASI,2002,7.30375,2.49
Asia (UN),UN_ASI,2003,7.30375,2.451
Asia (UN),UN_ASI,2004,7.30375,2.428
Asia (UN),UN_ASI,2005,7.30375,2.397
Asia (UN),UN_ASI,2006,7.30375,2.381
Asia (UN),UN_ASI,2007,7.30375,2.367
Asia (UN),UN_ASI,2008,7.30375,2.361
Asia (UN),UN_ASI,2009,7.30375,2.353
Asia (UN),UN_ASI,2010,7.30375,2.323
Asia (UN),UN_ASI,2011,7.30375,2.303
Asia (UN),UN_ASI,2012,7.30375,2.331
Asia (UN),UN_ASI,2013,7.30375,2.281
Asia (UN),UN_ASI,2014,7.30375,2.265
Asia (UN),UN_ASI,2015,7.30375,2.227
Asia (UN),UN_ASI,2016,7.30375,2.241
Asia (UN),UN_ASI,2017,7.30375,2.206
Asia (UN),UN_ASI,2018,7.30375,2.118
Asia (UN),UN_ASI,2019,7.30375,2.075
Asia (UN),UN_ASI,2020,7.30375,1.973
Asia (UN),UN_ASI,2021,7.30375,1.927
Asia (UN),UN_ASI,2022,7.30375,1.896
Asia (UN),UN_ASI,2023,7.30375,1.881
Australia,AUS,1870,16.97,3.063
Australia,AUS,1871,15.66,3.063
Australia,AUS,1872,18.28,3.063
Australia,AUS,1873,17.53,3.063
Australia,AUS,1874,19.6,3.063
Australia,AUS,1875,22.22,3.063
Australia,AUS,1876,18.47,3.063
Australia,AUS,1877,19.97,3.063
Australia,AUS,1878,20.72,3.063
Australia,AUS,1879,17.72,3.063
Australia,AUS,1880,18.09,3.063
Australia,AUS,1881,17.91,3.063
Australia,AUS,1882,21.47,3.063
Australia,AUS,1883,18.84,3.063
Australia,AUS,1884,19.6,3.063
Australia,AUS,1885,20.16,3.063
Australia,AUS,1886,19.78,3.063
Australia,AUS,1887,17.91,3.063
Australia,AUS,1888,17.91,3.063
Australia,AUS,1889,20.91,3.063
Australia,AUS,1890,16.22,3.063
Australia,AUS,1891,17.72,3.063
Australia,AUS,1892,16.04,3.063
Australia,AUS,1893,17.91,3.063
Australia,AUS,1894,15.66,3.063
Australia,AUS,1895,15.11,3.063
Australia,AUS,1896,17.53,3.063
Australia,AUS,1897,15.85,3.063
Australia,AUS,1898,20.16,3.063
Australia,AUS,1899,17.91,3.063
Australia,AUS,1900,14.93,3.063
Australia,AUS,1901,15.66,3.063
Australia,AUS,1902,16.22,3.063
Australia,AUS,1903,16.97,3.063
Australia,AUS,1904,11.72,3.063
Australia,AUS,1905,11.72,3.063
Australia,AUS,1906,11.89,3.063
Australia,AUS,1907,11.54,3.063
Australia,AUS,1908,11.03,3.063
Australia,AUS,1909,10.02,3.063
Australia,AUS,1910,10.52,3.063
Australia,AUS,1911,9.36,3.063
Australia,AUS,1912,10.02,3.063
Australia,AUS,1913,10.02,3.063
Australia,AUS,1914,9.85,3.063
Australia,AUS,1915,9.36,3.063
Australia,AUS,1916,9.69,3.063
Australia,AUS,1917,7.5,3.063
Australia,AUS,1918,7.97,3.063
Australia,AUS,1919,9.52,3.063
Australia,AUS,1920,9.52,3.063
Australia,AUS,1921,8.91,3.063
Australia,AUS,1922,7.1,3.063
Australia,AUS,1923,7.95,3.063
Australia,AUS,1924,7.61,3.063
Australia,AUS,1925,6.98,3.063
Australia,AUS,1926,7.02,3.063
Australia,AUS,1927,7.23,3.063
Australia,AUS,1928,7.16,3.063
Australia,AUS,1929,6.81,3.063
Australia,AUS,1930,6.38,3.063
Australia,AUS,1931,5.43,3.063
Australia,AUS,1932,5.36,3.063
Australia,AUS,1933,5.33,3.063
Australia,AUS,1934,5.8,3.063
Australia,AUS,1935,5.36,3.063
Australia,AUS,1936,5.58,3.063
Australia,AUS,1937,5.07,3.063
Australia,AUS,1938,5.05,3.063
Australia,AUS,1939,5.05,3.063
Australia,AUS,1940,5.02,3.063
Australia,AUS,1941,5.25,3.063
Australia,AUS,1942,5.15,3.063
Australia,AUS,1943,5.03,3.063
Australia,AUS,1944,4.14,3.063
Australia,AUS,1945,3.79,3.063
Australia,AUS,1946,3.85,3.063
Australia,AUS,1947,3.58,3.063
Australia,AUS,1948,3.39,3.063
Australia,AUS,1949,3.22,3.063
Australia,AUS,1950,3.16,3.063
Australia,AUS,1951,3.1,3.063
Australia,AUS,1952,3.03,3.18
Australia,AUS,1953,2.95,3.192
Australia,AUS,1954,2.87,3.192
Australia,AUS,1955,2.8,3.273
Australia,AUS,1956,2.73,3.331
Australia,AUS,1957,2.66,3.421
Australia,AUS,1958,2.6,3.423
Australia,AUS,1959,2.54,3.441
Australia,AUS,1960,2.49,3.453
Australia,AUS,1961,2.43,3.542
Australia,AUS,1962,2.37,3.425
Australia,AUS,1963,2.32,3.334
Australia,AUS,1964,2.27,3.146
Australia,AUS,1965,2.24,2.979
Australia,AUS,1966,2.21,2.883
Australia,AUS,1967,2.2,2.851
Australia,AUS,1968,2.19,2.889
Australia,AUS,1969,2.18,2.889
Australia,AUS,1970,2.15,2.86
Australia,AUS,1971,2.1,2.948
Australia,AUS,1972,2.03,2.742
Australia,AUS,1973,1.94,2.493
Australia,AUS,1974,1.84,2.376
Australia,AUS,1975,1.73,2.207
Australia,AUS,1976,1.62,2.063
Australia,AUS,1977,1.52,2.019
Australia,AUS,1978,1.44,1.961
Australia,AUS,1979,1.36,1.913
Australia,AUS,1980,1.3,1.901
Australia,AUS,1981,1.26,1.94
Australia,AUS,1982,1.22,1.94
Australia,AUS,1983,1.19,1.931
Australia,AUS,1984,1.16,1.872
Australia,AUS,1985,1.13,1.899
Australia,AUS,1986,1.1,1.872
Australia,AUS,1987,1.06,1.851
Australia,AUS,1988,1.02,1.84
Australia,AUS,1989,0.97,1.843
Australia,AUS,1990,0.92,1.908
Australia,AUS,1991,0.87,1.863
Australia,AUS,1992,0.82,1.892
Australia,AUS,1993,0.77,1.864
Australia,AUS,1994,0.73,1.852
Australia,AUS,1995,0.7,1.825
Australia,AUS,1996,0.68,1.804
Australia,AUS,1997,0.66,1.783
Australia,AUS,1998,0.64,1.765
Australia,AUS,1999,0.63,1.764
Australia,AUS,2000,0.62,1.764
Australia,AUS,2001,0.61,1.738
Australia,AUS,2002,0.6,1.765
Australia,AUS,2003,0.59,1.764
Australia,AUS,2004,0.58,1.784
Australia,AUS,2005,0.57,1.849
Australia,AUS,2006,0.56,1.882
Australia,AUS,2007,0.54,1.991
Australia,AUS,2008,0.52,2.02
Australia,AUS,2009,0.5,1.972
Australia,AUS,2010,0.48,1.948
Australia,AUS,2011,0.45,1.922
Australia,AUS,2012,0.43,1.931
Australia,AUS,2013,0.41,1.883
Australia,AUS,2014,0.4,1.805
Australia,AUS,2015,0.39,1.803
Australia,AUS,2016,0.38,1.792
Australia,AUS,2017,0.38,1.745
Australia,AUS,2018,0.38,1.743
Australia,AUS,2019,0.38,1.666
Australia,AUS,2020,0.38,1.593
Australia,AUS,2021,0.37,1.647
Australia,AUS,2022,0.37,1.638
Australia,AUS,2023,0.37,1.638
Austria,AUT,1830,38.51,2.089
Austria,AUT,1831,43.69,2.089
Austria,AUT,1832,39.48,2.089
Austria,AUT,1833,42.22,2.089
Austria,AUT,1834,44.01,2.089
Austria,AUT,1835,40.29,2.089
Austria,AUT,1836,38.35,2.089
Austria,AUT,1837,41.09,2.089
Austria,AUT,1838,39.0,2.089
Austria,AUT,1839,41.41,2.089
Austria,AUT,1840,39.64,2.089
Austria,AUT,1841,40.77,2.089
Austria,AUT,1842,39.8,2.089
Austria,AUT,1843,42.06,2.089
Austria,AUT,1844,37.38,2.089
Austria,AUT,1845,40.13,2.089
Austria,AUT,1846,40.77,2.089
Austria,AUT,1849,39.48,2.089
Austria,AUT,1850,40.77,2.089
Austria,AUT,1851,39.32,2.089
Austria,AUT,1852,39.32,2.089
Austria,AUT,1853,36.89,2.089
Austria,AUT,1854,44.33,2.089
Austria,AUT,1855,45.15,2.089
Austria,AUT,1856,39.16,2.089
Austria,AUT,1857,38.83,2.089
Austria,AUT,1858,40.61,2.089
Austria,AUT,1859,41.25,2.089
Austria,AUT,1860,38.51,2.089
Austria,AUT,1861,42.87,2.089
Austria,AUT,1862,40.61,2.089
Austria,AUT,1863,42.06,2.089
Austria,AUT,1864,40.61,2.089
Austria,AUT,1865,43.85,2.089
Austria,AUT,1866,45.15,2.089
Austria,AUT,1867,41.09,2.089
Austria,AUT,1868,40.29,2.089
Austria,AUT,1869,39.32,2.089
Austria,AUT,1870,41.09,2.089
Austria,AUT,1871,41.41,2.089
Austria,AUT,1872,43.85,2.089
Austria,AUT,1873,47.1,2.089
Austria,AUT,1874,42.22,2.089
Austria,AUT,1875,39.48,2.089
Austria,AUT,1876,40.13,2.089
Austria,AUT,1877,41.9,2.089
Austria,AUT,1878,40.93,2.089
Austria,AUT,1879,39.0,2.089
Austria,AUT,1880,40.61,2.089
Austria,AUT,1881,40.61,2.089
Austria,AUT,1882,41.57,2.089
Austria,AUT,1883,41.09,2.089
Austria,AUT,1884,40.13,2.089
Austria,AUT,1885,41.41,2.089
Austria,AUT,1886,40.61,2.089
Austria,AUT,1887,39.64,2.089
Austria,AUT,1888,40.45,2.089
Austria,AUT,1889,38.35,2.089
Austria,AUT,1890,42.06,2.089
Austria,AUT,1891,39.48,2.089
Austria,AUT,1892,42.06,2.089
Austria,AUT,1893,37.7,2.089
Austria,AUT,1894,40.77,2.089
Austria,AUT,1895,39.16,2.089
Austria,AUT,1896,37.38,2.089
Austria,AUT,1897,37.05,2.089
Austria,AUT,1898,36.41,2.089
Austria,AUT,1899,35.6,2.089
Austria,AUT,1900,37.54,2.089
Austria,AUT,1901,33.99,2.089
Austria,AUT,1902,35.12,2.089
Austria,AUT,1903,34.96,2.089
Austria,AUT,1904,34.15,2.089
Austria,AUT,1905,37.54,2.089
Austria,AUT,1906,32.85,2.089
Austria,AUT,1907,33.99,2.089
Austria,AUT,1908,32.36,2.089
Austria,AUT,1909,33.99,2.089
Austria,AUT,1910,30.73,2.089
Austria,AUT,1911,33.66,2.089
Austria,AUT,1912,29.42,2.089
Austria,AUT,1913,30.9,2.089
Austria,AUT,1914,27.94,2.089
Austria,AUT,1915,35.44,2.089
Austria,AUT,1916,31.23,2.089
Austria,AUT,1917,30.24,2.089
Austria,AUT,1918,31.39,2.089
Austria,AUT,1919,25.32,2.089
Austria,AUT,1922,25.32,2.089
Austria,AUT,1923,22.78,2.089
Austria,AUT,1924,20.16,2.089
Austria,AUT,1925,18.47,2.089
Austria,AUT,1926,19.22,2.089
Austria,AUT,1927,19.6,2.089
Austria,AUT,1928,18.66,2.089
Austria,AUT,1929,17.34,2.089
Austria,AUT,1930,15.66,2.089
Austria,AUT,1931,15.48,2.089
Austria,AUT,1932,16.04,2.089
Austria,AUT,1933,13.84,2.089
Austria,AUT,1934,13.48,2.089
Austria,AUT,1935,14.74,2.089
Austria,AUT,1936,13.66,2.089
Austria,AUT,1937,13.48,2.089
Austria,AUT,1938,11.37,2.089
Austria,AUT,1939,10.18,2.089
Austria,AUT,1940,10.35,2.089
Austria,AUT,1941,9.69,2.089
Austria,AUT,1942,10.35,2.089
Austria,AUT,1943,11.2,2.089
Austria,AUT,1944,12.77,2.089
Austria,AUT,1945,26.35,2.089
Austria,AUT,1946,11.54,2.089
Austria,AUT,1947,10.45,2.089
Austria,AUT,1948,9.21,2.089
Austria,AUT,1949,7.66,2.089
Austria,AUT,1950,7.15,2.089
Austria,AUT,1951,6.69,2.035
Austria,AUT,1952,6.27,2.068
Austria,AUT,1953,5.92,2.09
Austria,AUT,1954,5.62,2.139
Austria,AUT,1955,5.38,2.268
Austria,AUT,1956,5.18,2.456
Austria,AUT,1957,4.98,2.549
Austria,AUT,1958,4.77,2.592
Austria,AUT,1959,4.54,2.678
Austria,AUT,1960,4.28,2.689
Austria,AUT,1961,4.03,2.787
Austria,AUT,1962,3.79,2.801
Austria,AUT,1963,3.59,2.817
Austria,AUT,1964,3.42,2.779
Austria,AUT,1965,3.27,2.697
Austria,AUT,1966,3.15,2.672
Austria,AUT,1967,3.05,2.629
Austria,AUT,1968,2.98,2.585
Austria,AUT,1969,2.94,2.484
Austria,AUT,1970,2.91,2.294
Austria,AUT,1971,2.87,2.194
Austria,AUT,1972,2.8,2.077
Austria,AUT,1973,2.67,1.931
Austria,AUT,1974,2.51,1.902
Austria,AUT,1975,2.31,1.823
Austria,AUT,1976,2.11,1.681
Austria,AUT,1977,1.94,1.623
Austria,AUT,1978,1.81,1.597
Austria,AUT,1979,1.71,1.597
Austria,AUT,1980,1.63,1.651
Austria,AUT,1981,1.55,1.672
Austria,AUT,1982,1.47,1.661
Austria,AUT,1983,1.4,1.563
Austria,AUT,1984,1.33,1.526
Austria,AUT,1985,1.26,1.479
Austria,AUT,1986,1.19,1.455
Austria,AUT,1987,1.12,1.44
Austria,AUT,1988,1.05,1.457
Austria,AUT,1989,1.0,1.455
Austria,AUT,1990,0.95,1.467
Austria,AUT,1991,0.9,1.516
Austria,AUT,1992,0.85,1.516
Austria,AUT,1993,0.79,1.512
Austria,AUT,1994,0.74,1.474
Austria,AUT,1995,0.68,1.431
Austria,AUT,1996,0.64,1.448
Austria,AUT,1997,0.6,1.395
Austria,AUT,1998,0.58,1.371
Austria,AUT,1999,0.56,1.344
Austria,AUT,2000,0.55,1.364
Austria,AUT,2001,0.54,1.331
Austria,AUT,2002,0.53,1.389
Austria,AUT,2003,0.52,1.373
Austria,AUT,2004,0.51,1.415
Austria,AUT,2005,0.49,1.406
Austria,AUT,2006,0.48,1.404
Austria,AUT,2007,0.46,1.381
Austria,AUT,2008,0.45,1.411
Austria,AUT,2009,0.44,1.393
Austria,AUT,2010,0.43,1.44
Austria,AUT,2011,0.42,1.43
Austria,AUT,2012,0.4,1.44
Austria,AUT,2013,0.39,1.436
Austria,AUT,2014,0.38,1.464
Austria,AUT,2015,0.37,1.492
Austria,AUT,2016,0.36,1.531
Austria,AUT,2017,0.36,1.521
Austria,AUT,2018,0.35,1.479
Austria,AUT,2019,0.35,1.464
Austria,AUT,2020,0.34,1.439
Austria,AUT,2021,0.33,1.469
Austria,AUT,2022,0.32,1.41
Austria,AUT,2023,0.31,1.317
Azerbaijan,AZE,1950,10.93,5.075
Azerbaijan,AZE,1951,10.93,5.101
Azerbaijan,AZE,1952,10.93,5.158
Azerbaijan,AZE,1953,10.93,5.226
Azerbaijan,AZE,1954,10.93,5.304
Azerbaijan,AZE,1955,10.93,5.393
Azerbaijan,AZE,1956,10.93,5.49
Azerbaijan,AZE,1957,10.93,5.593
Azerbaijan,AZE,1958,10.93,5.697
Azerbaijan,AZE,1959,10.93,5.795
Azerbaijan,AZE,1960,10.93,5.878
Azerbaijan,AZE,1961,10.93,5.937
Azerbaijan,AZE,1962,10.93,5.961
Azerbaijan,AZE,1963,10.93,5.945
Azerbaijan,AZE,1964,10.93,5.888
Azerbaijan,AZE,1965,10.93,5.792
Azerbaijan,AZE,1966,10.93,5.663
Azerbaijan,AZE,1967,10.93,5.371
Azerbaijan,AZE,1968,10.93,5.213
Azerbaijan,AZE,1969,10.93,5.053
Azerbaijan,AZE,1970,10.93,4.899
Azerbaijan,AZE,1971,10.93,4.757
Azerbaijan,AZE,1972,10.93,4.593
Azerbaijan,AZE,1973,10.93,4.434
Azerbaijan,AZE,1974,10.93,4.314
Azerbaijan,AZE,1975,10.93,4.215
Azerbaijan,AZE,1976,10.93,4.116
Azerbaijan,AZE,1977,10.93,3.982
Azerbaijan,AZE,1978,10.93,3.816
Azerbaijan,AZE,1979,10.93,3.702
Azerbaijan,AZE,1980,10.93,3.586
Azerbaijan,AZE,1981,10.93,3.483
Azerbaijan,AZE,1982,10.93,3.392
Azerbaijan,AZE,1983,10.67,3.32
Azerbaijan,AZE,1984,10.41,3.258
Azerbaijan,AZE,1985,10.18,3.201
Azerbaijan,AZE,1986,9.96,3.138
Azerbaijan,AZE,1987,9.77,3.068
Azerbaijan,AZE,1988,9.62,3.036
Azerbaijan,AZE,1989,9.52,3.004
Azerbaijan,AZE,1990,9.48,2.983
Azerbaijan,AZE,1991,9.5,2.952
Azerbaijan,AZE,1992,9.52,2.863
Azerbaijan,AZE,1993,9.52,2.747
Azerbaijan,AZE,1994,9.47,2.445
Azerbaijan,AZE,1995,9.34,2.193
Azerbaijan,AZE,1996,9.1,1.977
Azerbaijan,AZE,1997,8.78,2.018
Azerbaijan,AZE,1998,8.37,1.848
Azerbaijan,AZE,1999,7.91,1.716
Azerbaijan,AZE,2000,7.4,1.698
Azerbaijan,AZE,2001,6.9,1.589
Azerbaijan,AZE,2002,6.41,1.577
Azerbaijan,AZE,2003,5.96,1.591
Azerbaijan,AZE,2004,5.55,1.965
Azerbaijan,AZE,2005,5.18,1.982
Azerbaijan,AZE,2006,4.85,2.019
Azerbaijan,AZE,2007,4.55,1.968
Azerbaijan,AZE,2008,4.27,1.904
Azerbaijan,AZE,2009,4.01,1.821
Azerbaijan,AZE,2010,3.77,1.924
Azerbaijan,AZE,2011,3.54,1.98
Azerbaijan,AZE,2012,3.32,2.142
Azerbaijan,AZE,2013,3.12,2.148
Azerbaijan,AZE,2014,2.95,2.131
Azerbaijan,AZE,2015,2.78,2.092
Azerbaijan,AZE,2016,2.63,2.032
Azerbaijan,AZE,2017,2.49,1.961
Azerbaijan,AZE,2018,2.36,1.905
Azerbaijan,AZE,2019,2.24,1.845
Azerbaijan,AZE,2020,2.13,1.764
Azerbaijan,AZE,2021,2.04,1.71
Azerbaijan,AZE,2022,1.94,1.687
Azerbaijan,AZE,2023,1.86,1.67
Bahamas,BHS,1950,2.94,4.517
Bahamas,BHS,1951,2.94,4.534
Bahamas,BHS,1952,2.94,4.61
Bahamas,BHS,1953,2.94,4.686
Bahamas,BHS,1954,2.94,4.759
Bahamas,BHS,1955,2.94,4.825
Bahamas,BHS,1956,2.94,4.878
Bahamas,BHS,1957,2.94,4.924
Bahamas,BHS,1958,2.94,4.96
Bahamas,BHS,1959,2.94,5.034
Bahamas,BHS,1960,2.94,5.093
Bahamas,BHS,1961,2.94,5.156
Bahamas,BHS,1962,2.94,5.125
Bahamas,BHS,1963,2.94,5.062
Bahamas,BHS,1964,2.94,4.969
Bahamas,BHS,1965,2.94,4.884
Bahamas,BHS,1966,2.94,4.788
Bahamas,BHS,1967,2.94,4.689
Bahamas,BHS,1968,2.94,4.556
Bahamas,BHS,1969,2.99,4.38
Bahamas,BHS,1970,3.03,4.212
Bahamas,BHS,1971,3.07,4.058
Bahamas,BHS,1972,3.1,3.886
Bahamas,BHS,1973,3.13,3.726
Bahamas,BHS,1974,3.14,3.572
Bahamas,BHS,1975,3.13,3.424
Bahamas,BHS,1976,3.1,3.297
Bahamas,BHS,1977,3.07,3.167
Bahamas,BHS,1978,3.03,3.052
Bahamas,BHS,1979,2.99,2.937
Bahamas,BHS,1980,2.95,2.842
Bahamas,BHS,1981,2.91,2.771
Bahamas,BHS,1982,2.88,2.708
Bahamas,BHS,1983,2.84,2.652
Bahamas,BHS,1984,2.81,2.591
Bahamas,BHS,1985,2.78,2.546
Bahamas,BHS,1986,2.73,2.529
Bahamas,BHS,1987,2.65,2.52
Bahamas,BHS,1988,2.55,2.519
Bahamas,BHS,1989,2.45,2.523
Bahamas,BHS,1990,2.34,2.52
Bahamas,BHS,1991,2.23,2.51
Bahamas,BHS,1992,2.12,2.71
Bahamas,BHS,1993,2.03,2.61
Bahamas,BHS,1994,1.93,2.472
Bahamas,BHS,1995,1.84,2.419
Bahamas,BHS,1996,1.76,2.353
Bahamas,BHS,1997,1.69,2.293
Bahamas,BHS,1998,1.65,2.232
Bahamas,BHS,1999,1.62,2.134
Bahamas,BHS,2000,1.62,2.06
Bahamas,BHS,2001,1.63,2.02
Bahamas,BHS,2002,1.65,1.984
Bahamas,BHS,2003,1.67,1.971
Bahamas,BHS,2004,1.69,1.98
Bahamas,BHS,2005,1.69,2.008
Bahamas,BHS,2006,1.68,2.019
Bahamas,BHS,2007,1.65,2.035
Bahamas,BHS,2008,1.62,1.999
Bahamas,BHS,2009,1.58,2.011
Bahamas,BHS,2010,1.54,1.837
Bahamas,BHS,2011,1.5,1.791
Bahamas,BHS,2012,1.47,1.761
Bahamas,BHS,2013,1.44,1.738
Bahamas,BHS,2014,1.42,1.687
Bahamas,BHS,2015,1.39,1.574
Bahamas,BHS,2016,1.38,1.495
Bahamas,BHS,2017,1.36,1.424
Bahamas,BHS,2018,1.35,1.404
Bahamas,BHS,2019,2.35,1.397
Bahamas,BHS,2020,1.33,1.386
Bahamas,BHS,2021,1.31,1.382
Bahamas,BHS,2022,1.29,1.379
Bahamas,BHS,2023,1.27,1.373
Bahrain,BHR,1950,29.88,7.29
Bahrain,BHR,1951,29.88,7.287
Bahrain,BHR,1952,29.88,7.294
Bahrain,BHR,1953,29.88,7.293
Bahrain,BHR,1954,29.88,7.286
Bahrain,BHR,1955,29.88,7.275
Bahrain,BHR,1956,27.53,7.266
Bahrain,BHR,1957,25.41,7.263
Bahrain,BHR,1958,23.41,7.295
Bahrain,BHR,1959,21.54,7.287
Bahrain,BHR,1960,19.8,7.262
Bahrain,BHR,1961,18.18,7.231
Bahrain,BHR,1962,16.63,7.185
Bahrain,BHR,1963,15.22,7.137
Bahrain,BHR,1964,13.9,7.091
Bahrain,BHR,1965,12.66,7.027
Bahrain,BHR,1966,11.52,6.944
Bahrain,BHR,1967,10.46,6.843
Bahrain,BHR,1968,9.5,6.708
Bahrain,BHR,1969,8.6,6.57
Bahrain,BHR,1970,7.79,6.428
Bahrain,BHR,1971,7.05,6.284
Bahrain,BHR,1972,6.38,6.139
Bahrain,BHR,1973,5.8,5.965
Bahrain,BHR,1974,5.29,5.787
Bahrain,BHR,1975,4.84,5.618
Bahrain,BHR,1976,4.45,5.454
Bahrain,BHR,1977,4.11,5.287
Bahrain,BHR,1978,3.81,5.12
Bahrain,BHR,1979,3.54,4.937
Bahrain,BHR,1980,3.3,4.762
Bahrain,BHR,1981,3.09,4.602
Bahrain,BHR,1982,2.91,4.505
Bahrain,BHR,1983,2.76,4.406
Bahrain,BHR,1984,2.63,4.303
Bahrain,BHR,1985,2.52,4.281
Bahrain,BHR,1986,2.44,4.254
Bahrain,BHR,1987,2.38,4.133
Bahrain,BHR,1988,2.34,4.04
Bahrain,BHR,1989,2.32,3.956
Bahrain,BHR,1990,2.31,3.817
Bahrain,BHR,1991,2.27,3.625
Bahrain,BHR,1992,2.21,3.548
Bahrain,BHR,1993,2.1,3.461
Bahrain,BHR,1994,1.97,3.291
Bahrain,BHR,1995,1.82,3.128
Bahrain,BHR,1996,1.66,2.986
Bahrain,BHR,1997,1.52,2.924
Bahrain,BHR,1998,1.41,2.889
Bahrain,BHR,1999,1.32,2.899
Bahrain,BHR,2000,1.25,2.798
Bahrain,BHR,2001,1.2,2.653
Bahrain,BHR,2002,1.16,2.699
Bahrain,BHR,2003,1.13,2.778
Bahrain,BHR,2004,1.1,2.774
Bahrain,BHR,2005,1.06,2.67
Bahrain,BHR,2006,1.03,2.464
Bahrain,BHR,2007,0.98,2.282
Bahrain,BHR,2008,0.94,2.152
Bahrain,BHR,2009,0.9,2.047
Bahrain,BHR,2010,0.86,1.987
Bahrain,BHR,2011,0.83,2.025
Bahrain,BHR,2012,0.81,2.11
Bahrain,BHR,2013,0.79,2.166
Bahrain,BHR,2014,0.78,2.149
Bahrain,BHR,2015,0.77,2.113
Bahrain,BHR,2016,0.76,2.042
Bahrain,BHR,2017,0.77,1.984
Bahrain,BHR,2018,0.77,1.911
Bahrain,BHR,2019,0.78,1.843
Bahrain,BHR,2020,0.8,1.86
Bahrain,BHR,2021,0.82,1.852
Bahrain,BHR,2022,0.84,1.839
Bahrain,BHR,2023,0.86,1.824
Bangladesh,BGD,1950,34.77,6.374
Bangladesh,BGD,1951,33.73,6.394
Bangladesh,BGD,1952,32.72,6.406
Bangladesh,BGD,1953,31.76,6.421
Bangladesh,BGD,1954,30.82,6.472
Bangladesh,BGD,1955,29.96,6.505
Bangladesh,BGD,1956,29.13,6.537
Bangladesh,BGD,1957,28.34,6.576
Bangladesh,BGD,1958,27.6,6.608
Bangladesh,BGD,1959,26.87,6.678
Bangladesh,BGD,1960,26.17,6.742
Bangladesh,BGD,1961,25.51,6.78
Bangladesh,BGD,1962,24.88,6.806
Bangladesh,BGD,1963,24.29,6.798
Bangladesh,BGD,1964,23.77,6.785
Bangladesh,BGD,1965,23.34,6.771
Bangladesh,BGD,1966,23.01,6.766
Bangladesh,BGD,1967,22.79,6.79
Bangladesh,BGD,1968,22.68,6.791
Bangladesh,BGD,1969,22.65,6.806
Bangladesh,BGD,1970,27.07,6.839
Bangladesh,BGD,1971,36.67,6.831
Bangladesh,BGD,1972,22.77,6.816
Bangladesh,BGD,1973,22.76,6.8
Bangladesh,BGD,1974,22.68,6.778
Bangladesh,BGD,1975,22.52,6.728
Bangladesh,BGD,1976,22.28,6.66
Bangladesh,BGD,1977,21.94,6.583
Bangladesh,BGD,1978,21.53,6.509
Bangladesh,BGD,1979,21.06,6.421
Bangladesh,BGD,1980,20.58,6.326
Bangladesh,BGD,1981,20.07,6.237
Bangladesh,BGD,1982,19.55,6.118
Bangladesh,BGD,1983,18.99,5.906
Bangladesh,BGD,1984,18.41,5.732
Bangladesh,BGD,1985,17.8,5.539
Bangladesh,BGD,1986,17.16,5.302
Bangladesh,BGD,1987,16.51,5.075
Bangladesh,BGD,1988,15.86,4.849
Bangladesh,BGD,1989,15.22,4.695
Bangladesh,BGD,1990,14.6,4.506
Bangladesh,BGD,1991,13.98,4.261
Bangladesh,BGD,1992,13.37,4.027
Bangladesh,BGD,1993,12.74,3.832
Bangladesh,BGD,1994,12.12,3.737
Bangladesh,BGD,1995,11.51,3.588
Bangladesh,BGD,1996,10.91,3.505
Bangladesh,BGD,1997,10.3,3.502
Bangladesh,BGD,1998,9.7,3.427
Bangladesh,BGD,1999,9.1,3.357
Bangladesh,BGD,2000,8.54,3.279
Bangladesh,BGD,2001,8.01,3.203
Bangladesh,BGD,2002,7.53,3.126
Bangladesh,BGD,2003,7.09,3.029
Bangladesh,BGD,2004,6.69,2.94
Bangladesh,BGD,2005,6.32,2.846
Bangladesh,BGD,2006,5.98,2.755
Bangladesh,BGD,2007,5.67,2.666
Bangladesh,BGD,2008,5.39,2.577
Bangladesh,BGD,2009,5.13,2.484
Bangladesh,BGD,2010,4.89,2.38
Bangladesh,BGD,2011,4.67,2.309
Bangladesh,BGD,2012,4.47,2.263
Bangladesh,BGD,2013,4.27,2.247
Bangladesh,BGD,2014,4.07,2.228
Bangladesh,BGD,2015,3.88,2.227
Bangladesh,BGD,2016,3.69,2.227
Bangladesh,BGD,2017,3.52,2.205
Bangladesh,BGD,2018,3.37,2.193
Bangladesh,BGD,2019,3.24,2.18
Bangladesh,BGD,2020,3.15,2.175
Bangladesh,BGD,2021,3.1,2.173
Bangladesh,BGD,2022,3.07,2.179
Bangladesh,BGD,2023,3.06,2.163
Barbados,BRB,1906,68.21,4.473
Barbados,BRB,1907,49.04,4.473
Barbados,BRB,1908,51.81,4.473
Barbados,BRB,1909,40.93,4.473
Barbados,BRB,1910,43.52,4.473
Barbados,BRB,1911,42.71,4.473
Barbados,BRB,1912,67.56,4.473
Barbados,BRB,1913,39.48,4.473
Barbados,BRB,1914,65.45,4.473
Barbados,BRB,1915,31.39,4.473
Barbados,BRB,1916,39.32,4.473
Barbados,BRB,1917,46.93,4.473
Barbados,BRB,1918,33.34,4.473
Barbados,BRB,1919,57.16,4.473
Barbados,BRB,1920,43.85,4.473
Barbados,BRB,1921,65.12,4.473
Barbados,BRB,1922,30.41,4.473
Barbados,BRB,1923,59.76,4.473
Barbados,BRB,1924,48.4,4.473
Barbados,BRB,1925,50.67,4.473
Barbados,BRB,1926,50.99,4.473
Barbados,BRB,1927,32.69,4.473
Barbados,BRB,1928,53.75,4.473
Barbados,BRB,1929,38.83,4.473
Barbados,BRB,1930,37.54,4.473
Barbados,BRB,1931,48.4,4.473
Barbados,BRB,1932,32.2,4.473
Barbados,BRB,1933,38.19,4.473
Barbados,BRB,1934,41.57,4.473
Barbados,BRB,1935,35.77,4.473
Barbados,BRB,1936,32.2,4.473
Barbados,BRB,1937,35.28,4.473
Barbados,BRB,1938,35.93,4.473
Barbados,BRB,1939,31.55,4.473
Barbados,BRB,1940,29.26,4.473
Barbados,BRB,1941,36.41,4.473
Barbados,BRB,1942,28.44,4.473
Barbados,BRB,1943,26.68,4.473
Barbados,BRB,1944,27.78,4.473
Barbados,BRB,1945,24.06,4.473
Barbados,BRB,1946,26.02,4.473
Barbados,BRB,1947,27.0,4.473
Barbados,BRB,1948,24.97,4.473
Barbados,BRB,1949,19.07,4.473
Barbados,BRB,1950,18.45,4.473
Barbados,BRB,1951,17.79,4.521
Barbados,BRB,1952,17.03,4.547
Barbados,BRB,1953,16.11,4.529
Barbados,BRB,1954,15.0,4.456
Barbados,BRB,1955,13.76,4.44
Barbados,BRB,1956,12.46,4.18
Barbados,BRB,1957,11.22,4.333
Barbados,BRB,1958,10.11,4.25
Barbados,BRB,1959,9.21,4.276
Barbados,BRB,1960,8.47,4.706
Barbados,BRB,1961,7.86,4.153
Barbados,BRB,1962,7.33,4.3
Barbados,BRB,1963,6.86,4.304
Barbados,BRB,1964,6.45,4.214
Barbados,BRB,1965,6.1,4.176
Barbados,BRB,1966,5.79,4.144
Barbados,BRB,1967,5.52,3.599
Barbados,BRB,1968,5.28,3.574
Barbados,BRB,1969,5.03,3.342
Barbados,BRB,1970,4.79,3.079
Barbados,BRB,1971,4.55,3.199
Barbados,BRB,1972,4.32,3.153
Barbados,BRB,1973,4.08,2.865
Barbados,BRB,1974,3.86,2.652
Barbados,BRB,1975,3.64,2.447
Barbados,BRB,1976,3.43,2.241
Barbados,BRB,1977,3.23,2.201
Barbados,BRB,1978,3.04,1.839
Barbados,BRB,1979,2.86,1.862
Barbados,BRB,1980,2.69,1.777
Barbados,BRB,1981,2.55,1.846
Barbados,BRB,1982,2.44,1.859
Barbados,BRB,1983,2.34,1.856
Barbados,BRB,1984,2.26,1.752
Barbados,BRB,1985,2.19,1.769
Barbados,BRB,1986,2.12,1.694
Barbados,BRB,1987,2.05,1.611
Barbados,BRB,1988,1.97,1.58
Barbados,BRB,1989,1.89,1.638
Barbados,BRB,1990,1.81,1.842
Barbados,BRB,1991,1.73,1.838
Barbados,BRB,1992,1.66,1.804
Barbados,BRB,1993,1.59,1.769
Barbados,BRB,1994,1.53,1.733
Barbados,BRB,1995,1.49,1.704
Barbados,BRB,1996,1.45,1.673
Barbados,BRB,1997,1.43,1.645
Barbados,BRB,1998,1.42,1.62
Barbados,BRB,1999,1.42,1.779
Barbados,BRB,2000,1.44,1.933
Barbados,BRB,2001,1.45,1.955
Barbados,BRB,2002,1.47,1.862
Barbados,BRB,2003,1.48,1.856
Barbados,BRB,2004,1.49,1.797
Barbados,BRB,2005,1.48,1.738
Barbados,BRB,2006,1.47,1.702
Barbados,BRB,2007,1.45,1.755
Barbados,BRB,2008,1.43,1.756
Barbados,BRB,2009,1.41,1.77
Barbados,BRB,2010,1.39,1.785
Barbados,BRB,2011,1.37,1.758
Barbados,BRB,2012,1.35,1.731
Barbados,BRB,2013,1.33,1.729
Barbados,BRB,2014,1.31,1.727
Barbados,BRB,2015,1.28,1.726
Barbados,BRB,2016,1.25,1.724
Barbados,BRB,2017,1.21,1.724
Barbados,BRB,2018,1.18,1.72
Barbados,BRB,2019,1.14,1.715
Barbados,BRB,2020,1.11,1.708
Barbados,BRB,2021,1.07,1.709
Barbados,BRB,2022,1.04,1.712
Barbados,BRB,2023,1.0,1.708
Belarus,BLR,1950,5.57,2.64
Belarus,BLR,1951,5.57,2.66
Belarus,BLR,1952,5.57,2.625
Belarus,BLR,1953,5.57,2.6
Belarus,BLR,1954,5.57,2.607
Belarus,BLR,1955,5.57,2.633
Belarus,BLR,1956,5.57,2.66
Belarus,BLR,1957,5.57,2.69
Belarus,BLR,1958,5.57,2.728
Belarus,BLR,1959,5.0,2.763
Belarus,BLR,1960,4.49,2.757
Belarus,BLR,1961,4.05,2.673
Belarus,BLR,1962,3.68,2.607
Belarus,BLR,1963,3.36,2.479
Belarus,BLR,1964,3.1,2.28
Belarus,BLR,1965,2.88,2.229
Belarus,BLR,1966,2.7,2.273
Belarus,BLR,1967,2.56,2.245
Belarus,BLR,1968,2.45,2.258
Belarus,BLR,1969,2.37,2.232
Belarus,BLR,1970,2.3,2.293
Belarus,BLR,1971,2.25,2.313
Belarus,BLR,1972,2.22,2.28
Belarus,BLR,1973,2.2,2.206
Belarus,BLR,1974,2.19,2.191
Belarus,BLR,1975,2.18,2.133
Belarus,BLR,1976,2.18,2.09
Belarus,BLR,1977,2.16,2.061
Belarus,BLR,1978,2.14,2.033
Belarus,BLR,1979,2.11,1.996
Belarus,BLR,1980,2.06,1.983
Belarus,BLR,1981,2.0,1.989
Belarus,BLR,1982,1.94,1.99
Belarus,BLR,1983,1.88,2.134
Belarus,BLR,1984,1.82,2.078
Belarus,BLR,1985,1.76,2.041
Belarus,BLR,1986,1.7,2.126
Belarus,BLR,1987,1.64,2.055
Belarus,BLR,1988,1.59,2.07
Belarus,BLR,1989,1.55,1.978
Belarus,BLR,1990,1.52,1.86
Belarus,BLR,1991,1.52,1.752
Belarus,BLR,1992,1.53,1.704
Belarus,BLR,1993,1.55,1.577
Belarus,BLR,1994,1.57,1.486
Belarus,BLR,1995,1.57,1.369
Belarus,BLR,1996,1.55,1.307
Belarus,BLR,1997,1.51,1.223
Belarus,BLR,1998,1.45,1.268
Belarus,BLR,1999,1.37,1.263
Belarus,BLR,2000,1.28,1.272
Belarus,BLR,2001,1.18,1.241
Belarus,BLR,2002,1.1,1.202
Belarus,BLR,2003,1.02,1.192
Belarus,BLR,2004,0.94,1.196
Belarus,BLR,2005,0.87,1.221
Belarus,BLR,2006,0.8,1.305
Belarus,BLR,2007,0.73,1.394
Belarus,BLR,2008,0.66,1.449
Belarus,BLR,2009,0.61,1.481
Belarus,BLR,2010,0.56,1.478
Belarus,BLR,2011,0.52,1.524
Belarus,BLR,2012,0.49,1.623
Belarus,BLR,2013,0.46,1.673
Belarus,BLR,2014,0.43,1.702
Belarus,BLR,2015,0.41,1.728
Belarus,BLR,2016,0.39,1.727
Belarus,BLR,2017,0.36,1.55
Belarus,BLR,2018,0.34,1.457
Belarus,BLR,2019,0.31,1.389
Belarus,BLR,2020,0.29,1.369
Belarus,BLR,2021,0.27,1.371
Belarus,BLR,2022,0.26,1.326
Belarus,BLR,2023,0.24,1.208
Belgium,BEL,1834,31.23,2.49
Belgium,BEL,1835,27.16,2.49
Belgium,BEL,1836,28.11,2.49
Belgium,BEL,1837,30.08,2.49
Belgium,BEL,1838,30.9,2.49
Belgium,BEL,1839,30.08,2.49
Belgium,BEL,1840,29.59,2.49
Belgium,BEL,1841,27.54,2.49
Belgium,BEL,1842,29.32,2.49
Belgium,BEL,1843,27.49,2.49
Belgium,BEL,1844,25.02,2.49
Belgium,BEL,1845,26.15,2.49
Belgium,BEL,1846,29.39,2.49
Belgium,BEL,1847,30.45,2.49
Belgium,BEL,1848,27.01,2.49
Belgium,BEL,1849,29.16,2.49
Belgium,BEL,1850,24.37,2.49
Belgium,BEL,1851,25.85,2.49
Belgium,BEL,1852,25.83,2.49
Belgium,BEL,1853,25.41,2.49
Belgium,BEL,1854,28.03,2.49
Belgium,BEL,1855,30.8,2.49
Belgium,BEL,1856,27.9,2.49
Belgium,BEL,1857,28.33,2.49
Belgium,BEL,1858,27.94,2.49
Belgium,BEL,1859,29.23,2.49
Belgium,BEL,1860,22.4,2.49
Belgium,BEL,1861,27.34,2.49
Belgium,BEL,1862,25.89,2.49
Belgium,BEL,1863,28.01,2.49
Belgium,BEL,1864,28.92,2.49
Belgium,BEL,1865,31.75,2.49
Belgium,BEL,1866,31.98,2.49
Belgium,BEL,1867,25.83,2.49
Belgium,BEL,1868,27.04,2.49
Belgium,BEL,1869,26.45,2.49
Belgium,BEL,1870,27.5,2.49
Belgium,BEL,1871,34.05,2.49
Belgium,BEL,1872,29.43,2.49
Belgium,BEL,1873,25.21,2.49
Belgium,BEL,1874,24.36,2.49
Belgium,BEL,1875,27.27,2.49
Belgium,BEL,1876,25.05,2.49
Belgium,BEL,1877,24.04,2.49
Belgium,BEL,1878,23.96,2.49
Belgium,BEL,1879,24.63,2.49
Belgium,BEL,1880,27.47,2.49
Belgium,BEL,1881,24.19,2.49
Belgium,BEL,1882,23.35,2.49
Belgium,BEL,1883,23.54,2.49
Belgium,BEL,1884,24.9,2.49
Belgium,BEL,1885,23.03,2.49
Belgium,BEL,1886,26.59,2.49
Belgium,BEL,1887,23.16,2.49
Belgium,BEL,1888,24.83,2.49
Belgium,BEL,1889,25.1,2.49
Belgium,BEL,1890,25.62,2.49
Belgium,BEL,1891,25.54,2.49
Belgium,BEL,1892,26.18,2.49
Belgium,BEL,1893,25.54,2.49
Belgium,BEL,1894,22.59,2.49
Belgium,BEL,1895,24.68,2.49
Belgium,BEL,1896,21.7,2.49
Belgium,BEL,1897,21.08,2.49
Belgium,BEL,1898,22.4,2.49
Belgium,BEL,1899,24.02,2.49
Belgium,BEL,1900,23.45,2.49
Belgium,BEL,1901,20.41,2.49
Belgium,BEL,1902,20.79,2.49
Belgium,BEL,1903,21.28,2.49
Belgium,BEL,1904,21.24,2.49
Belgium,BEL,1905,20.2,2.49
Belgium,BEL,1906,21.05,2.49
Belgium,BEL,1907,18.86,2.49
Belgium,BEL,1908,20.7,2.49
Belgium,BEL,1909,19.59,2.49
Belgium,BEL,1910,19.38,2.49
Belgium,BEL,1911,21.83,2.49
Belgium,BEL,1912,17.66,2.49
Belgium,BEL,1913,17.94,2.49
Belgium,BEL,1914,20.53,2.49
Belgium,BEL,1915,19.6,2.49
Belgium,BEL,1916,17.91,2.49
Belgium,BEL,1917,22.41,2.49
Belgium,BEL,1918,21.28,2.49
Belgium,BEL,1919,18.32,2.49
Belgium,BEL,1920,16.02,2.49
Belgium,BEL,1921,15.75,2.49
Belgium,BEL,1922,14.63,2.49
Belgium,BEL,1923,13.01,2.49
Belgium,BEL,1924,12.02,2.49
Belgium,BEL,1925,12.95,2.49
Belgium,BEL,1926,13.2,2.49
Belgium,BEL,1927,12.58,2.49
Belgium,BEL,1928,12.08,2.49
Belgium,BEL,1929,14.03,2.49
Belgium,BEL,1930,12.93,2.49
Belgium,BEL,1931,10.99,2.49
Belgium,BEL,1932,11.52,2.49
Belgium,BEL,1933,11.2,2.49
Belgium,BEL,1934,10.04,2.49
Belgium,BEL,1935,10.25,2.49
Belgium,BEL,1936,10.52,2.49
Belgium,BEL,1937,10.29,2.49
Belgium,BEL,1938,10.22,2.49
Belgium,BEL,1939,10.01,2.49
Belgium,BEL,1940,10.67,2.49
Belgium,BEL,1941,10.36,2.49
Belgium,BEL,1942,10.35,2.49
Belgium,BEL,1943,9.77,2.49
Belgium,BEL,1944,10.19,2.49
Belgium,BEL,1945,11.82,2.49
Belgium,BEL,1946,9.4,2.49
Belgium,BEL,1947,7.78,2.49
Belgium,BEL,1948,6.78,2.476
Belgium,BEL,1949,6.33,2.423
Belgium,BEL,1950,6.0,2.346
Belgium,BEL,1951,5.68,2.289
Belgium,BEL,1952,5.38,2.332
Belgium,BEL,1953,5.09,2.327
Belgium,BEL,1954,4.81,2.361
Belgium,BEL,1955,4.54,2.382
Belgium,BEL,1956,4.27,2.409
Belgium,BEL,1957,4.01,2.452
Belgium,BEL,1958,3.78,2.498
Belgium,BEL,1959,3.57,2.559
Belgium,BEL,1960,3.39,2.533
Belgium,BEL,1961,3.25,2.622
Belgium,BEL,1962,3.12,2.595
Belgium,BEL,1963,3.0,2.676
Belgium,BEL,1964,2.89,2.702
Belgium,BEL,1965,2.79,2.612
Belgium,BEL,1966,2.7,2.519
Belgium,BEL,1967,2.62,2.409
Belgium,BEL,1968,2.55,2.311
Belgium,BEL,1969,2.48,2.278
Belgium,BEL,1970,2.39,2.254
Belgium,BEL,1971,2.3,2.208
Belgium,BEL,1972,2.19,2.091
Belgium,BEL,1973,2.08,1.953
Belgium,BEL,1974,1.97,1.838
Belgium,BEL,1975,1.86,1.749
Belgium,BEL,1976,1.76,1.738
Belgium,BEL,1977,1.67,1.725
Belgium,BEL,1978,1.59,1.71
Belgium,BEL,1979,1.52,1.707
Belgium,BEL,1980,1.45,1.693
Belgium,BEL,1981,1.39,1.668
Belgium,BEL,1982,1.33,1.612
Belgium,BEL,1983,1.27,1.562
Belgium,BEL,1984,1.22,1.531
Belgium,BEL,1985,1.18,1.504
Belgium,BEL,1986,1.14,1.537
Belgium,BEL,1987,1.1,1.538
Belgium,BEL,1988,1.07,1.568
Belgium,BEL,1989,1.03,1.585
Belgium,BEL,1990,1.0,1.625
Belgium,BEL,1991,0.96,1.656
Belgium,BEL,1992,0.92,1.648
Belgium,BEL,1993,0.87,1.606
Belgium,BEL,1994,0.82,1.563
Belgium,BEL,1995,0.77,1.564
Belgium,BEL,1996,0.72,1.591
Belgium,BEL,1997,0.67,1.603
Belgium,BEL,1998,0.64,1.594
Belgium,BEL,1999,0.61,1.614
Belgium,BEL,2000,0.59,1.663
Belgium,BEL,2001,0.57,1.666
Belgium,BEL,2002,0.55,1.645
Belgium,BEL,2003,0.53,1.665
Belgium,BEL,2004,0.52,1.719
Belgium,BEL,2005,0.5,1.754
Belgium,BEL,2006,0.49,1.794
Belgium,BEL,2007,0.48,1.813
Belgium,BEL,2008,0.47,1.846
Belgium,BEL,2009,0.46,1.835
Belgium,BEL,2010,0.45,1.849
Belgium,BEL,2011,0.44,1.805
Belgium,BEL,2012,0.43,1.784
Belgium,BEL,2013,0.42,1.748
Belgium,BEL,2014,0.42,1.733
Belgium,BEL,2015,0.41,1.69
Belgium,BEL,2016,0.41,1.675
Belgium,BEL,2017,0.4,1.641
Belgium,BEL,2018,0.4,1.616
Belgium,BEL,2019,0.39,1.609
Belgium,BEL,2020,0.39,1.575
Belgium,BEL,2021,0.38,1.599
Belgium,BEL,2022,0.37,1.547
Belgium,BEL,2023,0.36,1.379
Belize,BLZ,1950,11.28,6.69
Belize,BLZ,1951,11.28,6.68
Belize,BLZ,1952,11.28,6.66
Belize,BLZ,1953,11.28,6.64
Belize,BLZ,1954,11.28,6.62
Belize,BLZ,1955,11.28,6.6
Belize,BLZ,1956,11.28,6.58
Belize,BLZ,1957,11.28,6.56
Belize,BLZ,1958,11.28,6.54
Belize,BLZ,1959,11.28,6.52
Belize,BLZ,1960,11.28,6.5
Belize,BLZ,1961,11.28,6.48
Belize,BLZ,1962,11.28,6.46
Belize,BLZ,1963,11.28,6.44
Belize,BLZ,1964,11.28,6.42
Belize,BLZ,1965,11.28,6.4
Belize,BLZ,1966,11.28,6.379
Belize,BLZ,1967,11.28,6.358
Belize,BLZ,1968,10.79,6.337
Belize,BLZ,1969,10.33,6.316
Belize,BLZ,1970,9.89,6.299
Belize,BLZ,1971,9.48,6.288
Belize,BLZ,1972,9.08,6.284
Belize,BLZ,1973,8.69,6.285
Belize,BLZ,1974,8.33,6.287
Belize,BLZ,1975,8.0,6.278
Belize,BLZ,1976,7.67,6.25
Belize,BLZ,1977,7.38,6.195
Belize,BLZ,1978,7.09,6.109
Belize,BLZ,1979,6.81,5.992
Belize,BLZ,1980,6.55,5.849
Belize,BLZ,1981,6.3,5.684
Belize,BLZ,1982,6.04,5.497
Belize,BLZ,1983,5.78,5.309
Belize,BLZ,1984,5.52,5.115
Belize,BLZ,1985,5.25,4.997
Belize,BLZ,1986,4.98,4.937
Belize,BLZ,1987,4.71,4.883
Belize,BLZ,1988,4.44,4.868
Belize,BLZ,1989,4.18,4.864
Belize,BLZ,1990,3.93,4.802
Belize,BLZ,1991,3.69,4.595
Belize,BLZ,1992,3.48,4.429
Belize,BLZ,1993,3.3,4.206
Belize,BLZ,1994,3.13,3.973
Belize,BLZ,1995,2.99,3.876
Belize,BLZ,1996,2.86,3.755
Belize,BLZ,1997,2.74,3.737
Belize,BLZ,1998,2.64,3.752
Belize,BLZ,1999,2.54,3.726
Belize,BLZ,2000,2.45,3.633
Belize,BLZ,2001,2.36,3.526
Belize,BLZ,2002,2.28,3.43
Belize,BLZ,2003,2.21,3.335
Belize,BLZ,2004,2.15,3.252
Belize,BLZ,2005,2.1,3.173
Belize,BLZ,2006,2.06,3.021
Belize,BLZ,2007,2.01,2.885
Belize,BLZ,2008,1.97,2.78
Belize,BLZ,2009,1.93,2.659
Belize,BLZ,2010,1.88,2.552
Belize,BLZ,2011,1.83,2.531
Belize,BLZ,2012,1.77,2.51
Belize,BLZ,2013,1.7,2.498
Belize,BLZ,2014,1.63,2.474
Belize,BLZ,2015,1.56,2.433
Belize,BLZ,2016,1.5,2.396
Belize,BLZ,2017,1.44,2.368
Belize,BLZ,2018,1.39,2.343
Belize,BLZ,2019,1.35,2.142
Belize,BLZ,2020,1.32,2.04
Belize,BLZ,2021,1.3,1.837
Belize,BLZ,2022,1.28,1.949
Belize,BLZ,2023,1.27,2.007
Benin,BEN,1945,37.11,5.751
Benin,BEN,1946,36.7,5.751
Benin,BEN,1947,36.31,5.751
Benin,BEN,1948,35.91,5.751
Benin,BEN,1949,35.53,5.751
Benin,BEN,1950,35.16,5.751
Benin,BEN,1951,34.8,5.777
Benin,BEN,1952,34.42,5.829
Benin,BEN,1953,34.08,5.883
Benin,BEN,1954,33.71,5.938
Benin,BEN,1955,33.35,5.993
Benin,BEN,1956,32.95,6.05
Benin,BEN,1957,32.53,6.108
Benin,BEN,1958,32.11,6.166
Benin,BEN,1959,31.66,6.225
Benin,BEN,1960,31.2,6.282
Benin,BEN,1961,30.71,6.402
Benin,BEN,1962,30.19,6.457
Benin,BEN,1963,29.63,6.51
Benin,BEN,1964,29.07,6.565
Benin,BEN,1965,28.54,6.605
Benin,BEN,1966,28.0,6.625
Benin,BEN,1967,27.51,6.643
Benin,BEN,1968,27.03,6.669
Benin,BEN,1969,26.57,6.705
Benin,BEN,1970,26.11,6.735
Benin,BEN,1971,25.67,6.766
Benin,BEN,1972,25.18,6.799
Benin,BEN,1973,24.7,6.809
Benin,BEN,1974,24.18,6.822
Benin,BEN,1975,23.65,6.83
Benin,BEN,1976,23.12,6.83
Benin,BEN,1977,22.59,6.832
Benin,BEN,1978,22.09,6.824
Benin,BEN,1979,21.61,6.905
Benin,BEN,1980,21.17,6.989
Benin,BEN,1981,20.75,7.056
Benin,BEN,1982,20.36,7.055
Benin,BEN,1983,19.97,7.045
Benin,BEN,1984,19.58,7.031
Benin,BEN,1985,19.2,7.003
Benin,BEN,1986,18.81,6.962
Benin,BEN,1987,18.42,6.918
Benin,BEN,1988,18.03,6.871
Benin,BEN,1989,17.63,6.815
Benin,BEN,1990,17.22,6.741
Benin,BEN,1991,16.8,6.666
Benin,BEN,1992,16.39,6.593
Benin,BEN,1993,15.99,6.51
Benin,BEN,1994,15.61,6.419
Benin,BEN,1995,15.24,6.33
Benin,BEN,1996,14.9,6.279
Benin,BEN,1997,14.58,6.23
Benin,BEN,1998,14.26,6.136
Benin,BEN,1999,13.93,6.032
Benin,BEN,2000,13.61,5.937
Benin,BEN,2001,13.28,5.848
Benin,BEN,2002,12.96,5.793
Benin,BEN,2003,12.65,5.763
Benin,BEN,2004,12.35,5.718
Benin,BEN,2005,12.06,5.692
Benin,BEN,2006,11.79,5.673
Benin,BEN,2007,11.54,5.627
Benin,BEN,2008,11.3,5.548
Benin,BEN,2009,11.06,5.491
Benin,BEN,2010,10.84,5.452
Benin,BEN,2011,10.62,5.436
Benin,BEN,2012,10.39,5.429
Benin,BEN,2013,10.16,5.41
Benin,BEN,2014,9.93,5.374
Benin,BEN,2015,9.71,5.32
Benin,BEN,2016,9.5,5.254
Benin,BEN,2017,9.27,5.155
Benin,BEN,2018,9.05,5.031
Benin,BEN,2019,8.8,4.9
Benin,BEN,2020,8.55,4.795
Benin,BEN,2021,8.31,4.707
Benin,BEN,2022,8.04,4.634
Benin,BEN,2023,7.79,4.556
Bermuda,BMU,1950,7.30375,3.617
Bermuda,BMU,1951,7.30375,3.565
Bermuda,BMU,1952,7.30375,3.538
Bermuda,BMU,1953,7.30375,3.514
Bermuda,BMU,1954,7.30375,3.508
Bermuda,BMU,1955,7.30375,3.487
Bermuda,BMU,1956,7.30375,3.478
Bermuda,BMU,1957,7.30375,3.543
Bermuda,BMU,1958,7.30375,3.581
Bermuda,BMU,1959,7.30375,3.629
Bermuda,BMU,1960,7.30375,3.63
Bermuda,BMU,1961,7.30375,3.594
Bermuda,BMU,1962,7.30375,3.441
Bermuda,BMU,1963,7.30375,3.476
Bermuda,BMU,1964,7.30375,3.231
Bermuda,BMU,1965,7.30375,3.077
Bermuda,BMU,1966,7.30375,2.794
Bermuda,BMU,1967,7.30375,2.567
Bermuda,BMU,1968,7.30375,2.451
Bermuda,BMU,1969,7.30375,2.361
Bermuda,BMU,1970,7.30375,2.308
Bermuda,BMU,1971,7.30375,2.277
Bermuda,BMU,1972,7.30375,2.225
Bermuda,BMU,1973,7.30375,2.143
Bermuda,BMU,1974,7.30375,2.023
Bermuda,BMU,1975,7.30375,1.888
Bermuda,BMU,1976,7.30375,1.864
Bermuda,BMU,1977,7.30375,1.689
Bermuda,BMU,1978,7.30375,1.798
Bermuda,BMU,1979,7.30375,1.661
Bermuda,BMU,1980,7.30375,1.664
Bermuda,BMU,1981,7.30375,1.596
Bermuda,BMU,1982,7.30375,1.643
Bermuda,BMU,1983,7.30375,1.812
Bermuda,BMU,1984,7.30375,1.683
Bermuda,BMU,1985,7.30375,1.774
Bermuda,BMU,1986,7.30375,1.732
Bermuda,BMU,1987,7.30375,1.746
Bermuda,BMU,1988,7.30375,1.797
Bermuda,BMU,1989,7.30375,1.76
Bermuda,BMU,1990,7.30375,1.699
Bermuda,BMU,1991,7.30375,1.744
Bermuda,BMU,1992,7.30375,1.725
Bermuda,BMU,1993,7.30375,1.7
Bermuda,BMU,1994,7.30375,1.684
Bermuda,BMU,1995,7.30375,1.677
Bermuda,BMU,1996,7.30375,1.699
Bermuda,BMU,1997,7.30375,1.692
Bermuda,BMU,1998,7.30375,1.794
Bermuda,BMU,1999,7.30375,1.794
Bermuda,BMU,2000,7.30375,1.738
Bermuda,BMU,2001,7.30375,1.861
Bermuda,BMU,2002,7.30375,1.815
Bermuda,BMU,2003,7.30375,1.79
Bermuda,BMU,2004,7.30375,1.76
Bermuda,BMU,2005,7.30375,1.782
Bermuda,BMU,2006,7.30375,1.79
Bermuda,BMU,2007,7.30375,1.934
Bermuda,BMU,2008,7.30375,1.86
Bermuda,BMU,2009,7.30375,1.853
Bermuda,BMU,2010,7.30375,1.767
Bermuda,BMU,2011,7.30375,1.569
Bermuda,BMU,2012,7.30375,1.528
Bermuda,BMU,2013,7.30375,1.522
Bermuda,BMU,2014,7.30375,1.42
Bermuda,BMU,2015,7.30375,1.44
Bermuda,BMU,2016,7.30375,1.45
Bermuda,BMU,2017,7.30375,1.419
Bermuda,BMU,2018,7.30375,1.374
Bermuda,BMU,2019,7.30375,1.383
Bermuda,BMU,2020,7.30375,1.451
Bermuda,BMU,2021,7.30375,1.389
Bermuda,BMU,2022,7.30375,1.397
Bermuda,BMU,2023,7.30375,1.401
Bhutan,BTN,1950,27.39,6.848
Bhutan,BTN,1951,27.39,6.823
Bhutan,BTN,1952,27.39,6.802
Bhutan,BTN,1953,27.39,6.788
Bhutan,BTN,1954,27.39,6.775
Bhutan,BTN,1955,27.39,6.762
Bhutan,BTN,1956,27.39,6.752
Bhutan,BTN,1957,27.39,6.738
Bhutan,BTN,1958,27.39,6.721
Bhutan,BTN,1959,27.39,6.708
Bhutan,BTN,1960,27.39,6.704
Bhutan,BTN,1961,27.39,6.698
Bhutan,BTN,1962,27.39,6.692
Bhutan,BTN,1963,27.39,6.687
Bhutan,BTN,1964,27.39,6.682
Bhutan,BTN,1965,27.39,6.679
Bhutan,BTN,1966,27.39,6.674
Bhutan,BTN,1967,27.39,6.669
Bhutan,BTN,1968,27.39,6.664
Bhutan,BTN,1969,26.74,6.658
Bhutan,BTN,1970,26.16,6.65
Bhutan,BTN,1971,25.52,6.643
Bhutan,BTN,1972,24.89,6.639
Bhutan,BTN,1973,24.25,6.633
Bhutan,BTN,1974,23.6,6.618
Bhutan,BTN,1975,22.93,6.62
Bhutan,BTN,1976,22.26,6.616
Bhutan,BTN,1977,21.58,6.605
Bhutan,BTN,1978,20.87,6.584
Bhutan,BTN,1979,20.19,6.553
Bhutan,BTN,1980,19.47,6.511
Bhutan,BTN,1981,18.74,6.46
Bhutan,BTN,1982,18.04,6.402
Bhutan,BTN,1983,17.33,6.336
Bhutan,BTN,1984,16.62,6.262
Bhutan,BTN,1985,15.93,6.176
Bhutan,BTN,1986,15.27,6.103
Bhutan,BTN,1987,14.63,5.999
Bhutan,BTN,1988,14.0,5.88
Bhutan,BTN,1989,13.39,5.757
Bhutan,BTN,1990,12.82,5.604
Bhutan,BTN,1991,12.28,5.451
Bhutan,BTN,1992,11.76,5.267
Bhutan,BTN,1993,11.25,5.072
Bhutan,BTN,1994,10.75,4.866
Bhutan,BTN,1995,10.25,4.624
Bhutan,BTN,1996,9.75,4.369
Bhutan,BTN,1997,9.26,4.088
Bhutan,BTN,1998,8.77,3.853
Bhutan,BTN,1999,8.3,3.607
Bhutan,BTN,2000,7.85,3.378
Bhutan,BTN,2001,7.4,3.188
Bhutan,BTN,2002,6.96,3.012
Bhutan,BTN,2003,6.54,2.865
Bhutan,BTN,2004,6.12,2.781
Bhutan,BTN,2005,5.71,2.726
Bhutan,BTN,2006,5.32,2.66
Bhutan,BTN,2007,4.96,2.589
Bhutan,BTN,2008,4.62,2.481
Bhutan,BTN,2009,4.31,2.364
Bhutan,BTN,2010,4.03,2.252
Bhutan,BTN,2011,3.77,2.155
Bhutan,BTN,2012,3.56,2.068
Bhutan,BTN,2013,3.38,2.0
Bhutan,BTN,2014,3.22,1.923
Bhutan,BTN,2015,3.08,1.835
Bhutan,BTN,2016,2.96,1.738
Bhutan,BTN,2017,2.85,1.621
Bhutan,BTN,2018,2.74,1.517
Bhutan,BTN,2019,2.65,1.448
Bhutan,BTN,2020,2.55,1.502
Bhutan,BTN,2021,2.47,1.488
Bhutan,BTN,2022,2.39,1.478
Bhutan,BTN,2023,2.31,1.462
Bolivia,BOL,1950,29.04,6.191
Bolivia,BOL,1951,29.04,6.191
Bolivia,BOL,1952,29.04,6.183
Bolivia,BOL,1953,29.04,6.202
Bolivia,BOL,1954,29.04,6.214
Bolivia,BOL,1955,29.04,6.241
Bolivia,BOL,1956,29.04,6.246
Bolivia,BOL,1957,29.04,6.264
Bolivia,BOL,1958,29.04,6.271
Bolivia,BOL,1959,29.04,6.276
Bolivia,BOL,1960,29.04,6.273
Bolivia,BOL,1961,28.43,6.257
Bolivia,BOL,1962,27.81,6.246
Bolivia,BOL,1963,27.21,6.232
Bolivia,BOL,1964,26.61,6.21
Bolivia,BOL,1965,26.0,6.182
Bolivia,BOL,1966,25.4,6.158
Bolivia,BOL,1967,24.8,6.133
Bolivia,BOL,1968,24.18,6.101
Bolivia,BOL,1969,23.55,6.058
Bolivia,BOL,1970,22.94,6.004
Bolivia,BOL,1971,22.3,5.947
Bolivia,BOL,1972,21.67,5.885
Bolivia,BOL,1973,21.04,5.847
Bolivia,BOL,1974,20.39,5.796
Bolivia,BOL,1975,19.75,5.748
Bolivia,BOL,1976,19.12,5.739
Bolivia,BOL,1977,18.51,5.673
Bolivia,BOL,1978,17.94,5.61
Bolivia,BOL,1979,17.41,5.542
Bolivia,BOL,1980,16.91,5.474
Bolivia,BOL,1981,16.45,5.408
Bolivia,BOL,1982,15.99,5.346
Bolivia,BOL,1983,15.55,5.289
Bolivia,BOL,1984,15.1,5.242
Bolivia,BOL,1985,14.63,5.153
Bolivia,BOL,1986,14.15,5.115
Bolivia,BOL,1987,13.65,5.063
Bolivia,BOL,1988,13.15,5.025
Bolivia,BOL,1989,12.66,4.965
Bolivia,BOL,1990,12.17,4.9
Bolivia,BOL,1991,11.7,4.846
Bolivia,BOL,1992,11.22,4.713
Bolivia,BOL,1993,10.76,4.592
Bolivia,BOL,1994,10.3,4.494
Bolivia,BOL,1995,9.84,4.409
Bolivia,BOL,1996,9.38,4.336
Bolivia,BOL,1997,8.93,4.219
Bolivia,BOL,1998,8.47,4.149
Bolivia,BOL,1999,8.02,4.09
Bolivia,BOL,2000,7.57,3.991
Bolivia,BOL,2001,7.14,3.89
Bolivia,BOL,2002,6.74,3.802
Bolivia,BOL,2003,6.35,3.721
Bolivia,BOL,2004,5.99,3.633
Bolivia,BOL,2005,5.64,3.558
Bolivia,BOL,2006,5.31,3.533
Bolivia,BOL,2007,5.0,3.447
Bolivia,BOL,2008,4.72,3.364
Bolivia,BOL,2009,4.45,3.287
Bolivia,BOL,2010,4.2,3.213
Bolivia,BOL,2011,3.97,3.143
Bolivia,BOL,2012,3.75,3.076
Bolivia,BOL,2013,3.54,3.01
Bolivia,BOL,2014,3.35,2.947
Bolivia,BOL,2015,3.18,2.886
Bolivia,BOL,2016,3.03,2.829
Bolivia,BOL,2017,2.9,2.777
Bolivia,BOL,2018,2.78,2.73
Bolivia,BOL,2019,2.67,2.688
Bolivia,BOL,2020,2.57,2.651
Bolivia,BOL,2021,2.48,2.618
Bolivia,BOL,2022,2.39,2.584
Bolivia,BOL,2023,2.31,2.547
Bonaire Sint Eustatius and Saba,BES,1950,7.30375,5.708
Bonaire Sint Eustatius and Saba,BES,1951,7.30375,5.7
Bonaire Sint Eustatius and Saba,BES,1952,7.30375,5.691
Bonaire Sint Eustatius and Saba,BES,1953,7.30375,5.668
Bonaire Sint Eustatius and Saba,BES,1954,7.30375,5.602
Bonaire Sint Eustatius and Saba,BES,1955,7.30375,5.46
Bonaire Sint Eustatius and Saba,BES,1956,7.30375,5.272
Bonaire Sint Eustatius and Saba,BES,1957,7.30375,5.064
Bonaire Sint Eustatius and Saba,BES,1958,7.30375,4.888
Bonaire Sint Eustatius and Saba,BES,1959,7.30375,4.783
Bonaire Sint Eustatius and Saba,BES,1960,7.30375,4.762
Bonaire Sint Eustatius and Saba,BES,1961,7.30375,4.752
Bonaire Sint Eustatius and Saba,BES,1962,7.30375,4.736
Bonaire Sint Eustatius and Saba,BES,1963,7.30375,4.691
Bonaire Sint Eustatius and Saba,BES,1964,7.30375,4.609
Bonaire Sint Eustatius and Saba,BES,1965,7.30375,4.447
Bonaire Sint Eustatius and Saba,BES,1966,7.30375,4.155
Bonaire Sint Eustatius and Saba,BES,1967,7.30375,3.777
Bonaire Sint Eustatius and Saba,BES,1968,7.30375,3.491
Bonaire Sint Eustatius and Saba,BES,1969,7.30375,3.298
Bonaire Sint Eustatius and Saba,BES,1970,7.30375,3.156
Bonaire Sint Eustatius and Saba,BES,1971,7.30375,3.035
Bonaire Sint Eustatius and Saba,BES,1972,7.30375,2.962
Bonaire Sint Eustatius and Saba,BES,1973,7.30375,2.949
Bonaire Sint Eustatius and Saba,BES,1974,7.30375,2.954
Bonaire Sint Eustatius and Saba,BES,1975,7.30375,2.946
Bonaire Sint Eustatius and Saba,BES,1976,7.30375,2.916
Bonaire Sint Eustatius and Saba,BES,1977,7.30375,2.862
Bonaire Sint Eustatius and Saba,BES,1978,7.30375,2.793
Bonaire Sint Eustatius and Saba,BES,1979,7.30375,2.737
Bonaire Sint Eustatius and Saba,BES,1980,7.30375,2.712
Bonaire Sint Eustatius and Saba,BES,1981,7.30375,2.707
Bonaire Sint Eustatius and Saba,BES,1982,7.30375,2.718
Bonaire Sint Eustatius and Saba,BES,1983,7.30375,2.707
Bonaire Sint Eustatius and Saba,BES,1984,7.30375,2.671
Bonaire Sint Eustatius and Saba,BES,1985,7.30375,2.615
Bonaire Sint Eustatius and Saba,BES,1986,7.30375,2.554
Bonaire Sint Eustatius and Saba,BES,1987,7.30375,2.486
Bonaire Sint Eustatius and Saba,BES,1988,7.30375,2.442
Bonaire Sint Eustatius and Saba,BES,1989,7.30375,2.412
Bonaire Sint Eustatius and Saba,BES,1990,7.30375,2.404
Bonaire Sint Eustatius and Saba,BES,1991,7.30375,2.412
Bonaire Sint Eustatius and Saba,BES,1992,7.30375,2.418
Bonaire Sint Eustatius and Saba,BES,1993,7.30375,2.42
Bonaire Sint Eustatius and Saba,BES,1994,7.30375,2.397
Bonaire Sint Eustatius and Saba,BES,1995,7.30375,2.356
Bonaire Sint Eustatius and Saba,BES,1996,7.30375,2.286
Bonaire Sint Eustatius and Saba,BES,1997,7.30375,2.197
Bonaire Sint Eustatius and Saba,BES,1998,7.30375,2.089
Bonaire Sint Eustatius and Saba,BES,1999,7.30375,1.968
Bonaire Sint Eustatius and Saba,BES,2000,7.30375,1.86
Bonaire Sint Eustatius and Saba,BES,2001,7.30375,1.767
Bonaire Sint Eustatius and Saba,BES,2002,7.30375,1.695
Bonaire Sint Eustatius and Saba,BES,2003,7.30375,1.644
Bonaire Sint Eustatius and Saba,BES,2004,7.30375,1.61
Bonaire Sint Eustatius and Saba,BES,2005,7.30375,1.605
Bonaire Sint Eustatius and Saba,BES,2006,7.30375,1.626
Bonaire Sint Eustatius and Saba,BES,2007,7.30375,1.668
Bonaire Sint Eustatius and Saba,BES,2008,7.30375,1.698
Bonaire Sint Eustatius and Saba,BES,2009,7.30375,1.704
Bonaire Sint Eustatius and Saba,BES,2010,7.30375,1.677
Bonaire Sint Eustatius and Saba,BES,2011,7.30375,1.63
Bonaire Sint Eustatius and Saba,BES,2012,7.30375,1.53
Bonaire Sint Eustatius and Saba,BES,2013,7.30375,1.64
Bonaire Sint Eustatius and Saba,BES,2014,7.30375,1.51
Bonaire Sint Eustatius and Saba,BES,2015,7.30375,1.32
Bonaire Sint Eustatius and Saba,BES,2016,7.30375,1.53
Bonaire Sint Eustatius and Saba,BES,2017,7.30375,1.5
Bonaire Sint Eustatius and Saba,BES,2018,7.30375,1.58
Bonaire Sint Eustatius and Saba,BES,2019,7.30375,1.52
Bonaire Sint Eustatius and Saba,BES,2020,7.30375,1.7
Bonaire Sint Eustatius and Saba,BES,2021,7.30375,1.58
Bonaire Sint Eustatius and Saba,BES,2022,7.30375,1.5
Bonaire Sint Eustatius and Saba,BES,2023,7.30375,1.473
Bosnia and Herzegovina,BIH,1950,15.85,5.069
Bosnia and Herzegovina,BIH,1951,15.85,4.847
Bosnia and Herzegovina,BIH,1952,15.85,5.019
Bosnia and Herzegovina,BIH,1953,15.85,4.941
Bosnia and Herzegovina,BIH,1954,15.85,4.819
Bosnia and Herzegovina,BIH,1955,15.85,4.583
Bosnia and Herzegovina,BIH,1956,15.85,4.361
Bosnia and Herzegovina,BIH,1957,15.85,4.091
Bosnia and Herzegovina,BIH,1958,15.85,4.06
Bosnia and Herzegovina,BIH,1959,15.85,3.992
Bosnia and Herzegovina,BIH,1960,15.85,3.963
Bosnia and Herzegovina,BIH,1961,15.077,3.888
Bosnia and Herzegovina,BIH,1962,14.304,3.805
Bosnia and Herzegovina,BIH,1963,13.530999999999999,3.7
Bosnia and Herzegovina,BIH,1964,12.758,3.6
Bosnia and Herzegovina,BIH,1965,11.985,3.53
Bosnia and Herzegovina,BIH,1966,11.212,3.394
Bosnia and Herzegovina,BIH,1967,10.439,3.219
Bosnia and Herzegovina,BIH,1968,9.666,3.076
Bosnia and Herzegovina,BIH,1969,8.893,2.954
Bosnia and Herzegovina,BIH,1970,8.12,2.791
Bosnia and Herzegovina,BIH,1971,7.729230769230768,2.749
Bosnia and Herzegovina,BIH,1972,7.338461538461538,2.672
Bosnia and Herzegovina,BIH,1973,6.947692307692307,2.539
Bosnia and Herzegovina,BIH,1974,6.556923076923076,2.454
Bosnia and Herzegovina,BIH,1975,6.166153846153845,2.389
Bosnia and Herzegovina,BIH,1976,5.775384615384615,2.314
Bosnia and Herzegovina,BIH,1977,5.384615384615384,2.197
Bosnia and Herzegovina,BIH,1978,4.993846153846153,2.081
Bosnia and Herzegovina,BIH,1979,4.603076923076923,1.993
Bosnia and Herzegovina,BIH,1980,4.212307692307692,1.98
Bosnia and Herzegovina,BIH,1981,3.821538461538461,2.024
Bosnia and Herzegovina,BIH,1982,3.430769230769231,2.052
Bosnia and Herzegovina,BIH,1983,3.04,2.049
Bosnia and Herzegovina,BIH,1984,2.94,2.015
Bosnia and Herzegovina,BIH,1985,2.7,1.96
Bosnia and Herzegovina,BIH,1986,2.49,1.909
Bosnia and Herzegovina,BIH,1987,2.3,1.879
Bosnia and Herzegovina,BIH,1988,2.12,1.849
Bosnia and Herzegovina,BIH,1989,1.96,1.792
Bosnia and Herzegovina,BIH,1990,1.82,1.786
Bosnia and Herzegovina,BIH,1991,1.69,1.782
Bosnia and Herzegovina,BIH,1992,5.78,1.758
Bosnia and Herzegovina,BIH,1993,5.87,1.729
Bosnia and Herzegovina,BIH,1994,1.4,1.698
Bosnia and Herzegovina,BIH,1995,1.94,1.669
Bosnia and Herzegovina,BIH,1996,1.24,1.652
Bosnia and Herzegovina,BIH,1997,1.17,1.686
Bosnia and Herzegovina,BIH,1998,1.09,1.561
Bosnia and Herzegovina,BIH,1999,1.02,1.366
Bosnia and Herzegovina,BIH,2000,0.95,1.282
Bosnia and Herzegovina,BIH,2001,0.89,1.23
Bosnia and Herzegovina,BIH,2002,0.84,1.231
Bosnia and Herzegovina,BIH,2003,0.8,1.219
Bosnia and Herzegovina,BIH,2004,0.76,1.221
Bosnia and Herzegovina,BIH,2005,0.74,1.203
Bosnia and Herzegovina,BIH,2006,0.72,1.18
Bosnia and Herzegovina,BIH,2007,0.71,1.19
Bosnia and Herzegovina,BIH,2008,0.7,1.21
Bosnia and Herzegovina,BIH,2009,0.69,1.267
Bosnia and Herzegovina,BIH,2010,0.68,1.26
Bosnia and Herzegovina,BIH,2011,0.68,1.209
Bosnia and Herzegovina,BIH,2012,0.67,1.252
Bosnia and Herzegovina,BIH,2013,0.67,1.278
Bosnia and Herzegovina,BIH,2014,0.67,1.262
Bosnia and Herzegovina,BIH,2015,0.67,1.322
Bosnia and Herzegovina,BIH,2016,0.68,1.36
Bosnia and Herzegovina,BIH,2017,0.68,1.419
Bosnia and Herzegovina,BIH,2018,0.68,1.504
Bosnia and Herzegovina,BIH,2019,0.67,1.509
Bosnia and Herzegovina,BIH,2020,0.66,1.515
Bosnia and Herzegovina,BIH,2021,0.64,1.49
Bosnia and Herzegovina,BIH,2022,0.62,1.481
Bosnia and Herzegovina,BIH,2023,0.6,1.486
Botswana,BWA,1950,20.32,6.429
Botswana,BWA,1951,20.32,6.436
Botswana,BWA,1952,20.32,6.439
Botswana,BWA,1953,20.32,6.473
Botswana,BWA,1954,20.32,6.507
Botswana,BWA,1955,19.62,6.546
Botswana,BWA,1956,19.01,6.585
Botswana,BWA,1957,18.41,6.62
Botswana,BWA,1958,17.82,6.624
Botswana,BWA,1959,17.28,6.621
Botswana,BWA,1960,16.77,6.595
Botswana,BWA,1961,16.26,6.564
Botswana,BWA,1962,15.79,6.536
Botswana,BWA,1963,15.34,6.578
Botswana,BWA,1964,14.89,6.613
Botswana,BWA,1965,14.46,6.604
Botswana,BWA,1966,14.04,6.606
Botswana,BWA,1967,13.63,6.598
Botswana,BWA,1968,13.23,6.582
Botswana,BWA,1969,12.81,6.559
Botswana,BWA,1970,12.37,6.55
Botswana,BWA,1971,11.89,6.544
Botswana,BWA,1972,11.4,6.563
Botswana,BWA,1973,10.91,6.587
Botswana,BWA,1974,10.41,6.614
Botswana,BWA,1975,9.88,6.613
Botswana,BWA,1976,9.32,6.599
Botswana,BWA,1977,8.77,6.543
Botswana,BWA,1978,8.23,6.479
Botswana,BWA,1979,7.74,6.395
Botswana,BWA,1980,7.29,6.292
Botswana,BWA,1981,6.86,6.163
Botswana,BWA,1982,6.47,5.97
Botswana,BWA,1983,6.12,5.785
Botswana,BWA,1984,5.8,5.625
Botswana,BWA,1985,5.5,5.482
Botswana,BWA,1986,5.22,5.332
Botswana,BWA,1987,5.0,5.104
Botswana,BWA,1988,4.88,4.878
Botswana,BWA,1989,4.87,4.666
Botswana,BWA,1990,5.01,4.509
Botswana,BWA,1991,5.29,4.365
Botswana,BWA,1992,5.7,4.255
Botswana,BWA,1993,6.2,4.152
Botswana,BWA,1994,6.72,4.021
Botswana,BWA,1995,6.74,3.792
Botswana,BWA,1996,7.1,3.573
Botswana,BWA,1997,7.37,3.431
Botswana,BWA,1998,7.57,3.362
Botswana,BWA,1999,7.91,3.313
Botswana,BWA,2000,8.11,3.294
Botswana,BWA,2001,8.12,3.248
Botswana,BWA,2002,8.0,3.175
Botswana,BWA,2003,7.85,3.106
Botswana,BWA,2004,7.63,3.063
Botswana,BWA,2005,7.03,3.082
Botswana,BWA,2006,6.43,3.114
Botswana,BWA,2007,6.16,3.127
Botswana,BWA,2008,6.03,3.131
Botswana,BWA,2009,5.78,3.133
Botswana,BWA,2010,5.58,3.135
Botswana,BWA,2011,5.68,3.103
Botswana,BWA,2012,5.34,3.07
Botswana,BWA,2013,5.1,3.045
Botswana,BWA,2014,5.11,3.027
Botswana,BWA,2015,4.98,3.008
Botswana,BWA,2016,4.9,2.99
Botswana,BWA,2017,4.65,2.969
Botswana,BWA,2018,4.59,2.941
Botswana,BWA,2019,4.5,2.906
Botswana,BWA,2020,4.39,2.861
Botswana,BWA,2021,4.2,2.827
Botswana,BWA,2022,4.07,2.785
Botswana,BWA,2023,3.96,2.732
Brazil,BRA,1934,26.44,6.122
Brazil,BRA,1935,26.23,6.122
Brazil,BRA,1936,26.0,6.122
Brazil,BRA,1937,25.69,6.122
Brazil,BRA,1938,25.43,6.122
Brazil,BRA,1939,25.19,6.122
Brazil,BRA,1940,24.93,6.122
Brazil,BRA,1941,24.63,6.122
Brazil,BRA,1942,24.37,6.122
Brazil,BRA,1943,24.08,6.122
Brazil,BRA,1944,23.78,6.122
Brazil,BRA,1945,23.46,6.122
Brazil,BRA,1946,23.11,6.122
Brazil,BRA,1947,22.76,6.122
Brazil,BRA,1948,22.38,6.122
Brazil,BRA,1949,22.01,6.122
Brazil,BRA,1950,21.61,6.122
Brazil,BRA,1951,21.19,6.115
Brazil,BRA,1952,20.75,6.102
Brazil,BRA,1953,20.31,6.093
Brazil,BRA,1954,19.86,6.087
Brazil,BRA,1955,19.39,6.084
Brazil,BRA,1956,18.91,6.083
Brazil,BRA,1957,18.42,6.084
Brazil,BRA,1958,17.93,6.083
Brazil,BRA,1959,17.44,6.077
Brazil,BRA,1960,16.94,6.051
Brazil,BRA,1961,16.47,6.022
Brazil,BRA,1962,16.03,5.984
Brazil,BRA,1963,15.61,5.93
Brazil,BRA,1964,15.22,5.818
Brazil,BRA,1965,14.86,5.677
Brazil,BRA,1966,14.52,5.516
Brazil,BRA,1967,14.19,5.336
Brazil,BRA,1968,13.88,5.165
Brazil,BRA,1969,13.55,5.041
Brazil,BRA,1970,13.22,4.934
Brazil,BRA,1971,12.89,4.838
Brazil,BRA,1972,12.55,4.735
Brazil,BRA,1973,12.21,4.638
Brazil,BRA,1974,11.89,4.502
Brazil,BRA,1975,11.56,4.415
Brazil,BRA,1976,11.21,4.339
Brazil,BRA,1977,10.83,4.267
Brazil,BRA,1978,10.43,4.195
Brazil,BRA,1979,10.01,4.12
Brazil,BRA,1980,9.57,4.037
Brazil,BRA,1981,9.14,3.943
Brazil,BRA,1982,8.73,3.838
Brazil,BRA,1983,8.34,3.723
Brazil,BRA,1984,7.98,3.6
Brazil,BRA,1985,7.67,3.48
Brazil,BRA,1986,7.38,3.361
Brazil,BRA,1987,7.11,3.232
Brazil,BRA,1988,6.84,3.112
Brazil,BRA,1989,6.58,3.007
Brazil,BRA,1990,6.31,2.896
Brazil,BRA,1991,6.02,2.805
Brazil,BRA,1992,5.72,2.71
Brazil,BRA,1993,5.41,2.66
Brazil,BRA,1994,5.09,2.603
Brazil,BRA,1995,4.77,2.567
Brazil,BRA,1996,4.47,2.511
Brazil,BRA,1997,4.19,2.468
Brazil,BRA,1998,3.93,2.418
Brazil,BRA,1999,3.68,2.335
Brazil,BRA,2000,3.45,2.247
Brazil,BRA,2001,3.22,2.162
Brazil,BRA,2002,3.01,2.081
Brazil,BRA,2003,2.81,2.006
Brazil,BRA,2004,2.63,1.973
Brazil,BRA,2005,2.46,1.942
Brazil,BRA,2006,2.31,1.896
Brazil,BRA,2007,2.17,1.854
Brazil,BRA,2008,2.05,1.815
Brazil,BRA,2009,1.95,1.799
Brazil,BRA,2010,1.86,1.786
Brazil,BRA,2011,1.79,1.777
Brazil,BRA,2012,1.72,1.766
Brazil,BRA,2013,1.67,1.761
Brazil,BRA,2014,1.63,1.775
Brazil,BRA,2015,1.6,1.777
Brazil,BRA,2016,1.68,1.727
Brazil,BRA,2017,1.54,1.74
Brazil,BRA,2018,1.52,1.744
Brazil,BRA,2019,1.5,1.705
Brazil,BRA,2020,1.49,1.653
Brazil,BRA,2021,1.47,1.638
Brazil,BRA,2022,1.46,1.629
Brazil,BRA,2023,1.44,1.619
British Virgin Islands,VGB,1950,12.21,5.049
British Virgin Islands,VGB,1951,12.21,5.13
British Virgin Islands,VGB,1952,12.21,5.202
British Virgin Islands,VGB,1953,12.21,5.251
British Virgin Islands,VGB,1954,12.21,5.274
British Virgin Islands,VGB,1955,12.21,5.303
British Virgin Islands,VGB,1956,11.5,5.226
British Virgin Islands,VGB,1957,10.82,5.158
British Virgin Islands,VGB,1958,10.19,5.063
British Virgin Islands,VGB,1959,9.59,4.945
British Virgin Islands,VGB,1960,9.03,4.812
British Virgin Islands,VGB,1961,8.48,4.667
British Virgin Islands,VGB,1962,7.97,4.514
British Virgin Islands,VGB,1963,7.48,4.363
British Virgin Islands,VGB,1964,7.02,4.194
British Virgin Islands,VGB,1965,6.58,4.053
British Virgin Islands,VGB,1966,6.17,3.965
British Virgin Islands,VGB,1967,5.79,3.912
British Virgin Islands,VGB,1968,5.45,3.875
British Virgin Islands,VGB,1969,5.14,3.807
British Virgin Islands,VGB,1970,4.86,3.739
British Virgin Islands,VGB,1971,4.61,3.642
British Virgin Islands,VGB,1972,4.39,3.542
British Virgin Islands,VGB,1973,4.21,3.428
British Virgin Islands,VGB,1974,4.05,3.333
British Virgin Islands,VGB,1975,3.92,3.254
British Virgin Islands,VGB,1976,3.82,3.2
British Virgin Islands,VGB,1977,3.72,3.148
British Virgin Islands,VGB,1978,3.64,3.113
British Virgin Islands,VGB,1979,3.55,3.066
British Virgin Islands,VGB,1980,3.46,2.924
British Virgin Islands,VGB,1981,3.36,2.334
British Virgin Islands,VGB,1982,3.25,2.269
British Virgin Islands,VGB,1983,3.14,2.121
British Virgin Islands,VGB,1984,3.02,1.987
British Virgin Islands,VGB,1985,2.9,1.919
British Virgin Islands,VGB,1986,2.78,1.78
British Virgin Islands,VGB,1987,2.65,1.717
British Virgin Islands,VGB,1988,2.53,1.711
British Virgin Islands,VGB,1989,2.41,1.769
British Virgin Islands,VGB,1990,2.29,1.779
British Virgin Islands,VGB,1991,2.19,1.843
British Virgin Islands,VGB,1992,2.1,1.878
British Virgin Islands,VGB,1993,2.02,1.81
British Virgin Islands,VGB,1994,1.95,1.659
British Virgin Islands,VGB,1995,1.89,1.777
British Virgin Islands,VGB,1996,1.83,1.894
British Virgin Islands,VGB,1997,1.79,2.009
British Virgin Islands,VGB,1998,1.75,1.523
British Virgin Islands,VGB,1999,1.71,1.786
British Virgin Islands,VGB,2000,1.68,1.839
British Virgin Islands,VGB,2001,1.66,1.517
British Virgin Islands,VGB,2002,1.63,1.247
British Virgin Islands,VGB,2003,1.61,1.309
British Virgin Islands,VGB,2004,1.6,1.5
British Virgin Islands,VGB,2005,1.59,1.34
British Virgin Islands,VGB,2006,1.58,1.234
British Virgin Islands,VGB,2007,1.57,1.312
British Virgin Islands,VGB,2008,1.57,1.272
British Virgin Islands,VGB,2009,1.56,1.23
British Virgin Islands,VGB,2010,1.56,1.183
British Virgin Islands,VGB,2011,1.56,1.268
British Virgin Islands,VGB,2012,1.56,1.103
British Virgin Islands,VGB,2013,1.56,1.086
British Virgin Islands,VGB,2014,1.56,1.235
British Virgin Islands,VGB,2015,1.55,1.186
British Virgin Islands,VGB,2016,1.52,0.987
British Virgin Islands,VGB,2017,1.5,0.873
British Virgin Islands,VGB,2018,1.46,0.905
British Virgin Islands,VGB,2019,1.43,0.941
British Virgin Islands,VGB,2020,1.39,0.975
British Virgin Islands,VGB,2021,1.35,0.999
British Virgin Islands,VGB,2022,1.31,1.025
British Virgin Islands,VGB,2023,1.27,1.045
Brunei,BRN,1945,29.19,6.977
Brunei,BRN,1946,27.07,6.977
Brunei,BRN,1947,25.14,6.977
Brunei,BRN,1948,23.37,6.977
Brunei,BRN,1949,21.65,6.977
Brunei,BRN,1950,20.07,6.977
Brunei,BRN,1951,18.57,7.028
Brunei,BRN,1952,17.17,7.1
Brunei,BRN,1953,15.83,7.2
Brunei,BRN,1954,14.59,7.308
Brunei,BRN,1955,13.42,7.397
Brunei,BRN,1956,12.33,7.448
Brunei,BRN,1957,11.35,7.476
Brunei,BRN,1958,10.44,7.475
Brunei,BRN,1959,9.63,7.421
Brunei,BRN,1960,8.9,7.322
Brunei,BRN,1961,8.24,7.185
Brunei,BRN,1962,7.66,7.03
Brunei,BRN,1963,7.15,6.893
Brunei,BRN,1964,6.7,6.773
Brunei,BRN,1965,6.32,6.647
Brunei,BRN,1966,5.98,6.514
Brunei,BRN,1967,5.69,6.372
Brunei,BRN,1968,5.42,6.204
Brunei,BRN,1969,5.16,6.008
Brunei,BRN,1970,4.91,5.801
Brunei,BRN,1971,4.64,5.619
Brunei,BRN,1972,4.35,5.5
Brunei,BRN,1973,4.06,5.355
Brunei,BRN,1974,3.77,5.183
Brunei,BRN,1975,3.49,4.99
Brunei,BRN,1976,3.21,4.784
Brunei,BRN,1977,2.95,4.58
Brunei,BRN,1978,2.71,4.389
Brunei,BRN,1979,2.48,4.216
Brunei,BRN,1980,2.28,4.067
Brunei,BRN,1981,2.09,3.943
Brunei,BRN,1982,1.93,3.841
Brunei,BRN,1983,1.79,3.751
Brunei,BRN,1984,1.67,3.68
Brunei,BRN,1985,1.57,3.612
Brunei,BRN,1986,1.48,3.549
Brunei,BRN,1987,1.42,3.491
Brunei,BRN,1988,1.38,3.435
Brunei,BRN,1989,1.35,3.364
Brunei,BRN,1990,1.33,3.29
Brunei,BRN,1991,1.32,3.206
Brunei,BRN,1992,1.31,3.111
Brunei,BRN,1993,1.3,3.007
Brunei,BRN,1994,1.27,2.901
Brunei,BRN,1995,1.23,2.787
Brunei,BRN,1996,1.19,2.681
Brunei,BRN,1997,1.15,2.6
Brunei,BRN,1998,1.1,2.533
Brunei,BRN,1999,1.07,2.461
Brunei,BRN,2000,1.03,2.398
Brunei,BRN,2001,1.0,2.337
Brunei,BRN,2002,0.98,2.264
Brunei,BRN,2003,0.96,2.185
Brunei,BRN,2004,0.95,2.104
Brunei,BRN,2005,0.95,2.024
Brunei,BRN,2006,0.95,1.969
Brunei,BRN,2007,0.95,1.933
Brunei,BRN,2008,0.96,1.918
Brunei,BRN,2009,0.96,1.921
Brunei,BRN,2010,0.97,1.937
Brunei,BRN,2011,0.98,1.957
Brunei,BRN,2012,0.99,1.973
Brunei,BRN,2013,0.99,1.978
Brunei,BRN,2014,1.0,1.969
Brunei,BRN,2015,1.0,1.947
Brunei,BRN,2016,1.0,1.915
Brunei,BRN,2017,1.0,1.881
Brunei,BRN,2018,0.99,1.848
Brunei,BRN,2019,0.98,1.819
Brunei,BRN,2020,0.97,1.796
Brunei,BRN,2021,0.96,1.778
Brunei,BRN,2022,0.95,1.764
Brunei,BRN,2023,0.94,1.747
Bulgaria,BGR,1947,21.69,2.829
Bulgaria,BGR,1948,20.01,2.875
Bulgaria,BGR,1949,14.94,2.869
Bulgaria,BGR,1950,13.95,2.482
Bulgaria,BGR,1951,13.01,2.45
Bulgaria,BGR,1952,12.11,2.442
Bulgaria,BGR,1953,11.22,2.409
Bulgaria,BGR,1954,10.35,2.353
Bulgaria,BGR,1955,9.48,2.37
Bulgaria,BGR,1956,8.61,2.332
Bulgaria,BGR,1957,7.75,2.237
Bulgaria,BGR,1958,6.91,2.207
Bulgaria,BGR,1959,6.15,2.211
Bulgaria,BGR,1960,5.47,2.309
Bulgaria,BGR,1961,4.89,2.283
Bulgaria,BGR,1962,4.43,2.232
Bulgaria,BGR,1963,4.08,2.201
Bulgaria,BGR,1964,3.86,2.175
Bulgaria,BGR,1965,3.75,2.085
Bulgaria,BGR,1966,3.7,2.024
Bulgaria,BGR,1967,3.64,2.032
Bulgaria,BGR,1968,3.54,2.271
Bulgaria,BGR,1969,3.4,2.274
Bulgaria,BGR,1970,3.25,2.179
Bulgaria,BGR,1971,3.11,2.105
Bulgaria,BGR,1972,3.01,2.037
Bulgaria,BGR,1973,2.95,2.153
Bulgaria,BGR,1974,2.91,2.29
Bulgaria,BGR,1975,2.86,2.235
Bulgaria,BGR,1976,2.8,2.246
Bulgaria,BGR,1977,2.72,2.205
Bulgaria,BGR,1978,2.6,2.149
Bulgaria,BGR,1979,2.49,2.15
Bulgaria,BGR,1980,2.38,2.056
Bulgaria,BGR,1981,2.3,2.009
Bulgaria,BGR,1982,2.22,2.014
Bulgaria,BGR,1983,2.15,2.006
Bulgaria,BGR,1984,2.07,1.999
Bulgaria,BGR,1985,1.97,1.967
Bulgaria,BGR,1986,1.87,2.004
Bulgaria,BGR,1987,1.8,1.961
Bulgaria,BGR,1988,1.78,1.969
Bulgaria,BGR,1989,1.79,1.894
Bulgaria,BGR,1990,1.83,1.795
Bulgaria,BGR,1991,1.89,1.647
Bulgaria,BGR,1992,1.92,1.538
Bulgaria,BGR,1993,1.92,1.46
Bulgaria,BGR,1994,1.91,1.371
Bulgaria,BGR,1995,1.92,1.247
Bulgaria,BGR,1996,1.94,1.237
Bulgaria,BGR,1997,1.93,1.113
Bulgaria,BGR,1998,1.89,1.136
Bulgaria,BGR,1999,1.82,1.257
Bulgaria,BGR,2000,1.75,1.29
Bulgaria,BGR,2001,1.68,1.228
Bulgaria,BGR,2002,1.6,1.224
Bulgaria,BGR,2003,1.51,1.254
Bulgaria,BGR,2004,1.42,1.317
Bulgaria,BGR,2005,1.33,1.358
Bulgaria,BGR,2006,1.24,1.431
Bulgaria,BGR,2007,1.18,1.481
Bulgaria,BGR,2008,1.14,1.552
Bulgaria,BGR,2009,1.12,1.642
Bulgaria,BGR,2010,1.08,1.567
Bulgaria,BGR,2011,1.04,1.505
Bulgaria,BGR,2012,0.99,1.5
Bulgaria,BGR,2013,0.93,1.482
Bulgaria,BGR,2014,0.87,1.53
Bulgaria,BGR,2015,0.82,1.528
Bulgaria,BGR,2016,0.77,1.541
Bulgaria,BGR,2017,0.73,1.557
Bulgaria,BGR,2018,0.7,1.558
Bulgaria,BGR,2019,0.67,1.58
Bulgaria,BGR,2020,0.65,1.557
Bulgaria,BGR,2021,0.63,1.586
Bulgaria,BGR,2022,0.62,1.767
Bulgaria,BGR,2023,0.61,1.749
Burkina Faso,BFA,1944,39.68,5.822
Burkina Faso,BFA,1945,39.39,5.822
Burkina Faso,BFA,1946,39.11,5.822
Burkina Faso,BFA,1947,38.89,5.822
Burkina Faso,BFA,1948,38.64,5.822
Burkina Faso,BFA,1949,38.32,5.822
Burkina Faso,BFA,1950,38.05,5.822
Burkina Faso,BFA,1951,37.79,5.874
Burkina Faso,BFA,1952,37.48,5.926
Burkina Faso,BFA,1953,37.12,5.975
Burkina Faso,BFA,1954,36.74,6.012
Burkina Faso,BFA,1955,36.41,6.055
Burkina Faso,BFA,1956,36.06,6.093
Burkina Faso,BFA,1957,35.65,6.126
Burkina Faso,BFA,1958,35.28,6.171
Burkina Faso,BFA,1959,34.87,6.22
Burkina Faso,BFA,1960,34.46,6.248
Burkina Faso,BFA,1961,34.07,6.286
Burkina Faso,BFA,1962,33.7,6.322
Burkina Faso,BFA,1963,33.37,6.356
Burkina Faso,BFA,1964,33.05,6.419
Burkina Faso,BFA,1965,32.78,6.471
Burkina Faso,BFA,1966,32.51,6.527
Burkina Faso,BFA,1967,32.24,6.585
Burkina Faso,BFA,1968,32.03,6.645
Burkina Faso,BFA,1969,31.77,6.664
Burkina Faso,BFA,1970,31.49,6.685
Burkina Faso,BFA,1971,31.17,6.698
Burkina Faso,BFA,1972,30.71,6.719
Burkina Faso,BFA,1973,30.09,6.77
Burkina Faso,BFA,1974,29.29,6.842
Burkina Faso,BFA,1975,28.36,6.913
Burkina Faso,BFA,1976,27.32,6.952
Burkina Faso,BFA,1977,26.32,7.046
Burkina Faso,BFA,1978,25.4,7.148
Burkina Faso,BFA,1979,24.6,7.194
Burkina Faso,BFA,1980,23.91,7.222
Burkina Faso,BFA,1981,23.32,7.256
Burkina Faso,BFA,1982,22.81,7.253
Burkina Faso,BFA,1983,22.34,7.251
Burkina Faso,BFA,1984,21.88,7.245
Burkina Faso,BFA,1985,21.43,7.242
Burkina Faso,BFA,1986,20.98,7.218
Burkina Faso,BFA,1987,20.57,7.168
Burkina Faso,BFA,1988,20.23,7.109
Burkina Faso,BFA,1989,19.98,7.047
Burkina Faso,BFA,1990,19.83,7.009
Burkina Faso,BFA,1991,19.76,6.973
Burkina Faso,BFA,1992,19.73,6.936
Burkina Faso,BFA,1993,19.69,6.889
Burkina Faso,BFA,1994,19.59,6.843
Burkina Faso,BFA,1995,19.43,6.814
Burkina Faso,BFA,1996,19.18,6.779
Burkina Faso,BFA,1997,18.87,6.724
Burkina Faso,BFA,1998,18.54,6.661
Burkina Faso,BFA,1999,18.18,6.586
Burkina Faso,BFA,2000,17.81,6.519
Burkina Faso,BFA,2001,17.4,6.431
Burkina Faso,BFA,2002,16.93,6.339
Burkina Faso,BFA,2003,16.43,6.28
Burkina Faso,BFA,2004,15.86,6.216
Burkina Faso,BFA,2005,15.23,6.182
Burkina Faso,BFA,2006,14.57,6.17
Burkina Faso,BFA,2007,13.9,6.11
Burkina Faso,BFA,2008,13.27,6.05
Burkina Faso,BFA,2009,12.68,5.992
Burkina Faso,BFA,2010,12.15,5.936
Burkina Faso,BFA,2011,11.68,5.869
Burkina Faso,BFA,2012,11.26,5.793
Burkina Faso,BFA,2013,10.86,5.697
Burkina Faso,BFA,2014,10.47,5.595
Burkina Faso,BFA,2015,10.11,5.478
Burkina Faso,BFA,2016,9.77,5.331
Burkina Faso,BFA,2017,9.43,5.17
Burkina Faso,BFA,2018,9.12,4.921
Burkina Faso,BFA,2019,8.82,4.681
Burkina Faso,BFA,2020,8.53,4.44
Burkina Faso,BFA,2021,8.25,4.361
Burkina Faso,BFA,2022,7.99,4.275
Burkina Faso,BFA,2023,7.73,4.186
Burundi,BDI,1950,25.03,6.923
Burundi,BDI,1951,25.03,6.914
Burundi,BDI,1952,25.03,6.9
Burundi,BDI,1953,25.03,6.915
Burundi,BDI,1954,25.03,6.917
Burundi,BDI,1955,25.03,6.93
Burundi,BDI,1956,25.03,6.931
Burundi,BDI,1957,25.03,6.932
Burundi,BDI,1958,25.03,6.949
Burundi,BDI,1959,25.03,6.979
Burundi,BDI,1960,24.93,7.003
Burundi,BDI,1961,24.84,7.023
Burundi,BDI,1962,24.75,7.038
Burundi,BDI,1963,24.69,7.067
Burundi,BDI,1964,24.15,7.09
Burundi,BDI,1965,24.35,7.113
Burundi,BDI,1966,24.54,7.135
Burundi,BDI,1967,24.73,7.156
Burundi,BDI,1968,24.9,7.18
Burundi,BDI,1969,25.03,7.215
Burundi,BDI,1970,25.11,7.214
Burundi,BDI,1971,25.14,7.213
Burundi,BDI,1972,31.87,7.21
Burundi,BDI,1973,25.19,7.215
Burundi,BDI,1974,25.18,7.222
Burundi,BDI,1975,25.12,7.244
Burundi,BDI,1976,24.96,7.248
Burundi,BDI,1977,24.62,7.245
Burundi,BDI,1978,24.09,7.259
Burundi,BDI,1979,23.34,7.307
Burundi,BDI,1980,22.43,7.353
Burundi,BDI,1981,21.41,7.329
Burundi,BDI,1982,20.33,7.314
Burundi,BDI,1983,19.28,7.298
Burundi,BDI,1984,18.36,7.295
Burundi,BDI,1985,17.65,7.294
Burundi,BDI,1986,17.18,7.32
Burundi,BDI,1987,16.92,7.38
Burundi,BDI,1988,16.84,7.383
Burundi,BDI,1989,16.89,7.387
Burundi,BDI,1990,16.98,7.365
Burundi,BDI,1991,17.11,7.336
Burundi,BDI,1992,17.21,7.301
Burundi,BDI,1993,19.5,7.272
Burundi,BDI,1994,17.22,7.23
Burundi,BDI,1995,17.12,7.184
Burundi,BDI,1996,16.95,7.123
Burundi,BDI,1997,16.67,7.04
Burundi,BDI,1998,16.3,6.958
Burundi,BDI,1999,15.86,6.897
Burundi,BDI,2000,15.37,6.872
Burundi,BDI,2001,14.85,6.849
Burundi,BDI,2002,14.3,6.819
Burundi,BDI,2003,13.73,6.785
Burundi,BDI,2004,13.1,6.746
Burundi,BDI,2005,12.41,6.708
Burundi,BDI,2006,11.68,6.659
Burundi,BDI,2007,10.97,6.588
Burundi,BDI,2008,10.28,6.515
Burundi,BDI,2009,9.66,6.409
Burundi,BDI,2010,9.08,6.26
Burundi,BDI,2011,8.53,6.108
Burundi,BDI,2012,8.02,5.991
Burundi,BDI,2013,7.55,5.889
Burundi,BDI,2014,7.13,5.794
Burundi,BDI,2015,6.76,5.695
Burundi,BDI,2016,6.44,5.587
Burundi,BDI,2017,6.15,5.481
Burundi,BDI,2018,5.9,5.38
Burundi,BDI,2019,5.67,5.271
Burundi,BDI,2020,5.46,5.177
Burundi,BDI,2021,5.26,5.078
Burundi,BDI,2022,5.08,4.98
Burundi,BDI,2023,4.92,4.878
Cambodia,KHM,1950,52.51,6.53
Cambodia,KHM,1951,52.51,6.514
Cambodia,KHM,1952,52.51,6.509
Cambodia,KHM,1953,52.51,6.519
Cambodia,KHM,1954,52.51,6.516
Cambodia,KHM,1955,52.51,6.526
Cambodia,KHM,1956,52.51,6.509
Cambodia,KHM,1957,52.51,6.481
Cambodia,KHM,1958,52.51,6.425
Cambodia,KHM,1959,52.51,6.361
Cambodia,KHM,1960,52.51,6.313
Cambodia,KHM,1961,52.51,6.302
Cambodia,KHM,1962,52.51,6.301
Cambodia,KHM,1963,52.51,6.292
Cambodia,KHM,1964,52.51,6.288
Cambodia,KHM,1965,52.51,6.267
Cambodia,KHM,1966,52.51,6.237
Cambodia,KHM,1967,52.51,6.201
Cambodia,KHM,1968,52.51,6.165
Cambodia,KHM,1969,52.51,6.124
Cambodia,KHM,1970,52.51,6.071
Cambodia,KHM,1971,52.51,6.007
Cambodia,KHM,1972,52.51,5.943
Cambodia,KHM,1973,52.51,5.559
Cambodia,KHM,1974,52.51,4.797
Cambodia,KHM,1975,52.51,4.103
Cambodia,KHM,1976,54.1,3.409
Cambodia,KHM,1977,52.53,2.716
Cambodia,KHM,1978,48.46,3.338
Cambodia,KHM,1979,20.7,4.556
Cambodia,KHM,1980,18.09,5.774
Cambodia,KHM,1981,15.85,6.042
Cambodia,KHM,1982,14.13,6.193
Cambodia,KHM,1983,13.01,6.296
Cambodia,KHM,1984,12.37,6.338
Cambodia,KHM,1985,12.0,6.313
Cambodia,KHM,1986,11.79,6.226
Cambodia,KHM,1987,11.67,6.097
Cambodia,KHM,1988,11.63,5.944
Cambodia,KHM,1989,11.63,5.681
Cambodia,KHM,1990,11.63,5.642
Cambodia,KHM,1991,11.62,5.588
Cambodia,KHM,1992,11.65,5.486
Cambodia,KHM,1993,11.74,5.433
Cambodia,KHM,1994,11.86,5.281
Cambodia,KHM,1995,11.97,5.076
Cambodia,KHM,1996,12.01,4.867
Cambodia,KHM,1997,11.94,4.395
Cambodia,KHM,1998,11.73,4.13
Cambodia,KHM,1999,11.3,3.933
Cambodia,KHM,2000,10.59,3.794
Cambodia,KHM,2001,9.65,3.687
Cambodia,KHM,2002,8.67,3.57
Cambodia,KHM,2003,7.8,3.429
Cambodia,KHM,2004,7.08,3.307
Cambodia,KHM,2005,6.48,3.238
Cambodia,KHM,2006,5.98,3.175
Cambodia,KHM,2007,5.54,3.13
Cambodia,KHM,2008,5.13,3.048
Cambodia,KHM,2009,4.74,2.971
Cambodia,KHM,2010,4.37,2.859
Cambodia,KHM,2011,4.05,2.782
Cambodia,KHM,2012,3.77,2.751
Cambodia,KHM,2013,3.53,2.742
Cambodia,KHM,2014,3.33,2.734
Cambodia,KHM,2015,3.16,2.729
Cambodia,KHM,2016,3.02,2.725
Cambodia,KHM,2017,2.89,2.719
Cambodia,KHM,2018,2.77,2.724
Cambodia,KHM,2019,2.67,2.725
Cambodia,KHM,2020,2.56,2.699
Cambodia,KHM,2021,2.47,2.664
Cambodia,KHM,2022,2.38,2.616
Cambodia,KHM,2023,2.29,2.579
Cameroon,CMR,1950,35.38,5.731
Cameroon,CMR,1951,35.38,5.725
Cameroon,CMR,1952,35.38,5.736
Cameroon,CMR,1953,35.38,5.736
Cameroon,CMR,1954,34.1,5.735
Cameroon,CMR,1955,32.91,5.737
Cameroon,CMR,1956,31.78,5.73
Cameroon,CMR,1957,30.68,5.723
Cameroon,CMR,1958,29.69,5.729
Cameroon,CMR,1959,28.78,5.73
Cameroon,CMR,1960,28.03,5.725
Cameroon,CMR,1961,27.41,5.732
Cameroon,CMR,1962,26.89,5.729
Cameroon,CMR,1963,26.43,5.731
Cameroon,CMR,1964,25.95,5.739
Cameroon,CMR,1965,25.38,5.796
Cameroon,CMR,1966,24.72,5.854
Cameroon,CMR,1967,23.95,5.951
Cameroon,CMR,1968,23.07,6.043
Cameroon,CMR,1969,22.18,6.144
Cameroon,CMR,1970,21.33,6.197
Cameroon,CMR,1971,20.59,6.259
Cameroon,CMR,1972,20.0,6.293
Cameroon,CMR,1973,19.59,6.326
Cameroon,CMR,1974,19.32,6.361
Cameroon,CMR,1975,19.15,6.401
Cameroon,CMR,1976,19.02,6.447
Cameroon,CMR,1977,18.86,6.508
Cameroon,CMR,1978,18.65,6.545
Cameroon,CMR,1979,18.32,6.581
Cameroon,CMR,1980,17.91,6.613
Cameroon,CMR,1981,17.39,6.61
Cameroon,CMR,1982,16.79,6.594
Cameroon,CMR,1983,16.15,6.575
Cameroon,CMR,1984,15.52,6.563
Cameroon,CMR,1985,14.92,6.564
Cameroon,CMR,1986,14.42,6.572
Cameroon,CMR,1987,14.02,6.538
Cameroon,CMR,1988,13.75,6.481
Cameroon,CMR,1989,13.63,6.414
Cameroon,CMR,1990,13.66,6.362
Cameroon,CMR,1991,13.82,6.324
Cameroon,CMR,1992,14.04,6.256
Cameroon,CMR,1993,14.27,6.155
Cameroon,CMR,1994,14.5,6.043
Cameroon,CMR,1995,14.69,5.919
Cameroon,CMR,1996,14.81,5.795
Cameroon,CMR,1997,14.85,5.706
Cameroon,CMR,1998,14.8,5.656
Cameroon,CMR,1999,14.67,5.604
Cameroon,CMR,2000,14.44,5.514
Cameroon,CMR,2001,14.14,5.441
Cameroon,CMR,2002,13.81,5.435
Cameroon,CMR,2003,13.47,5.432
Cameroon,CMR,2004,13.13,5.436
Cameroon,CMR,2005,12.81,5.421
Cameroon,CMR,2006,12.46,5.369
Cameroon,CMR,2007,12.13,5.343
Cameroon,CMR,2008,11.77,5.294
Cameroon,CMR,2009,11.43,5.236
Cameroon,CMR,2010,11.0,5.154
Cameroon,CMR,2011,10.59,5.052
Cameroon,CMR,2012,10.16,4.982
Cameroon,CMR,2013,9.73,4.905
Cameroon,CMR,2014,9.31,4.844
Cameroon,CMR,2015,8.9,4.841
Cameroon,CMR,2016,8.56,4.842
Cameroon,CMR,2017,8.25,4.804
Cameroon,CMR,2018,7.97,4.74
Cameroon,CMR,2019,7.72,4.651
Cameroon,CMR,2020,7.46,4.557
Cameroon,CMR,2021,7.21,4.468
Cameroon,CMR,2022,6.95,4.397
Cameroon,CMR,2023,6.72,4.322
Canada,CAN,1900,30.41,3.528
Canada,CAN,1901,27.16,3.528
Canada,CAN,1902,21.66,3.528
Canada,CAN,1903,21.28,3.528
Canada,CAN,1904,16.78,3.528
Canada,CAN,1906,20.53,3.528
Canada,CAN,1908,33.99,3.528
Canada,CAN,1909,22.22,3.528
Canada,CAN,1910,28.27,3.528
Canada,CAN,1911,30.08,3.528
Canada,CAN,1912,26.19,3.528
Canada,CAN,1913,27.32,3.528
Canada,CAN,1914,26.19,3.528
Canada,CAN,1915,24.79,3.528
Canada,CAN,1916,26.85,3.528
Canada,CAN,1917,21.66,3.528
Canada,CAN,1918,22.03,3.528
Canada,CAN,1919,22.78,3.528
Canada,CAN,1920,26.52,3.528
Canada,CAN,1921,14.44,3.528
Canada,CAN,1922,14.39,3.4
Canada,CAN,1923,14.11,3.229
Canada,CAN,1924,12.71,3.217
Canada,CAN,1925,12.24,3.13
Canada,CAN,1926,13.26,3.353
Canada,CAN,1927,12.49,3.316
Canada,CAN,1928,12.07,3.294
Canada,CAN,1929,12.75,3.217
Canada,CAN,1930,12.47,3.281
Canada,CAN,1931,11.56,3.194
Canada,CAN,1932,9.88,3.081
Canada,CAN,1933,9.29,2.863
Canada,CAN,1934,9.19,2.801
Canada,CAN,1935,9.15,2.751
Canada,CAN,1936,8.62,2.692
Canada,CAN,1937,10.33,2.639
Canada,CAN,1938,8.64,2.696
Canada,CAN,1939,8.08,2.648
Canada,CAN,1940,7.78,2.758
Canada,CAN,1941,8.06,2.82
Canada,CAN,1942,7.31,2.954
Canada,CAN,1943,7.02,3.028
Canada,CAN,1944,6.87,2.998
Canada,CAN,1945,6.13,2.999
Canada,CAN,1946,6.12,3.359
Canada,CAN,1947,5.99,3.58
Canada,CAN,1948,5.39,3.421
Canada,CAN,1949,5.11,3.44
Canada,CAN,1950,4.86,3.374
Canada,CAN,1951,4.61,3.421
Canada,CAN,1952,4.38,3.559
Canada,CAN,1953,4.18,3.637
Canada,CAN,1954,4.0,3.743
Canada,CAN,1955,3.84,3.746
Canada,CAN,1956,3.7,3.771
Canada,CAN,1957,3.58,3.848
Canada,CAN,1958,3.47,3.814
Canada,CAN,1959,3.36,3.855
Canada,CAN,1960,3.26,3.82
Canada,CAN,1961,3.15,3.761
Canada,CAN,1962,3.05,3.678
Canada,CAN,1963,2.94,3.588
Canada,CAN,1964,2.82,3.424
Canada,CAN,1965,2.71,3.075
Canada,CAN,1966,2.6,2.752
Canada,CAN,1967,2.5,2.541
Canada,CAN,1968,2.4,2.408
Canada,CAN,1969,2.3,2.356
Canada,CAN,1970,2.19,2.267
Canada,CAN,1971,2.09,2.101
Canada,CAN,1972,1.99,1.937
Canada,CAN,1973,1.89,1.849
Canada,CAN,1974,1.79,1.806
Canada,CAN,1975,1.7,1.799
Canada,CAN,1976,1.6,1.754
Canada,CAN,1977,1.51,1.725
Canada,CAN,1978,1.42,1.68
Canada,CAN,1979,1.33,1.673
Canada,CAN,1980,1.25,1.658
Canada,CAN,1981,1.18,1.632
Canada,CAN,1982,1.12,1.619
Canada,CAN,1983,1.06,1.607
Canada,CAN,1984,1.01,1.609
Canada,CAN,1985,0.98,1.594
Canada,CAN,1986,0.94,1.576
Canada,CAN,1987,0.91,1.563
Canada,CAN,1988,0.88,1.587
Canada,CAN,1989,0.85,1.643
Canada,CAN,1990,0.82,1.696
Canada,CAN,1991,0.8,1.723
Canada,CAN,1992,0.77,1.719
Canada,CAN,1993,0.74,1.693
Canada,CAN,1994,0.72,1.693
Canada,CAN,1995,0.69,1.674
Canada,CAN,1996,0.67,1.63
Canada,CAN,1997,0.65,1.569
Canada,CAN,1998,0.64,1.553
Canada,CAN,1999,0.63,1.541
Canada,CAN,2000,0.62,1.51
Canada,CAN,2001,0.62,1.531
Canada,CAN,2002,0.62,1.513
Canada,CAN,2003,0.62,1.535
Canada,CAN,2004,0.61,1.545
Canada,CAN,2005,0.61,1.566
Canada,CAN,2006,0.6,1.612
Canada,CAN,2007,0.6,1.656
Canada,CAN,2008,0.59,1.684
Canada,CAN,2009,0.58,1.675
Canada,CAN,2010,0.57,1.642
Canada,CAN,2011,0.56,1.627
Canada,CAN,2012,0.56,1.627
Canada,CAN,2013,0.55,1.612
Canada,CAN,2014,0.54,1.614
Canada,CAN,2015,0.54,1.601
Canada,CAN,2016,0.53,1.59
Canada,CAN,2017,0.52,1.548
Canada,CAN,2018,0.52,1.51
Canada,CAN,2019,0.51,1.476
Canada,CAN,2020,0.51,1.413
Canada,CAN,2021,0.51,1.43
Canada,CAN,2022,0.51,1.366
Canada,CAN,2023,0.51,1.349
Cape Verde,CPV,1945,23.71,6.497
Cape Verde,CPV,1946,23.17,6.497
Cape Verde,CPV,1947,22.59,6.497
Cape Verde,CPV,1948,22.02,6.497
Cape Verde,CPV,1949,21.46,6.497
Cape Verde,CPV,1950,20.92,6.497
Cape Verde,CPV,1951,20.41,6.513
Cape Verde,CPV,1952,19.95,6.546
Cape Verde,CPV,1953,19.52,6.582
Cape Verde,CPV,1954,19.13,6.621
Cape Verde,CPV,1955,18.77,6.662
Cape Verde,CPV,1956,18.46,6.706
Cape Verde,CPV,1957,18.15,6.751
Cape Verde,CPV,1958,17.84,6.797
Cape Verde,CPV,1959,17.53,6.842
Cape Verde,CPV,1960,17.23,6.885
Cape Verde,CPV,1961,16.92,6.922
Cape Verde,CPV,1962,16.56,6.953
Cape Verde,CPV,1963,16.23,6.976
Cape Verde,CPV,1964,15.85,6.989
Cape Verde,CPV,1965,15.43,6.993
Cape Verde,CPV,1966,14.97,6.99
Cape Verde,CPV,1967,14.49,6.982
Cape Verde,CPV,1968,13.95,6.97
Cape Verde,CPV,1969,13.38,6.954
Cape Verde,CPV,1970,12.75,6.935
Cape Verde,CPV,1971,12.11,6.913
Cape Verde,CPV,1972,11.45,6.887
Cape Verde,CPV,1973,10.8,6.855
Cape Verde,CPV,1974,10.18,6.818
Cape Verde,CPV,1975,9.6,6.771
Cape Verde,CPV,1976,9.09,6.714
Cape Verde,CPV,1977,8.65,6.645
Cape Verde,CPV,1978,8.27,6.564
Cape Verde,CPV,1979,8.0,6.473
Cape Verde,CPV,1980,7.82,6.375
Cape Verde,CPV,1981,7.72,6.273
Cape Verde,CPV,1982,7.65,6.17
Cape Verde,CPV,1983,7.59,6.068
Cape Verde,CPV,1984,7.46,5.97
Cape Verde,CPV,1985,7.25,5.921
Cape Verde,CPV,1986,6.95,5.81
Cape Verde,CPV,1987,6.59,5.681
Cape Verde,CPV,1988,6.21,5.552
Cape Verde,CPV,1989,5.88,5.452
Cape Verde,CPV,1990,5.64,5.36
Cape Verde,CPV,1991,5.5,5.262
Cape Verde,CPV,1992,5.46,5.123
Cape Verde,CPV,1993,5.46,4.953
Cape Verde,CPV,1994,5.45,4.723
Cape Verde,CPV,1995,5.37,4.494
Cape Verde,CPV,1996,5.17,4.257
Cape Verde,CPV,1997,4.84,4.052
Cape Verde,CPV,1998,4.44,3.898
Cape Verde,CPV,1999,4.0,3.727
Cape Verde,CPV,2000,3.6,3.545
Cape Verde,CPV,2001,3.28,3.366
Cape Verde,CPV,2002,3.05,3.192
Cape Verde,CPV,2003,2.9,3.033
Cape Verde,CPV,2004,2.82,2.9
Cape Verde,CPV,2005,2.8,2.726
Cape Verde,CPV,2006,2.8,2.555
Cape Verde,CPV,2007,2.8,2.409
Cape Verde,CPV,2008,2.79,2.298
Cape Verde,CPV,2009,2.75,2.246
Cape Verde,CPV,2010,2.67,2.329
Cape Verde,CPV,2011,2.56,2.329
Cape Verde,CPV,2012,2.42,2.153
Cape Verde,CPV,2013,2.26,2.067
Cape Verde,CPV,2014,2.09,2.031
Cape Verde,CPV,2015,1.91,1.968
Cape Verde,CPV,2016,1.76,1.966
Cape Verde,CPV,2017,1.62,1.93
Cape Verde,CPV,2018,1.51,1.804
Cape Verde,CPV,2019,1.41,1.698
Cape Verde,CPV,2020,1.33,1.591
Cape Verde,CPV,2021,1.27,1.554
Cape Verde,CPV,2022,1.21,1.533
Cape Verde,CPV,2023,1.16,1.522
Cayman Islands,CYM,1950,7.30375,4.381
Cayman Islands,CYM,1951,7.30375,4.46
Cayman Islands,CYM,1952,7.30375,4.542
Cayman Islands,CYM,1953,7.30375,4.643
Cayman Islands,CYM,1954,7.30375,4.606
Cayman Islands,CYM,1955,7.30375,4.529
Cayman Islands,CYM,1956,7.30375,4.486
Cayman Islands,CYM,1957,7.30375,4.461
Cayman Islands,CYM,1958,7.30375,4.435
Cayman Islands,CYM,1959,7.30375,4.619
Cayman Islands,CYM,1960,7.30375,4.713
Cayman Islands,CYM,1961,7.30375,4.781
Cayman Islands,CYM,1962,7.30375,4.793
Cayman Islands,CYM,1963,7.30375,4.686
Cayman Islands,CYM,1964,7.30375,4.411
Cayman Islands,CYM,1965,7.30375,4.159
Cayman Islands,CYM,1966,7.30375,4.078
Cayman Islands,CYM,1967,7.30375,4.045
Cayman Islands,CYM,1968,7.30375,3.992
Cayman Islands,CYM,1969,7.30375,3.522
Cayman Islands,CYM,1970,7.30375,4.662
Cayman Islands,CYM,1971,7.30375,3.465
Cayman Islands,CYM,1972,7.30375,4.887
Cayman Islands,CYM,1973,7.30375,3.562
Cayman Islands,CYM,1974,7.30375,2.958
Cayman Islands,CYM,1975,7.30375,2.715
Cayman Islands,CYM,1976,7.30375,2.529
Cayman Islands,CYM,1977,7.30375,2.413
Cayman Islands,CYM,1978,7.30375,2.366
Cayman Islands,CYM,1979,7.30375,2.368
Cayman Islands,CYM,1980,7.30375,2.405
Cayman Islands,CYM,1981,7.30375,2.384
Cayman Islands,CYM,1982,7.30375,2.008
Cayman Islands,CYM,1983,7.30375,1.832
Cayman Islands,CYM,1984,7.30375,1.79
Cayman Islands,CYM,1985,7.30375,1.752
Cayman Islands,CYM,1986,7.30375,1.691
Cayman Islands,CYM,1987,7.30375,1.582
Cayman Islands,CYM,1988,7.30375,1.63
Cayman Islands,CYM,1989,7.30375,1.755
Cayman Islands,CYM,1990,7.30375,1.783
Cayman Islands,CYM,1991,7.30375,1.846
Cayman Islands,CYM,1992,7.30375,1.726
Cayman Islands,CYM,1993,7.30375,1.669
Cayman Islands,CYM,1994,7.30375,1.66
Cayman Islands,CYM,1995,7.30375,1.674
Cayman Islands,CYM,1996,7.30375,1.691
Cayman Islands,CYM,1997,7.30375,1.701
Cayman Islands,CYM,1998,7.30375,1.702
Cayman Islands,CYM,1999,7.30375,1.708
Cayman Islands,CYM,2000,7.30375,1.707
Cayman Islands,CYM,2001,7.30375,1.697
Cayman Islands,CYM,2002,7.30375,1.681
Cayman Islands,CYM,2003,7.30375,1.672
Cayman Islands,CYM,2004,7.30375,1.671
Cayman Islands,CYM,2005,7.30375,1.665
Cayman Islands,CYM,2006,7.30375,1.665
Cayman Islands,CYM,2007,7.30375,1.681
Cayman Islands,CYM,2008,7.30375,1.703
Cayman Islands,CYM,2009,7.30375,1.723
Cayman Islands,CYM,2010,7.30375,1.694
Cayman Islands,CYM,2011,7.30375,1.637
Cayman Islands,CYM,2012,7.30375,1.531
Cayman Islands,CYM,2013,7.30375,1.445
Cayman Islands,CYM,2014,7.30375,1.334
Cayman Islands,CYM,2015,7.30375,1.269
Cayman Islands,CYM,2016,7.30375,1.231
Cayman Islands,CYM,2017,7.30375,1.222
Cayman Islands,CYM,2018,7.30375,1.277
Cayman Islands,CYM,2019,7.30375,1.508
Cayman Islands,CYM,2020,7.30375,1.554
Cayman Islands,CYM,2021,7.30375,1.551
Cayman Islands,CYM,2022,7.30375,1.541
Cayman Islands,CYM,2023,7.30375,1.531
Central African Republic,CAF,1950,28.85,5.93
Central African Republic,CAF,1951,28.85,5.928
Central African Republic,CAF,1952,28.85,5.928
Central African Republic,CAF,1953,28.85,5.919
Central African Republic,CAF,1954,28.85,5.92
Central African Republic,CAF,1955,28.85,5.915
Central African Republic,CAF,1956,28.85,5.926
Central African Republic,CAF,1957,28.85,5.927
Central African Republic,CAF,1958,28.85,5.929
Central African Republic,CAF,1959,28.85,5.939
Central African Republic,CAF,1960,28.31,5.948
Central African Republic,CAF,1961,27.76,5.958
Central African Republic,CAF,1962,27.21,5.97
Central African Republic,CAF,1963,26.65,5.985
Central African Republic,CAF,1964,26.07,6.005
Central African Republic,CAF,1965,25.49,6.028
Central African Republic,CAF,1966,24.9,6.057
Central African Republic,CAF,1967,24.32,6.076
Central African Republic,CAF,1968,23.74,6.101
Central African Republic,CAF,1969,23.15,6.063
Central African Republic,CAF,1970,22.63,6.027
Central African Republic,CAF,1971,22.14,5.993
Central African Republic,CAF,1972,21.67,5.959
Central African Republic,CAF,1973,21.22,5.925
Central African Republic,CAF,1974,20.8,5.899
Central African Republic,CAF,1975,20.4,5.877
Central African Republic,CAF,1976,20.04,5.936
Central African Republic,CAF,1977,19.69,5.986
Central African Republic,CAF,1978,19.37,6.039
Central African Republic,CAF,1979,19.06,6.09
Central African Republic,CAF,1980,18.8,6.13
Central African Republic,CAF,1981,18.57,6.167
Central African Republic,CAF,1982,18.37,6.16
Central African Republic,CAF,1983,18.21,6.151
Central African Republic,CAF,1984,18.08,6.138
Central African Republic,CAF,1985,17.98,6.119
Central African Republic,CAF,1986,17.91,6.106
Central African Republic,CAF,1987,17.85,6.12
Central African Republic,CAF,1988,17.81,6.098
Central African Republic,CAF,1989,17.78,6.073
Central African Republic,CAF,1990,17.75,6.049
Central African Republic,CAF,1991,17.71,6.03
Central African Republic,CAF,1992,17.66,5.964
Central African Republic,CAF,1993,17.6,5.926
Central African Republic,CAF,1994,17.53,5.919
Central African Republic,CAF,1995,17.45,5.943
Central African Republic,CAF,1996,17.33,5.963
Central African Republic,CAF,1997,17.2,5.924
Central African Republic,CAF,1998,17.02,5.889
Central African Republic,CAF,1999,16.8,5.875
Central African Republic,CAF,2000,16.55,5.851
Central African Republic,CAF,2001,16.28,5.807
Central African Republic,CAF,2002,15.94,5.785
Central African Republic,CAF,2003,15.6,5.799
Central African Republic,CAF,2004,15.22,5.784
Central African Republic,CAF,2005,14.84,5.812
Central African Republic,CAF,2006,14.38,5.84
Central African Republic,CAF,2007,13.95,5.867
Central African Republic,CAF,2008,13.56,5.902
Central African Republic,CAF,2009,47.89,5.936
Central African Republic,CAF,2010,14.92,5.963
Central African Republic,CAF,2011,12.54,6.009
Central African Republic,CAF,2012,12.23,6.047
Central African Republic,CAF,2013,13.36,6.075
Central African Republic,CAF,2014,18.26,6.099
Central African Republic,CAF,2015,11.41,6.126
Central African Republic,CAF,2016,12.61,6.126
Central African Republic,CAF,2017,15.24,6.127
Central African Republic,CAF,2018,11.98,6.108
Central African Republic,CAF,2019,24.31,6.09
Central African Republic,CAF,2020,12.26,6.059
Central African Republic,CAF,2021,17.13,6.052
Central African Republic,CAF,2022,38.74,6.023
Central African Republic,CAF,2023,9.22,6.012
Chad,TCD,1944,28.66,6.062
Chad,TCD,1945,28.52,6.062
Chad,TCD,1946,28.4,6.062
Chad,TCD,1947,28.26,6.062
Chad,TCD,1948,28.14,6.062
Chad,TCD,1949,27.99,6.062
Chad,TCD,1950,27.86,6.062
Chad,TCD,1951,27.73,6.071
Chad,TCD,1952,27.6,6.09
Chad,TCD,1953,27.49,6.109
Chad,TCD,1954,27.38,6.129
Chad,TCD,1955,27.29,6.149
Chad,TCD,1956,27.18,6.169
Chad,TCD,1957,27.06,6.19
Chad,TCD,1958,26.95,6.21
Chad,TCD,1959,26.84,6.23
Chad,TCD,1960,26.72,6.25
Chad,TCD,1961,26.62,6.268
Chad,TCD,1962,26.52,6.285
Chad,TCD,1963,26.39,6.301
Chad,TCD,1964,26.26,6.318
Chad,TCD,1965,26.14,6.337
Chad,TCD,1966,26.0,6.362
Chad,TCD,1967,25.86,6.393
Chad,TCD,1968,25.71,6.432
Chad,TCD,1969,25.56,6.477
Chad,TCD,1970,25.43,6.528
Chad,TCD,1971,25.28,6.582
Chad,TCD,1972,25.15,6.85
Chad,TCD,1973,24.98,6.869
Chad,TCD,1974,24.84,6.864
Chad,TCD,1975,24.69,6.876
Chad,TCD,1976,24.55,6.893
Chad,TCD,1977,24.39,6.896
Chad,TCD,1978,24.22,6.891
Chad,TCD,1979,24.05,6.905
Chad,TCD,1980,23.84,6.908
Chad,TCD,1981,23.64,6.942
Chad,TCD,1982,23.4,6.961
Chad,TCD,1983,23.16,6.979
Chad,TCD,1984,22.89,7.015
Chad,TCD,1985,22.61,7.037
Chad,TCD,1986,22.33,7.067
Chad,TCD,1987,22.04,7.105
Chad,TCD,1988,21.75,7.154
Chad,TCD,1989,21.45,7.186
Chad,TCD,1990,21.16,7.219
Chad,TCD,1991,20.88,7.261
Chad,TCD,1992,20.6,7.296
Chad,TCD,1993,20.33,7.337
Chad,TCD,1994,20.07,7.31
Chad,TCD,1995,19.81,7.29
Chad,TCD,1996,19.55,7.292
Chad,TCD,1997,19.28,7.274
Chad,TCD,1998,18.99,7.266
Chad,TCD,1999,18.68,7.262
Chad,TCD,2000,18.36,7.249
Chad,TCD,2001,18.02,7.231
Chad,TCD,2002,17.68,7.201
Chad,TCD,2003,17.34,7.179
Chad,TCD,2004,17.0,7.16
Chad,TCD,2005,16.65,7.134
Chad,TCD,2006,16.29,7.118
Chad,TCD,2007,15.92,7.092
Chad,TCD,2008,15.54,7.063
Chad,TCD,2009,15.15,7.021
Chad,TCD,2010,14.77,6.99
Chad,TCD,2011,14.39,6.948
Chad,TCD,2012,14.01,6.905
Chad,TCD,2013,13.65,6.839
Chad,TCD,2014,13.3,6.781
Chad,TCD,2015,12.93,6.706
Chad,TCD,2016,12.57,6.623
Chad,TCD,2017,12.2,6.537
Chad,TCD,2018,11.83,6.464
Chad,TCD,2019,11.46,6.412
Chad,TCD,2020,11.1,6.346
Chad,TCD,2021,10.76,6.255
Chad,TCD,2022,10.43,6.215
Chad,TCD,2023,10.11,6.12
Chile,CHL,1901,55.22,4.836
Chile,CHL,1902,43.85,4.836
Chile,CHL,1903,42.87,4.836
Chile,CHL,1904,46.45,4.836
Chile,CHL,1905,40.45,4.836
Chile,CHL,1906,53.1,4.836
Chile,CHL,1907,48.4,4.836
Chile,CHL,1908,51.64,4.836
Chile,CHL,1909,51.16,4.836
Chile,CHL,1910,43.36,4.836
Chile,CHL,1911,54.08,4.836
Chile,CHL,1912,46.61,4.836
Chile,CHL,1913,46.45,4.836
Chile,CHL,1914,41.41,4.836
Chile,CHL,1915,41.25,4.836
Chile,CHL,1916,39.16,4.836
Chile,CHL,1917,43.69,4.836
Chile,CHL,1918,41.41,4.836
Chile,CHL,1919,49.69,4.836
Chile,CHL,1920,42.71,4.836
Chile,CHL,1921,45.15,4.836
Chile,CHL,1922,39.0,4.836
Chile,CHL,1923,45.96,4.836
Chile,CHL,1924,43.2,4.836
Chile,CHL,1925,41.9,4.836
Chile,CHL,1926,40.77,4.836
Chile,CHL,1927,36.73,4.836
Chile,CHL,1928,34.47,4.836
Chile,CHL,1929,36.41,4.836
Chile,CHL,1930,38.03,4.836
Chile,CHL,1931,37.7,4.836
Chile,CHL,1932,38.19,4.836
Chile,CHL,1933,41.9,4.836
Chile,CHL,1934,42.55,4.836
Chile,CHL,1935,40.77,4.836
Chile,CHL,1936,40.93,4.836
Chile,CHL,1937,39.16,4.836
Chile,CHL,1938,38.35,4.836
Chile,CHL,1939,36.57,4.836
Chile,CHL,1940,35.28,4.836
Chile,CHL,1941,32.53,4.836
Chile,CHL,1942,31.71,4.836
Chile,CHL,1943,31.55,4.836
Chile,CHL,1944,29.42,4.836
Chile,CHL,1945,29.91,4.836
Chile,CHL,1946,26.02,4.836
Chile,CHL,1947,26.19,4.836
Chile,CHL,1948,23.7,4.836
Chile,CHL,1949,25.15,4.836
Chile,CHL,1950,23.83,4.836
Chile,CHL,1951,22.94,4.803
Chile,CHL,1952,22.06,4.78
Chile,CHL,1953,21.24,4.786
Chile,CHL,1954,14.89,4.77
Chile,CHL,1955,14.92,4.777
Chile,CHL,1956,15.02,4.795
Chile,CHL,1957,15.21,4.774
Chile,CHL,1958,15.43,4.753
Chile,CHL,1959,15.52,4.728
Chile,CHL,1960,15.32,4.697
Chile,CHL,1961,14.86,4.655
Chile,CHL,1962,14.28,4.602
Chile,CHL,1963,13.61,4.536
Chile,CHL,1964,12.72,4.457
Chile,CHL,1965,11.56,4.364
Chile,CHL,1966,10.35,4.259
Chile,CHL,1967,9.36,4.144
Chile,CHL,1968,8.69,4.025
Chile,CHL,1969,8.26,3.902
Chile,CHL,1970,8.01,3.778
Chile,CHL,1971,7.86,3.654
Chile,CHL,1972,7.73,3.53
Chile,CHL,1973,7.54,3.409
Chile,CHL,1974,7.14,3.293
Chile,CHL,1975,6.46,3.182
Chile,CHL,1976,5.63,3.078
Chile,CHL,1977,4.85,2.981
Chile,CHL,1978,4.2,2.892
Chile,CHL,1979,3.69,2.812
Chile,CHL,1980,3.29,2.744
Chile,CHL,1981,2.98,2.689
Chile,CHL,1982,2.71,2.648
Chile,CHL,1983,2.47,2.619
Chile,CHL,1984,2.3,2.601
Chile,CHL,1985,2.23,2.592
Chile,CHL,1986,2.22,2.589
Chile,CHL,1987,2.2,2.59
Chile,CHL,1988,2.14,2.591
Chile,CHL,1989,2.03,2.589
Chile,CHL,1990,1.91,2.579
Chile,CHL,1991,1.76,2.558
Chile,CHL,1992,1.63,2.478
Chile,CHL,1993,1.5,2.43
Chile,CHL,1994,1.39,2.377
Chile,CHL,1995,1.31,2.353
Chile,CHL,1996,1.26,2.284
Chile,CHL,1997,1.22,2.202
Chile,CHL,1998,1.19,2.149
Chile,CHL,1999,1.15,2.074
Chile,CHL,2000,1.09,2.046
Chile,CHL,2001,1.03,2.007
Chile,CHL,2002,0.98,1.934
Chile,CHL,2003,0.95,1.885
Chile,CHL,2004,0.93,1.844
Chile,CHL,2005,0.91,1.825
Chile,CHL,2006,0.9,1.798
Chile,CHL,2007,0.89,1.826
Chile,CHL,2008,0.89,1.85
Chile,CHL,2009,0.88,1.855
Chile,CHL,2010,0.87,1.844
Chile,CHL,2011,0.86,1.823
Chile,CHL,2012,0.84,1.798
Chile,CHL,2013,0.82,1.786
Chile,CHL,2014,0.81,1.774
Chile,CHL,2015,0.79,1.737
Chile,CHL,2016,0.77,1.686
Chile,CHL,2017,0.75,1.563
Chile,CHL,2018,0.72,1.543
Chile,CHL,2019,0.7,1.43
Chile,CHL,2020,0.68,1.307
Chile,CHL,2021,0.67,1.176
Chile,CHL,2022,0.68,1.255
Chile,CHL,2023,0.72,1.167
China,CHN,1950,31.71,5.813
China,CHN,1951,31.188000000000002,5.699
China,CHN,1952,30.666,6.472
China,CHN,1953,30.144000000000002,6.042
China,CHN,1954,29.622,6.278
China,CHN,1955,29.1,6.263
China,CHN,1956,27.176666666666666,5.854
China,CHN,1957,25.253333333333334,6.425
China,CHN,1958,23.33,5.698
China,CHN,1959,26.85,4.718
China,CHN,1960,30.9,4.451
China,CHN,1961,26.19,3.863
China,CHN,1962,16.78,6.085
China,CHN,1963,15.033333333333333,7.513
China,CHN,1964,13.286666666666667,6.672
China,CHN,1965,11.54,6.605
China,CHN,1966,12.103333333333333,6.307
China,CHN,1967,12.666666666666666,5.806
China,CHN,1968,13.23,6.508
China,CHN,1969,11.91,6.175
China,CHN,1970,11.31,6.085
China,CHN,1971,10.73,5.523
China,CHN,1972,10.17,5.112
China,CHN,1973,9.61,4.726
China,CHN,1974,9.05,4.17
China,CHN,1975,8.5,3.571
China,CHN,1976,7.97,3.235
China,CHN,1977,7.47,2.844
China,CHN,1978,7.01,2.716
China,CHN,1979,6.62,2.745
China,CHN,1980,6.28,2.739
China,CHN,1981,6.0,2.792
China,CHN,1982,5.78,2.972
China,CHN,1983,5.61,2.559
China,CHN,1984,5.5,2.607
China,CHN,1985,5.43,2.633
China,CHN,1986,5.4,2.721
China,CHN,1987,5.4,2.76
China,CHN,1988,5.4,2.539
China,CHN,1989,5.39,2.52
China,CHN,1990,5.37,2.514
China,CHN,1991,5.31,1.934
China,CHN,1992,5.22,1.776
China,CHN,1993,5.08,1.691
China,CHN,1994,4.93,1.628
China,CHN,1995,4.75,1.588
China,CHN,1996,4.56,1.554
China,CHN,1997,4.36,1.527
China,CHN,1998,4.14,1.522
China,CHN,1999,3.91,1.53
China,CHN,2000,3.67,1.628
China,CHN,2001,3.42,1.563
China,CHN,2002,3.15,1.566
China,CHN,2003,2.89,1.57
China,CHN,2004,2.64,1.605
China,CHN,2005,2.4,1.624
China,CHN,2006,2.19,1.644
China,CHN,2007,2.01,1.666
China,CHN,2008,1.85,1.701
China,CHN,2009,1.71,1.714
China,CHN,2010,1.58,1.687
China,CHN,2011,1.46,1.668
China,CHN,2012,1.35,1.798
China,CHN,2013,1.25,1.714
China,CHN,2014,1.15,1.769
China,CHN,2015,1.07,1.67
China,CHN,2016,0.99,1.772
China,CHN,2017,0.92,1.795
China,CHN,2018,0.86,1.539
China,CHN,2019,0.8,1.496
China,CHN,2020,0.75,1.236
China,CHN,2021,0.7,1.117
China,CHN,2022,0.66,1.034
China,CHN,2023,0.62,0.999
Colombia,COL,1924,22.78,6.41
Colombia,COL,1925,19.03,6.41
Colombia,COL,1926,23.88,6.41
Colombia,COL,1927,23.15,6.41
Colombia,COL,1928,20.35,6.41
Colombia,COL,1929,19.22,6.41
Colombia,COL,1930,16.04,6.41
Colombia,COL,1931,19.6,6.41
Colombia,COL,1933,22.96,6.41
Colombia,COL,1934,18.09,6.41
Colombia,COL,1935,25.32,6.41
Colombia,COL,1936,24.79,6.41
Colombia,COL,1937,24.25,6.41
Colombia,COL,1938,25.32,6.41
Colombia,COL,1939,26.35,6.41
Colombia,COL,1940,22.78,6.41
Colombia,COL,1941,24.25,6.41
Colombia,COL,1942,24.97,6.41
Colombia,COL,1943,25.5,6.41
Colombia,COL,1944,25.15,6.41
Colombia,COL,1945,24.43,6.41
Colombia,COL,1946,24.25,6.41
Colombia,COL,1947,22.41,6.41
Colombia,COL,1948,21.66,6.41
Colombia,COL,1949,21.28,6.41
Colombia,COL,1950,19.41,6.41
Colombia,COL,1951,18.66,6.436
Colombia,COL,1952,17.53,6.488
Colombia,COL,1953,16.95,6.537
Colombia,COL,1954,16.4,6.582
Colombia,COL,1955,15.87,6.625
Colombia,COL,1956,15.36,6.664
Colombia,COL,1957,14.86,6.697
Colombia,COL,1958,14.37,6.723
Colombia,COL,1959,13.89,6.737
Colombia,COL,1960,13.43,6.735
Colombia,COL,1961,12.99,6.712
Colombia,COL,1962,12.58,6.663
Colombia,COL,1963,12.19,6.584
Colombia,COL,1964,11.82,6.475
Colombia,COL,1965,11.46,6.333
Colombia,COL,1966,11.12,6.159
Colombia,COL,1967,10.77,5.957
Colombia,COL,1968,10.43,5.737
Colombia,COL,1969,10.08,5.506
Colombia,COL,1970,9.72,5.276
Colombia,COL,1971,9.36,5.057
Colombia,COL,1972,8.99,4.857
Colombia,COL,1973,8.6,4.68
Colombia,COL,1974,8.2,4.527
Colombia,COL,1975,7.8,4.398
Colombia,COL,1976,7.39,4.285
Colombia,COL,1977,6.98,4.163
Colombia,COL,1978,6.58,3.998
Colombia,COL,1979,6.2,3.888
Colombia,COL,1980,5.84,3.798
Colombia,COL,1981,5.5,3.706
Colombia,COL,1982,5.17,3.618
Colombia,COL,1983,4.88,3.501
Colombia,COL,1984,4.62,3.35
Colombia,COL,1985,4.89,3.225
Colombia,COL,1986,4.17,3.147
Colombia,COL,1987,3.99,3.087
Colombia,COL,1988,3.84,3.039
Colombia,COL,1989,3.7,3.012
Colombia,COL,1990,3.57,2.995
Colombia,COL,1991,3.45,2.982
Colombia,COL,1992,3.33,2.983
Colombia,COL,1993,3.21,2.978
Colombia,COL,1994,3.1,2.937
Colombia,COL,1995,2.99,2.85
Colombia,COL,1996,2.88,2.768
Colombia,COL,1997,2.78,2.743
Colombia,COL,1998,2.68,2.717
Colombia,COL,1999,2.59,2.637
Colombia,COL,2000,2.51,2.574
Colombia,COL,2001,2.43,2.522
Colombia,COL,2002,2.35,2.489
Colombia,COL,2003,2.28,2.45
Colombia,COL,2004,2.22,2.384
Colombia,COL,2005,2.15,2.309
Colombia,COL,2006,2.09,2.241
Colombia,COL,2007,2.02,2.195
Colombia,COL,2008,1.96,2.155
Colombia,COL,2009,1.89,2.096
Colombia,COL,2010,1.83,2.01
Colombia,COL,2011,1.77,1.938
Colombia,COL,2012,1.72,1.899
Colombia,COL,2013,1.66,1.86
Colombia,COL,2014,1.61,1.822
Colombia,COL,2015,1.56,1.771
Colombia,COL,2016,1.51,1.719
Colombia,COL,2017,1.46,1.717
Colombia,COL,2018,1.41,1.715
Colombia,COL,2019,1.37,1.71
Colombia,COL,2020,1.32,1.694
Colombia,COL,2021,1.28,1.68
Colombia,COL,2022,1.24,1.663
Colombia,COL,2023,1.2,1.645
Comoros,COM,1950,32.53,5.686
Comoros,COM,1951,32.53,5.771
Comoros,COM,1952,32.53,5.934
Comoros,COM,1953,32.53,6.085
Comoros,COM,1954,32.53,6.223
Comoros,COM,1955,32.53,6.348
Comoros,COM,1956,32.53,6.46
Comoros,COM,1957,32.53,6.56
Comoros,COM,1958,32.53,6.648
Comoros,COM,1959,32.53,6.725
Comoros,COM,1960,32.53,6.792
Comoros,COM,1961,31.41777777777778,6.849
Comoros,COM,1962,30.305555555555557,6.897
Comoros,COM,1963,29.193333333333335,6.916
Comoros,COM,1964,28.081111111111113,6.938
Comoros,COM,1965,26.96888888888889,6.967
Comoros,COM,1966,25.856666666666666,7.001
Comoros,COM,1967,24.744444444444444,7.02
Comoros,COM,1968,23.63222222222222,7.051
Comoros,COM,1969,22.52,7.073
Comoros,COM,1970,23.16,7.099
Comoros,COM,1971,22.54,7.116
Comoros,COM,1972,21.95,7.142
Comoros,COM,1973,21.38,7.165
Comoros,COM,1974,20.83,7.163
Comoros,COM,1975,20.26,7.162
Comoros,COM,1976,19.69,7.159
Comoros,COM,1977,19.12,7.15
Comoros,COM,1978,18.55,7.155
Comoros,COM,1979,17.97,7.162
Comoros,COM,1980,17.39,7.154
Comoros,COM,1981,16.8,7.143
Comoros,COM,1982,16.22,7.134
Comoros,COM,1983,15.65,7.11
Comoros,COM,1984,15.09,7.072
Comoros,COM,1985,14.55,7.021
Comoros,COM,1986,14.04,6.953
Comoros,COM,1987,13.53,6.87
Comoros,COM,1988,13.04,6.764
Comoros,COM,1989,12.57,6.646
Comoros,COM,1990,12.09,6.505
Comoros,COM,1991,11.61,6.354
Comoros,COM,1992,11.13,6.186
Comoros,COM,1993,10.66,6.022
Comoros,COM,1994,10.21,5.864
Comoros,COM,1995,9.78,5.73
Comoros,COM,1996,9.37,5.627
Comoros,COM,1997,9.0,5.513
Comoros,COM,1998,8.63,5.392
Comoros,COM,1999,8.28,5.28
Comoros,COM,2000,7.96,5.227
Comoros,COM,2001,7.65,5.195
Comoros,COM,2002,7.36,5.155
Comoros,COM,2003,7.07,5.115
Comoros,COM,2004,6.8,5.065
Comoros,COM,2005,6.55,5.012
Comoros,COM,2006,6.31,4.934
Comoros,COM,2007,6.08,4.859
Comoros,COM,2008,5.88,4.805
Comoros,COM,2009,5.69,4.778
Comoros,COM,2010,5.51,4.755
Comoros,COM,2011,5.36,4.722
Comoros,COM,2012,5.21,4.652
Comoros,COM,2013,5.08,4.572
Comoros,COM,2014,4.97,4.489
Comoros,COM,2015,4.87,4.42
Comoros,COM,2016,4.76,4.348
Comoros,COM,2017,4.66,4.278
Comoros,COM,2018,4.56,4.208
Comoros,COM,2019,4.46,4.138
Comoros,COM,2020,4.35,4.071
Comoros,COM,2021,4.24,3.999
Comoros,COM,2022,4.11,3.935
Comoros,COM,2023,3.98,3.878
Congo,COG,1944,31.78,6.065
Congo,COG,1945,31.02,6.065
Congo,COG,1946,30.31,6.065
Congo,COG,1947,29.7,6.065
Congo,COG,1948,29.08,6.065
Congo,COG,1949,28.44,6.065
Congo,COG,1950,27.79,6.065
Congo,COG,1951,27.04,6.067
Congo,COG,1952,26.3,6.063
Congo,COG,1953,25.52,6.063
Congo,COG,1954,24.66,6.054
Congo,COG,1955,23.76,6.065
Congo,COG,1956,22.84,6.069
Congo,COG,1957,21.9,6.069
Congo,COG,1958,21.01,6.087
Congo,COG,1959,20.18,6.091
Congo,COG,1960,19.37,6.085
Congo,COG,1961,18.64,6.093
Congo,COG,1962,17.95,6.099
Congo,COG,1963,17.31,6.147
Congo,COG,1964,16.69,6.183
Congo,COG,1965,16.11,6.229
Congo,COG,1966,15.57,6.267
Congo,COG,1967,15.06,6.29
Congo,COG,1968,14.6,6.327
Congo,COG,1969,14.15,6.35
Congo,COG,1970,13.73,6.376
Congo,COG,1971,13.35,6.416
Congo,COG,1972,12.98,6.444
Congo,COG,1973,12.64,6.42
Congo,COG,1974,12.35,6.39
Congo,COG,1975,12.06,6.356
Congo,COG,1976,11.78,6.317
Congo,COG,1977,11.5,6.271
Congo,COG,1978,11.24,6.21
Congo,COG,1979,10.97,6.143
Congo,COG,1980,10.72,6.065
Congo,COG,1981,10.47,5.984
Congo,COG,1982,10.21,5.85
Congo,COG,1983,9.95,5.758
Congo,COG,1984,9.68,5.658
Congo,COG,1985,9.44,5.587
Congo,COG,1986,9.25,5.514
Congo,COG,1987,9.11,5.458
Congo,COG,1988,9.04,5.392
Congo,COG,1989,9.05,5.327
Congo,COG,1990,9.15,5.266
Congo,COG,1991,9.31,5.221
Congo,COG,1992,9.54,5.177
Congo,COG,1993,9.84,5.134
Congo,COG,1994,10.16,5.103
Congo,COG,1995,10.52,5.068
Congo,COG,1996,10.87,5.033
Congo,COG,1997,11.19,4.997
Congo,COG,1998,11.42,4.909
Congo,COG,1999,11.49,4.805
Congo,COG,2000,11.37,4.724
Congo,COG,2001,11.07,4.67
Congo,COG,2002,10.6,4.697
Congo,COG,2003,10.01,4.696
Congo,COG,2004,9.35,4.69
Congo,COG,2005,8.66,4.669
Congo,COG,2006,8.02,4.651
Congo,COG,2007,7.43,4.649
Congo,COG,2008,6.95,4.726
Congo,COG,2009,6.55,4.808
Congo,COG,2010,6.25,4.851
Congo,COG,2011,6.02,4.826
Congo,COG,2012,5.82,4.785
Congo,COG,2013,5.64,4.731
Congo,COG,2014,5.45,4.665
Congo,COG,2015,5.27,4.607
Congo,COG,2016,5.09,4.546
Congo,COG,2017,4.93,4.496
Congo,COG,2018,4.77,4.442
Congo,COG,2019,5.24,4.38
Congo,COG,2020,4.47,4.329
Congo,COG,2021,4.33,4.28
Congo,COG,2022,4.19,4.215
Congo,COG,2023,4.05,4.157
Cook Islands,COK,1950,19.3,6.786
Cook Islands,COK,1951,19.3,6.789
Cook Islands,COK,1952,18.22,6.822
Cook Islands,COK,1953,17.21,6.867
Cook Islands,COK,1954,16.23,6.91
Cook Islands,COK,1955,15.29,6.963
Cook Islands,COK,1956,14.38,7.043
Cook Islands,COK,1957,13.49,7.116
Cook Islands,COK,1958,12.63,7.165
Cook Islands,COK,1959,11.79,7.219
Cook Islands,COK,1960,10.98,7.265
Cook Islands,COK,1961,10.19,7.272
Cook Islands,COK,1962,9.44,7.242
Cook Islands,COK,1963,8.72,7.188
Cook Islands,COK,1964,8.05,7.116
Cook Islands,COK,1965,7.43,7.039
Cook Islands,COK,1966,6.83,6.946
Cook Islands,COK,1967,6.29,6.827
Cook Islands,COK,1968,5.78,6.693
Cook Islands,COK,1969,5.33,6.515
Cook Islands,COK,1970,4.93,6.296
Cook Islands,COK,1971,4.56,6.068
Cook Islands,COK,1972,4.25,5.724
Cook Islands,COK,1973,3.98,5.467
Cook Islands,COK,1974,3.76,5.199
Cook Islands,COK,1975,3.57,4.961
Cook Islands,COK,1976,3.41,4.77
Cook Islands,COK,1977,3.27,4.655
Cook Islands,COK,1978,3.15,4.555
Cook Islands,COK,1979,3.03,4.466
Cook Islands,COK,1980,2.92,4.351
Cook Islands,COK,1981,2.82,4.181
Cook Islands,COK,1982,2.73,4.053
Cook Islands,COK,1983,2.65,3.946
Cook Islands,COK,1984,2.58,3.874
Cook Islands,COK,1985,2.51,3.841
Cook Islands,COK,1986,2.46,3.833
Cook Islands,COK,1987,2.42,3.841
Cook Islands,COK,1988,2.4,3.851
Cook Islands,COK,1989,2.38,3.902
Cook Islands,COK,1990,2.37,3.971
Cook Islands,COK,1991,2.37,3.991
Cook Islands,COK,1992,2.36,3.949
Cook Islands,COK,1993,2.35,3.861
Cook Islands,COK,1994,2.31,3.761
Cook Islands,COK,1995,2.26,3.688
Cook Islands,COK,1996,2.2,3.597
Cook Islands,COK,1997,2.12,3.458
Cook Islands,COK,1998,2.03,3.308
Cook Islands,COK,1999,1.95,3.186
Cook Islands,COK,2000,1.87,3.112
Cook Islands,COK,2001,1.79,3.059
Cook Islands,COK,2002,1.72,2.969
Cook Islands,COK,2003,1.65,2.886
Cook Islands,COK,2004,1.59,2.833
Cook Islands,COK,2005,1.52,2.814
Cook Islands,COK,2006,1.46,2.802
Cook Islands,COK,2007,1.4,2.705
Cook Islands,COK,2008,1.35,2.599
Cook Islands,COK,2009,1.31,2.521
Cook Islands,COK,2010,1.29,2.454
Cook Islands,COK,2011,1.28,2.397
Cook Islands,COK,2012,1.28,2.342
Cook Islands,COK,2013,1.29,2.292
Cook Islands,COK,2014,1.32,2.244
Cook Islands,COK,2015,1.34,2.208
Cook Islands,COK,2016,1.37,2.184
Cook Islands,COK,2017,1.4,2.167
Cook Islands,COK,2018,1.42,2.156
Cook Islands,COK,2019,1.43,2.127
Cook Islands,COK,2020,1.43,2.106
Cook Islands,COK,2021,1.42,2.087
Cook Islands,COK,2022,1.39,2.068
Cook Islands,COK,2023,1.36,2.045
Costa Rica,CRI,1949,13.2,6.317
Costa Rica,CRI,1950,13.08,6.317
Costa Rica,CRI,1951,12.97,6.393
Costa Rica,CRI,1952,12.84,6.455
Costa Rica,CRI,1953,12.66,6.508
Costa Rica,CRI,1954,12.44,6.54
Costa Rica,CRI,1955,12.12,6.571
Costa Rica,CRI,1956,11.7,6.601
Costa Rica,CRI,1957,11.17,6.662
Costa Rica,CRI,1958,10.6,6.712
Costa Rica,CRI,1959,10.06,6.731
Costa Rica,CRI,1960,9.62,6.712
Costa Rica,CRI,1961,9.36,6.651
Costa Rica,CRI,1962,9.27,6.543
Costa Rica,CRI,1963,9.25,6.389
Costa Rica,CRI,1964,9.18,6.193
Costa Rica,CRI,1965,9.02,5.96
Costa Rica,CRI,1966,8.78,5.697
Costa Rica,CRI,1967,8.49,5.416
Costa Rica,CRI,1968,8.17,5.028
Costa Rica,CRI,1969,7.85,4.835
Costa Rica,CRI,1970,7.48,4.585
Costa Rica,CRI,1971,7.02,4.362
Costa Rica,CRI,1972,6.45,4.158
Costa Rica,CRI,1973,5.82,3.991
Costa Rica,CRI,1974,5.17,3.893
Costa Rica,CRI,1975,4.54,3.804
Costa Rica,CRI,1976,3.93,3.747
Costa Rica,CRI,1977,3.39,3.701
Costa Rica,CRI,1978,2.96,3.662
Costa Rica,CRI,1979,2.65,3.651
Costa Rica,CRI,1980,2.45,3.583
Costa Rica,CRI,1981,2.33,3.556
Costa Rica,CRI,1982,2.29,3.54
Costa Rica,CRI,1983,2.27,3.525
Costa Rica,CRI,1984,2.25,3.519
Costa Rica,CRI,1985,2.2,3.511
Costa Rica,CRI,1986,2.12,3.454
Costa Rica,CRI,1987,2.01,3.384
Costa Rica,CRI,1988,1.89,3.314
Costa Rica,CRI,1989,1.78,3.238
Costa Rica,CRI,1990,1.69,3.167
Costa Rica,CRI,1991,1.62,3.075
Costa Rica,CRI,1992,1.57,3.001
Costa Rica,CRI,1993,1.53,2.928
Costa Rica,CRI,1994,1.51,2.857
Costa Rica,CRI,1995,1.49,2.779
Costa Rica,CRI,1996,1.47,2.681
Costa Rica,CRI,1997,1.45,2.589
Costa Rica,CRI,1998,1.41,2.527
Costa Rica,CRI,1999,1.36,2.481
Costa Rica,CRI,2000,1.31,2.413
Costa Rica,CRI,2001,1.26,2.312
Costa Rica,CRI,2002,1.22,2.162
Costa Rica,CRI,2003,1.18,2.084
Costa Rica,CRI,2004,1.15,2.028
Costa Rica,CRI,2005,1.13,2.038
Costa Rica,CRI,2006,1.12,1.937
Costa Rica,CRI,2007,1.11,1.954
Costa Rica,CRI,2008,1.09,1.98
Costa Rica,CRI,2009,1.07,1.953
Costa Rica,CRI,2010,1.05,1.827
Costa Rica,CRI,2011,1.02,1.877
Costa Rica,CRI,2012,0.98,1.851
Costa Rica,CRI,2013,0.95,1.779
Costa Rica,CRI,2014,0.92,1.8
Costa Rica,CRI,2015,0.9,1.797
Costa Rica,CRI,2016,0.89,1.746
Costa Rica,CRI,2017,0.89,1.714
Costa Rica,CRI,2018,0.89,1.706
Costa Rica,CRI,2019,0.91,1.6
Costa Rica,CRI,2020,0.94,1.448
Costa Rica,CRI,2021,0.97,1.353
Costa Rica,CRI,2022,1.01,1.335
Costa Rica,CRI,2023,1.05,1.33
Cote d'Ivoire,CIV,1950,36.56,7.61
Cote d'Ivoire,CIV,1951,36.56,7.609
Cote d'Ivoire,CIV,1952,36.56,7.606
Cote d'Ivoire,CIV,1953,36.56,7.604
Cote d'Ivoire,CIV,1954,36.56,7.602
Cote d'Ivoire,CIV,1955,36.56,7.597
Cote d'Ivoire,CIV,1956,35.63,7.597
Cote d'Ivoire,CIV,1957,34.72,7.598
Cote d'Ivoire,CIV,1958,33.86,7.61
Cote d'Ivoire,CIV,1959,32.98,7.606
Cote d'Ivoire,CIV,1960,32.1,7.691
Cote d'Ivoire,CIV,1961,31.3,7.72
Cote d'Ivoire,CIV,1962,30.51,7.75
Cote d'Ivoire,CIV,1963,29.71,7.781
Cote d'Ivoire,CIV,1964,28.93,7.811
Cote d'Ivoire,CIV,1965,28.19,7.841
Cote d'Ivoire,CIV,1966,27.43,7.868
Cote d'Ivoire,CIV,1967,26.69,7.893
Cote d'Ivoire,CIV,1968,25.95,7.912
Cote d'Ivoire,CIV,1969,25.23,7.927
Cote d'Ivoire,CIV,1970,24.49,7.936
Cote d'Ivoire,CIV,1971,23.73,7.941
Cote d'Ivoire,CIV,1972,22.92,7.942
Cote d'Ivoire,CIV,1973,22.08,7.939
Cote d'Ivoire,CIV,1974,21.2,7.929
Cote d'Ivoire,CIV,1975,20.32,7.91
Cote d'Ivoire,CIV,1976,19.48,7.877
Cote d'Ivoire,CIV,1977,18.7,7.828
Cote d'Ivoire,CIV,1978,17.99,7.669
Cote d'Ivoire,CIV,1979,17.37,7.625
Cote d'Ivoire,CIV,1980,16.87,7.586
Cote d'Ivoire,CIV,1981,16.42,7.539
Cote d'Ivoire,CIV,1982,16.06,7.488
Cote d'Ivoire,CIV,1983,15.76,7.417
Cote d'Ivoire,CIV,1984,15.54,7.352
Cote d'Ivoire,CIV,1985,15.38,7.273
Cote d'Ivoire,CIV,1986,15.28,7.187
Cote d'Ivoire,CIV,1987,15.23,7.09
Cote d'Ivoire,CIV,1988,15.21,6.969
Cote d'Ivoire,CIV,1989,15.25,6.85
Cote d'Ivoire,CIV,1990,15.3,6.719
Cote d'Ivoire,CIV,1991,15.36,6.585
Cote d'Ivoire,CIV,1992,15.38,6.426
Cote d'Ivoire,CIV,1993,15.36,6.27
Cote d'Ivoire,CIV,1994,15.3,6.128
Cote d'Ivoire,CIV,1995,15.2,6.038
Cote d'Ivoire,CIV,1996,15.07,5.954
Cote d'Ivoire,CIV,1997,14.88,5.902
Cote d'Ivoire,CIV,1998,14.64,5.854
Cote d'Ivoire,CIV,1999,14.36,5.805
Cote d'Ivoire,CIV,2000,14.05,5.773
Cote d'Ivoire,CIV,2001,13.71,5.704
Cote d'Ivoire,CIV,2002,13.34,5.641
Cote d'Ivoire,CIV,2003,12.96,5.572
Cote d'Ivoire,CIV,2004,12.57,5.527
Cote d'Ivoire,CIV,2005,12.16,5.499
Cote d'Ivoire,CIV,2006,11.78,5.448
Cote d'Ivoire,CIV,2007,11.39,5.403
Cote d'Ivoire,CIV,2008,10.95,5.357
Cote d'Ivoire,CIV,2009,10.58,5.332
Cote d'Ivoire,CIV,2010,10.22,5.292
Cote d'Ivoire,CIV,2011,9.91,5.244
Cote d'Ivoire,CIV,2012,9.6,5.19
Cote d'Ivoire,CIV,2013,9.27,5.135
Cote d'Ivoire,CIV,2014,8.92,5.071
Cote d'Ivoire,CIV,2015,8.61,4.97
Cote d'Ivoire,CIV,2016,8.36,4.873
Cote d'Ivoire,CIV,2017,8.11,4.757
Cote d'Ivoire,CIV,2018,7.85,4.596
Cote d'Ivoire,CIV,2019,7.59,4.523
Cote d'Ivoire,CIV,2020,7.37,4.461
Cote d'Ivoire,CIV,2021,7.14,4.411
Cote d'Ivoire,CIV,2022,6.92,4.349
Cote d'Ivoire,CIV,2023,6.71,4.283
Croatia,HRV,1950,9.69,2.933
Croatia,HRV,1951,9.69,2.662
Croatia,HRV,1952,9.69,2.725
Croatia,HRV,1953,9.69,2.681
Croatia,HRV,1954,9.69,2.629
Croatia,HRV,1955,9.69,2.588
Croatia,HRV,1956,9.69,2.504
Croatia,HRV,1957,9.69,2.361
Croatia,HRV,1958,9.69,2.26
Croatia,HRV,1959,9.69,2.27
Croatia,HRV,1960,9.69,2.239
Croatia,HRV,1961,9.148,2.219
Croatia,HRV,1962,8.606,2.192
Croatia,HRV,1963,8.064,2.145
Croatia,HRV,1964,7.521999999999999,2.142
Croatia,HRV,1965,6.9799999999999995,2.224
Croatia,HRV,1966,6.437999999999999,2.227
Croatia,HRV,1967,5.895999999999999,2.102
Croatia,HRV,1968,5.353999999999999,2.027
Croatia,HRV,1969,4.811999999999999,1.951
Croatia,HRV,1970,4.27,1.882
Croatia,HRV,1971,4.095999999999999,1.974
Croatia,HRV,1972,3.9219999999999997,2.007
Croatia,HRV,1973,3.7479999999999993,2.013
Croatia,HRV,1974,3.574,1.983
Croatia,HRV,1975,3.3999999999999995,1.951
Croatia,HRV,1976,3.2259999999999995,1.936
Croatia,HRV,1977,3.0519999999999996,1.947
Croatia,HRV,1978,2.8779999999999997,1.955
Croatia,HRV,1979,2.7039999999999997,1.947
Croatia,HRV,1980,2.53,1.931
Croatia,HRV,1981,2.19,1.926
Croatia,HRV,1982,2.09,1.91
Croatia,HRV,1983,2.0,1.891
Croatia,HRV,1984,1.91,1.875
Croatia,HRV,1985,1.8,1.828
Croatia,HRV,1986,1.69,1.773
Croatia,HRV,1987,1.59,1.745
Croatia,HRV,1988,1.48,1.706
Croatia,HRV,1989,1.38,1.648
Croatia,HRV,1990,1.29,1.628
Croatia,HRV,1991,1.39,1.543
Croatia,HRV,1992,1.15,1.462
Croatia,HRV,1993,1.09,1.508
Croatia,HRV,1994,1.04,1.52
Croatia,HRV,1995,1.0,1.579
Croatia,HRV,1996,0.96,1.675
Croatia,HRV,1997,0.93,1.685
Croatia,HRV,1998,0.9,1.499
Croatia,HRV,1999,0.86,1.438
Croatia,HRV,2000,0.83,1.423
Croatia,HRV,2001,0.8,1.458
Croatia,HRV,2002,0.77,1.428
Croatia,HRV,2003,0.82,1.412
Croatia,HRV,2004,0.71,1.419
Croatia,HRV,2005,0.67,1.506
Croatia,HRV,2006,0.64,1.469
Croatia,HRV,2007,0.61,1.487
Croatia,HRV,2008,0.59,1.555
Croatia,HRV,2009,0.57,1.588
Croatia,HRV,2010,0.55,1.551
Croatia,HRV,2011,0.53,1.485
Croatia,HRV,2012,0.52,1.516
Croatia,HRV,2013,0.51,1.461
Croatia,HRV,2014,0.5,1.461
Croatia,HRV,2015,0.49,1.403
Croatia,HRV,2016,0.49,1.427
Croatia,HRV,2017,0.48,1.423
Croatia,HRV,2018,0.48,1.472
Croatia,HRV,2019,0.47,1.47
Croatia,HRV,2020,0.47,1.484
Croatia,HRV,2021,0.46,1.624
Croatia,HRV,2022,0.46,1.53
Croatia,HRV,2023,0.46,1.468
Cuba,CUB,1932,17.34,4.032
Cuba,CUB,1933,20.91,4.032
Cuba,CUB,1934,14.93,4.032
Cuba,CUB,1935,19.97,4.032
Cuba,CUB,1936,16.04,4.032
Cuba,CUB,1937,12.59,4.032
Cuba,CUB,1938,11.89,4.032
Cuba,CUB,1943,9.85,4.032
Cuba,CUB,1944,7.81,4.032
Cuba,CUB,1945,9.52,4.032
Cuba,CUB,1946,5.25,4.032
Cuba,CUB,1947,5.4,4.032
Cuba,CUB,1948,4.97,4.032
Cuba,CUB,1949,4.83,4.032
Cuba,CUB,1950,4.41,4.032
Cuba,CUB,1951,4.97,3.947
Cuba,CUB,1952,4.83,3.931
Cuba,CUB,1953,4.83,3.924
Cuba,CUB,1954,4.14,3.917
Cuba,CUB,1955,4.55,3.902
Cuba,CUB,1956,4.27,3.893
Cuba,CUB,1957,4.69,3.886
Cuba,CUB,1958,4.34,3.9
Cuba,CUB,1959,4.38,4.0
Cuba,CUB,1960,4.41,4.129
Cuba,CUB,1961,4.44,4.265
Cuba,CUB,1962,4.45,4.421
Cuba,CUB,1963,4.45,4.559
Cuba,CUB,1964,4.43,4.528
Cuba,CUB,1965,4.38,4.504
Cuba,CUB,1966,4.31,4.398
Cuba,CUB,1967,4.22,4.294
Cuba,CUB,1968,4.11,4.194
Cuba,CUB,1969,3.97,4.124
Cuba,CUB,1970,3.82,3.981
Cuba,CUB,1971,3.65,3.799
Cuba,CUB,1972,3.47,3.612
Cuba,CUB,1973,3.29,3.402
Cuba,CUB,1974,3.11,3.164
Cuba,CUB,1975,2.94,2.824
Cuba,CUB,1976,2.77,2.506
Cuba,CUB,1977,2.62,2.209
Cuba,CUB,1978,2.47,1.884
Cuba,CUB,1979,2.34,1.771
Cuba,CUB,1980,2.22,1.637
Cuba,CUB,1981,2.11,1.591
Cuba,CUB,1982,2.0,1.776
Cuba,CUB,1983,1.9,1.801
Cuba,CUB,1984,1.81,1.774
Cuba,CUB,1985,1.73,1.772
Cuba,CUB,1986,1.64,1.779
Cuba,CUB,1987,1.56,1.8
Cuba,CUB,1988,1.49,1.853
Cuba,CUB,1989,1.41,1.832
Cuba,CUB,1990,1.34,1.806
Cuba,CUB,1991,1.28,1.663
Cuba,CUB,1992,1.22,1.562
Cuba,CUB,1993,1.16,1.489
Cuba,CUB,1994,1.11,1.467
Cuba,CUB,1995,1.06,1.481
Cuba,CUB,1996,1.01,1.457
Cuba,CUB,1997,0.97,1.59
Cuba,CUB,1998,0.93,1.617
Cuba,CUB,1999,0.89,1.64
Cuba,CUB,2000,0.86,1.608
Cuba,CUB,2001,0.82,1.595
Cuba,CUB,2002,0.79,1.645
Cuba,CUB,2003,0.76,1.627
Cuba,CUB,2004,0.73,1.546
Cuba,CUB,2005,0.71,1.486
Cuba,CUB,2006,0.69,1.402
Cuba,CUB,2007,0.66,1.436
Cuba,CUB,2008,0.65,1.576
Cuba,CUB,2009,0.63,1.678
Cuba,CUB,2010,0.62,1.673
Cuba,CUB,2011,0.61,1.734
Cuba,CUB,2012,0.6,1.668
Cuba,CUB,2013,0.6,1.678
Cuba,CUB,2014,0.6,1.655
Cuba,CUB,2015,0.61,1.685
Cuba,CUB,2016,0.62,1.6
Cuba,CUB,2017,0.64,1.585
Cuba,CUB,2018,0.66,1.607
Cuba,CUB,2019,0.69,1.54
Cuba,CUB,2020,0.72,1.489
Cuba,CUB,2021,0.76,1.427
Cuba,CUB,2022,0.79,1.412
Cuba,CUB,2023,0.83,1.439
Curacao,CUW,1950,7.30375,4.981
Curacao,CUW,1951,7.30375,5.009
Curacao,CUW,1952,7.30375,5.043
Curacao,CUW,1953,7.30375,5.07
Curacao,CUW,1954,7.30375,5.11
Curacao,CUW,1955,7.30375,5.155
Curacao,CUW,1956,7.30375,5.166
Curacao,CUW,1957,7.30375,5.184
Curacao,CUW,1958,7.30375,5.194
Curacao,CUW,1959,7.30375,5.176
Curacao,CUW,1960,7.30375,5.13
Curacao,CUW,1961,7.30375,5.042
Curacao,CUW,1962,7.30375,4.927
Curacao,CUW,1963,7.30375,4.798
Curacao,CUW,1964,7.30375,4.641
Curacao,CUW,1965,7.30375,4.475
Curacao,CUW,1966,7.30375,4.265
Curacao,CUW,1967,7.30375,4.059
Curacao,CUW,1968,7.30375,3.827
Curacao,CUW,1969,7.30375,3.608
Curacao,CUW,1970,7.30375,3.397
Curacao,CUW,1971,7.30375,3.18
Curacao,CUW,1972,7.30375,2.992
Curacao,CUW,1973,7.30375,2.872
Curacao,CUW,1974,7.30375,2.773
Curacao,CUW,1975,7.30375,2.662
Curacao,CUW,1976,7.30375,2.554
Curacao,CUW,1977,7.30375,2.463
Curacao,CUW,1978,7.30375,2.38
Curacao,CUW,1979,7.30375,2.312
Curacao,CUW,1980,7.30375,2.272
Curacao,CUW,1981,7.30375,2.249
Curacao,CUW,1982,7.30375,2.236
Curacao,CUW,1983,7.30375,2.238
Curacao,CUW,1984,7.30375,2.237
Curacao,CUW,1985,7.30375,2.242
Curacao,CUW,1986,7.30375,2.241
Curacao,CUW,1987,7.30375,2.242
Curacao,CUW,1988,7.30375,2.253
Curacao,CUW,1989,7.30375,2.269
Curacao,CUW,1990,7.30375,2.303
Curacao,CUW,1991,7.30375,2.372
Curacao,CUW,1992,7.30375,2.433
Curacao,CUW,1993,7.30375,2.438
Curacao,CUW,1994,7.30375,2.43
Curacao,CUW,1995,7.30375,2.419
Curacao,CUW,1996,7.30375,2.403
Curacao,CUW,1997,7.30375,2.367
Curacao,CUW,1998,7.30375,2.315
Curacao,CUW,1999,7.30375,2.285
Curacao,CUW,2000,7.30375,2.342
Curacao,CUW,2001,7.30375,2.405
Curacao,CUW,2002,7.30375,2.3
Curacao,CUW,2003,7.30375,2.191
Curacao,CUW,2004,7.30375,2.099
Curacao,CUW,2005,7.30375,2.037
Curacao,CUW,2006,7.30375,1.977
Curacao,CUW,2007,7.30375,1.915
Curacao,CUW,2008,7.30375,1.866
Curacao,CUW,2009,7.30375,1.879
Curacao,CUW,2010,7.30375,2.185
Curacao,CUW,2011,7.30375,2.106
Curacao,CUW,2012,7.30375,2.193
Curacao,CUW,2013,7.30375,2.098
Curacao,CUW,2014,7.30375,1.998
Curacao,CUW,2015,7.30375,1.896
Curacao,CUW,2016,7.30375,1.695
Curacao,CUW,2017,7.30375,1.455
Curacao,CUW,2018,7.30375,1.492
Curacao,CUW,2019,7.30375,1.181
Curacao,CUW,2020,7.30375,1.099
Curacao,CUW,2021,7.30375,1.077
Curacao,CUW,2022,7.30375,1.074
Curacao,CUW,2023,7.30375,1.073
Cyprus,CYP,1950,3.73,3.871
Cyprus,CYP,1951,3.73,3.801
Cyprus,CYP,1952,3.73,3.467
Cyprus,CYP,1953,3.73,3.465
Cyprus,CYP,1954,3.73,3.506
Cyprus,CYP,1955,3.73,3.441
Cyprus,CYP,1956,3.73,3.387
Cyprus,CYP,1957,3.73,3.386
Cyprus,CYP,1958,3.73,3.378
Cyprus,CYP,1959,3.73,3.402
Cyprus,CYP,1960,3.73,3.393
Cyprus,CYP,1961,3.717,3.619
Cyprus,CYP,1962,3.704,3.51
Cyprus,CYP,1963,3.691,3.494
Cyprus,CYP,1964,3.678,3.409
Cyprus,CYP,1965,3.665,3.47
Cyprus,CYP,1966,3.652,3.395
Cyprus,CYP,1967,3.6390000000000002,3.324
Cyprus,CYP,1968,3.626,3.267
Cyprus,CYP,1969,3.613,3.188
Cyprus,CYP,1970,3.6,3.065
Cyprus,CYP,1971,3.81,3.036
Cyprus,CYP,1972,3.72,2.988
Cyprus,CYP,1973,3.63,2.403
Cyprus,CYP,1974,3.53,2.28
Cyprus,CYP,1975,3.37,2.107
Cyprus,CYP,1976,3.16,2.327
Cyprus,CYP,1977,2.91,2.089
Cyprus,CYP,1978,2.65,2.079
Cyprus,CYP,1979,2.39,2.136
Cyprus,CYP,1980,2.16,2.298
Cyprus,CYP,1981,1.96,2.154
Cyprus,CYP,1982,1.78,2.487
Cyprus,CYP,1983,1.61,2.493
Cyprus,CYP,1984,1.45,2.512
Cyprus,CYP,1985,1.33,2.432
Cyprus,CYP,1986,1.23,2.452
Cyprus,CYP,1987,1.16,2.388
Cyprus,CYP,1988,1.13,2.47
Cyprus,CYP,1989,1.12,2.369
Cyprus,CYP,1990,1.11,2.402
Cyprus,CYP,1991,1.09,2.34
Cyprus,CYP,1992,1.06,2.459
Cyprus,CYP,1993,1.02,2.247
Cyprus,CYP,1994,0.97,2.163
Cyprus,CYP,1995,0.91,2.032
Cyprus,CYP,1996,0.86,1.953
Cyprus,CYP,1997,0.81,1.86
Cyprus,CYP,1998,0.76,1.761
Cyprus,CYP,1999,0.71,1.672
Cyprus,CYP,2000,0.66,1.638
Cyprus,CYP,2001,0.62,1.566
Cyprus,CYP,2002,0.58,1.497
Cyprus,CYP,2003,0.54,1.505
Cyprus,CYP,2004,0.5,1.512
Cyprus,CYP,2005,0.46,1.479
Cyprus,CYP,2006,0.42,1.509
Cyprus,CYP,2007,0.39,1.449
Cyprus,CYP,2008,0.37,1.479
Cyprus,CYP,2009,0.35,1.475
Cyprus,CYP,2010,0.33,1.434
Cyprus,CYP,2011,0.32,1.36
Cyprus,CYP,2012,0.3,1.382
Cyprus,CYP,2013,0.3,1.304
Cyprus,CYP,2014,0.29,1.312
Cyprus,CYP,2015,0.29,1.323
Cyprus,CYP,2016,0.29,1.357
Cyprus,CYP,2017,0.3,1.323
Cyprus,CYP,2018,0.3,1.319
Cyprus,CYP,2019,0.31,1.33
Cyprus,CYP,2020,0.32,1.361
Cyprus,CYP,2021,0.34,1.392
Cyprus,CYP,2022,0.35,1.393
Cyprus,CYP,2023,0.35,1.389
Czechia,CZE,1950,6.91,2.818
Czechia,CZE,1951,5.9,2.791
Czechia,CZE,1952,5.07,2.724
Czechia,CZE,1953,4.38,2.624
Czechia,CZE,1954,3.84,2.584
Czechia,CZE,1955,3.42,2.583
Czechia,CZE,1956,3.1,2.568
Czechia,CZE,1957,2.86,2.482
Czechia,CZE,1958,2.68,2.284
Czechia,CZE,1959,2.56,2.096
Czechia,CZE,1960,2.48,2.088
Czechia,CZE,1961,2.44,2.107
Czechia,CZE,1962,2.42,2.123
Czechia,CZE,1963,2.43,2.308
Czechia,CZE,1964,2.44,2.342
Czechia,CZE,1965,2.46,2.187
Czechia,CZE,1966,2.47,2.031
Czechia,CZE,1967,2.48,1.916
Czechia,CZE,1968,2.47,1.848
Czechia,CZE,1969,2.46,1.882
Czechia,CZE,1970,2.43,1.92
Czechia,CZE,1971,2.39,1.989
Czechia,CZE,1972,2.34,2.092
Czechia,CZE,1973,2.29,2.305
Czechia,CZE,1974,2.23,2.457
Czechia,CZE,1975,2.16,2.43
Czechia,CZE,1976,2.08,2.388
Czechia,CZE,1977,1.99,2.34
Czechia,CZE,1978,1.89,2.326
Czechia,CZE,1979,1.78,2.269
Czechia,CZE,1980,1.68,2.076
Czechia,CZE,1981,1.59,1.994
Czechia,CZE,1982,1.52,1.995
Czechia,CZE,1983,1.47,1.967
Czechia,CZE,1984,1.44,1.965
Czechia,CZE,1985,1.41,1.949
Czechia,CZE,1986,1.38,1.919
Czechia,CZE,1987,1.35,1.903
Czechia,CZE,1988,1.3,1.928
Czechia,CZE,1989,1.25,1.868
Czechia,CZE,1990,1.21,1.885
Czechia,CZE,1991,1.17,1.841
Czechia,CZE,1992,1.11,1.708
Czechia,CZE,1993,1.03,1.652
Czechia,CZE,1994,0.94,1.436
Czechia,CZE,1995,0.85,1.275
Czechia,CZE,1996,0.77,1.185
Czechia,CZE,1997,0.7,1.171
Czechia,CZE,1998,0.63,1.156
Czechia,CZE,1999,0.58,1.136
Czechia,CZE,2000,0.55,1.146
Czechia,CZE,2001,0.52,1.146
Czechia,CZE,2002,0.5,1.167
Czechia,CZE,2003,0.48,1.176
Czechia,CZE,2004,0.46,1.225
Czechia,CZE,2005,0.44,1.281
Czechia,CZE,2006,0.41,1.333
Czechia,CZE,2007,0.39,1.441
Czechia,CZE,2008,0.37,1.508
Czechia,CZE,2009,0.35,1.51
Czechia,CZE,2010,0.34,1.509
Czechia,CZE,2011,0.33,1.427
Czechia,CZE,2012,0.32,1.447
Czechia,CZE,2013,0.31,1.455
Czechia,CZE,2014,0.31,1.526
Czechia,CZE,2015,0.32,1.589
Czechia,CZE,2016,0.32,1.652
Czechia,CZE,2017,0.32,1.715
Czechia,CZE,2018,0.31,1.744
Czechia,CZE,2019,0.3,1.753
Czechia,CZE,2020,0.29,1.763
Czechia,CZE,2021,0.28,1.823
Czechia,CZE,2022,0.27,1.618
Czechia,CZE,2023,0.26,1.448
Democratic Republic of Congo,COD,1950,28.27,5.966
Democratic Republic of Congo,COD,1951,28.27,5.971
Democratic Republic of Congo,COD,1952,28.27,5.966
Democratic Republic of Congo,COD,1953,28.27,5.983
Democratic Republic of Congo,COD,1954,28.27,5.984
Democratic Republic of Congo,COD,1955,28.27,5.982
Democratic Republic of Congo,COD,1956,28.27,5.986
Democratic Republic of Congo,COD,1957,28.27,6.009
Democratic Republic of Congo,COD,1958,28.27,6.036
Democratic Republic of Congo,COD,1959,28.27,6.065
Democratic Republic of Congo,COD,1960,28.27,6.105
Democratic Republic of Congo,COD,1961,27.912222222222223,6.124
Democratic Republic of Congo,COD,1962,27.554444444444446,6.141
Democratic Republic of Congo,COD,1963,27.196666666666665,6.158
Democratic Republic of Congo,COD,1964,26.83888888888889,6.188
Democratic Republic of Congo,COD,1965,26.48111111111111,6.21
Democratic Republic of Congo,COD,1966,26.123333333333335,6.242
Democratic Republic of Congo,COD,1967,25.765555555555558,6.267
Democratic Republic of Congo,COD,1968,25.407777777777778,6.286
Democratic Republic of Congo,COD,1969,25.05,6.304
Democratic Republic of Congo,COD,1970,24.68,6.329
Democratic Republic of Congo,COD,1971,24.33,6.344
Democratic Republic of Congo,COD,1972,24.01,6.369
Democratic Republic of Congo,COD,1973,23.69,6.385
Democratic Republic of Congo,COD,1974,23.35,6.404
Democratic Republic of Congo,COD,1975,22.97,6.419
Democratic Republic of Congo,COD,1976,22.61,6.437
Democratic Republic of Congo,COD,1977,22.26,6.45
Democratic Republic of Congo,COD,1978,21.9,6.463
Democratic Republic of Congo,COD,1979,21.54,6.479
Democratic Republic of Congo,COD,1980,21.2,6.495
Democratic Republic of Congo,COD,1981,20.86,6.519
Democratic Republic of Congo,COD,1982,20.55,6.54
Democratic Republic of Congo,COD,1983,20.25,6.564
Democratic Republic of Congo,COD,1984,19.98,6.586
Democratic Republic of Congo,COD,1985,19.72,6.612
Democratic Republic of Congo,COD,1986,19.48,6.634
Democratic Republic of Congo,COD,1987,19.24,6.651
Democratic Republic of Congo,COD,1988,19.01,6.656
Democratic Republic of Congo,COD,1989,18.77,6.65
Democratic Republic of Congo,COD,1990,18.53,6.649
Democratic Republic of Congo,COD,1991,18.31,6.645
Democratic Republic of Congo,COD,1992,18.1,6.639
Democratic Republic of Congo,COD,1993,17.88,6.641
Democratic Republic of Congo,COD,1994,17.69,6.643
Democratic Republic of Congo,COD,1995,17.48,6.676
Democratic Republic of Congo,COD,1996,17.25,6.672
Democratic Republic of Congo,COD,1997,16.99,6.69
Democratic Republic of Congo,COD,1998,16.68,6.7
Democratic Republic of Congo,COD,1999,16.32,6.692
Democratic Republic of Congo,COD,2000,15.92,6.702
Democratic Republic of Congo,COD,2001,15.48,6.663
Democratic Republic of Congo,COD,2002,15.02,6.606
Democratic Republic of Congo,COD,2003,14.55,6.549
Democratic Republic of Congo,COD,2004,14.07,6.53
Democratic Republic of Congo,COD,2005,13.59,6.526
Democratic Republic of Congo,COD,2006,13.11,6.547
Democratic Republic of Congo,COD,2007,12.65,6.559
Democratic Republic of Congo,COD,2008,12.19,6.58
Democratic Republic of Congo,COD,2009,11.75,6.591
Democratic Republic of Congo,COD,2010,11.35,6.587
Democratic Republic of Congo,COD,2011,10.96,6.582
Democratic Republic of Congo,COD,2012,10.6,6.559
Democratic Republic of Congo,COD,2013,10.25,6.527
Democratic Republic of Congo,COD,2014,9.9,6.483
Democratic Republic of Congo,COD,2015,9.56,6.437
Democratic Republic of Congo,COD,2016,9.23,6.392
Democratic Republic of Congo,COD,2017,8.93,6.349
Democratic Republic of Congo,COD,2018,8.63,6.302
Democratic Republic of Congo,COD,2019,8.35,6.253
Democratic Republic of Congo,COD,2020,8.07,6.206
Democratic Republic of Congo,COD,2021,7.81,6.156
Democratic Republic of Congo,COD,2022,7.57,6.106
Democratic Republic of Congo,COD,2023,7.32,6.051
Denmark,DNK,1835,29.93,3.198
Denmark,DNK,1836,27.96,3.198
Denmark,DNK,1837,25.21,3.198
Denmark,DNK,1838,24.03,3.198
Denmark,DNK,1839,26.71,3.198
Denmark,DNK,1840,27.06,3.198
Denmark,DNK,1841,25.46,3.198
Denmark,DNK,1842,25.42,3.198
Denmark,DNK,1843,23.23,3.198
Denmark,DNK,1844,23.6,3.198
Denmark,DNK,1845,24.92,3.198
Denmark,DNK,1846,28.53,3.198
Denmark,DNK,1847,28.07,3.198
Denmark,DNK,1848,28.03,3.198
Denmark,DNK,1849,27.69,3.198
Denmark,DNK,1850,24.28,3.198
Denmark,DNK,1851,23.99,3.198
Denmark,DNK,1852,26.18,3.198
Denmark,DNK,1853,27.86,3.198
Denmark,DNK,1854,23.65,3.198
Denmark,DNK,1855,19.27,3.198
Denmark,DNK,1856,19.98,3.198
Denmark,DNK,1857,24.1,3.198
Denmark,DNK,1858,27.18,3.198
Denmark,DNK,1859,22.57,3.198
Denmark,DNK,1860,21.75,3.198
Denmark,DNK,1861,18.82,3.198
Denmark,DNK,1862,19.5,3.198
Denmark,DNK,1863,19.55,3.198
Denmark,DNK,1864,26.01,3.198
Denmark,DNK,1865,26.67,3.198
Denmark,DNK,1866,23.95,3.198
Denmark,DNK,1867,22.17,3.198
Denmark,DNK,1868,22.09,3.198
Denmark,DNK,1869,20.81,3.198
Denmark,DNK,1870,21.26,3.198
Denmark,DNK,1871,19.96,3.198
Denmark,DNK,1872,19.06,3.198
Denmark,DNK,1873,18.88,3.198
Denmark,DNK,1874,20.53,3.198
Denmark,DNK,1875,22.64,3.198
Denmark,DNK,1876,21.17,3.198
Denmark,DNK,1877,19.8,3.198
Denmark,DNK,1878,20.29,3.198
Denmark,DNK,1879,20.73,3.198
Denmark,DNK,1880,23.14,3.198
Denmark,DNK,1881,18.7,3.198
Denmark,DNK,1882,22.17,3.198
Denmark,DNK,1883,18.97,3.198
Denmark,DNK,1884,19.5,3.198
Denmark,DNK,1885,17.62,3.198
Denmark,DNK,1886,18.76,3.198
Denmark,DNK,1887,19.64,3.198
Denmark,DNK,1888,21.19,3.198
Denmark,DNK,1889,20.39,3.198
Denmark,DNK,1890,20.57,3.198
Denmark,DNK,1891,20.67,3.198
Denmark,DNK,1892,20.7,3.198
Denmark,DNK,1893,22.12,3.198
Denmark,DNK,1894,19.62,3.198
Denmark,DNK,1895,18.38,3.198
Denmark,DNK,1896,16.62,3.198
Denmark,DNK,1897,16.85,3.198
Denmark,DNK,1898,16.48,3.198
Denmark,DNK,1899,19.3,3.198
Denmark,DNK,1900,16.34,3.198
Denmark,DNK,1901,17.06,3.198
Denmark,DNK,1902,14.88,3.198
Denmark,DNK,1903,14.67,3.198
Denmark,DNK,1904,13.95,3.198
Denmark,DNK,1905,15.07,3.198
Denmark,DNK,1906,13.55,3.198
Denmark,DNK,1907,13.62,3.198
Denmark,DNK,1908,15.25,3.198
Denmark,DNK,1909,12.36,3.198
Denmark,DNK,1910,12.22,3.198
Denmark,DNK,1911,12.96,3.198
Denmark,DNK,1912,11.6,3.198
Denmark,DNK,1913,11.39,3.198
Denmark,DNK,1914,11.77,3.198
Denmark,DNK,1915,11.22,3.198
Denmark,DNK,1916,12.88,3.198
Denmark,DNK,1917,12.27,3.084
Denmark,DNK,1918,9.91,3.139
Denmark,DNK,1919,11.65,2.932
Denmark,DNK,1920,11.99,3.264
Denmark,DNK,1921,9.13,3.083
Denmark,DNK,1922,9.82,2.846
Denmark,DNK,1923,10.14,2.833
Denmark,DNK,1924,10.31,2.753
Denmark,DNK,1925,9.45,2.639
Denmark,DNK,1926,9.86,2.557
Denmark,DNK,1927,9.88,2.427
Denmark,DNK,1928,9.71,2.417
Denmark,DNK,1929,9.34,2.28
Denmark,DNK,1930,9.38,2.286
Denmark,DNK,1931,9.45,2.187
Denmark,DNK,1932,8.5,2.17
Denmark,DNK,1933,7.82,2.081
Denmark,DNK,1934,7.56,2.133
Denmark,DNK,1935,8.72,2.113
Denmark,DNK,1936,8.09,2.135
Denmark,DNK,1937,7.75,2.156
Denmark,DNK,1938,7.05,2.178
Denmark,DNK,1939,6.68,2.15
Denmark,DNK,1940,5.88,2.21
Denmark,DNK,1941,6.46,2.244
Denmark,DNK,1942,5.74,2.495
Denmark,DNK,1943,5.42,2.639
Denmark,DNK,1944,5.89,2.832
Denmark,DNK,1945,5.82,2.967
Denmark,DNK,1946,5.4,3.006
Denmark,DNK,1947,4.58,2.891
Denmark,DNK,1948,4.05,2.704
Denmark,DNK,1949,3.87,2.566
Denmark,DNK,1950,3.41,2.572
Denmark,DNK,1951,3.34,2.508
Denmark,DNK,1952,3.26,2.539
Denmark,DNK,1953,3.16,2.598
Denmark,DNK,1954,3.05,2.561
Denmark,DNK,1955,2.93,2.589
Denmark,DNK,1956,2.81,2.6
Denmark,DNK,1957,2.7,2.556
Denmark,DNK,1958,2.62,2.528
Denmark,DNK,1959,2.55,2.493
Denmark,DNK,1960,2.5,2.561
Denmark,DNK,1961,2.45,2.547
Denmark,DNK,1962,2.38,2.549
Denmark,DNK,1963,2.3,2.655
Denmark,DNK,1964,2.21,2.601
Denmark,DNK,1965,2.11,2.608
Denmark,DNK,1966,2.01,2.607
Denmark,DNK,1967,1.9,2.351
Denmark,DNK,1968,1.81,2.119
Denmark,DNK,1969,1.73,1.998
Denmark,DNK,1970,1.66,1.956
Denmark,DNK,1971,1.58,2.038
Denmark,DNK,1972,1.49,2.026
Denmark,DNK,1973,1.39,1.921
Denmark,DNK,1974,1.31,1.898
Denmark,DNK,1975,1.23,1.908
Denmark,DNK,1976,1.17,1.75
Denmark,DNK,1977,1.11,1.663
Denmark,DNK,1978,1.06,1.661
Denmark,DNK,1979,1.03,1.601
Denmark,DNK,1980,1.0,1.54
Denmark,DNK,1981,0.98,1.44
Denmark,DNK,1982,0.96,1.42
Denmark,DNK,1983,0.96,1.378
Denmark,DNK,1984,0.96,1.398
Denmark,DNK,1985,0.97,1.443
Denmark,DNK,1986,0.97,1.476
Denmark,DNK,1987,0.97,1.497
Denmark,DNK,1988,0.96,1.558
Denmark,DNK,1989,0.93,1.617
Denmark,DNK,1990,0.89,1.664
Denmark,DNK,1991,0.84,1.685
Denmark,DNK,1992,0.79,1.755
Denmark,DNK,1993,0.74,1.75
Denmark,DNK,1994,0.69,1.801
Denmark,DNK,1995,0.65,1.801
Denmark,DNK,1996,0.63,1.751
Denmark,DNK,1997,0.6,1.749
Denmark,DNK,1998,0.59,1.723
Denmark,DNK,1999,0.57,1.734
Denmark,DNK,2000,0.56,1.765
Denmark,DNK,2001,0.55,1.742
Denmark,DNK,2002,0.54,1.726
Denmark,DNK,2003,0.52,1.756
Denmark,DNK,2004,0.5,1.779
Denmark,DNK,2005,0.48,1.798
Denmark,DNK,2006,0.46,1.841
Denmark,DNK,2007,0.45,1.842
Denmark,DNK,2008,0.43,1.88
Denmark,DNK,2009,0.42,1.84
Denmark,DNK,2010,0.41,1.858
Denmark,DNK,2011,0.41,1.754
Denmark,DNK,2012,0.41,1.723
Denmark,DNK,2013,0.41,1.67
Denmark,DNK,2014,0.41,1.688
Denmark,DNK,2015,0.41,1.712
Denmark,DNK,2016,0.4,1.775
Denmark,DNK,2017,0.4,1.749
Denmark,DNK,2018,0.39,1.726
Denmark,DNK,2019,0.38,1.698
Denmark,DNK,2020,0.37,1.678
Denmark,DNK,2021,0.36,1.73
Denmark,DNK,2022,0.35,1.559
Denmark,DNK,2023,0.34,1.511
Djibouti,DJI,1950,17.1,6.821
Djibouti,DJI,1951,17.1,6.813
Djibouti,DJI,1952,17.1,6.811
Djibouti,DJI,1953,17.1,6.819
Djibouti,DJI,1954,17.1,6.823
Djibouti,DJI,1955,17.1,6.824
Djibouti,DJI,1956,17.1,6.825
Djibouti,DJI,1957,17.1,6.82
Djibouti,DJI,1958,17.1,6.831
Djibouti,DJI,1959,17.1,6.83
Djibouti,DJI,1960,17.1,6.847
Djibouti,DJI,1961,17.1,6.848
Djibouti,DJI,1962,17.1,6.854
Djibouti,DJI,1963,17.1,6.86
Djibouti,DJI,1964,17.1,6.872
Djibouti,DJI,1965,17.1,6.864
Djibouti,DJI,1966,17.1,6.875
Djibouti,DJI,1967,17.1,6.87
Djibouti,DJI,1968,17.1,6.876
Djibouti,DJI,1969,17.1,6.878
Djibouti,DJI,1970,17.1,6.879
Djibouti,DJI,1971,17.1,6.882
Djibouti,DJI,1972,17.1,6.851
Djibouti,DJI,1973,17.1,6.817
Djibouti,DJI,1974,17.1,6.78
Djibouti,DJI,1975,17.1,6.737
Djibouti,DJI,1976,17.1,6.691
Djibouti,DJI,1977,16.63,6.64
Djibouti,DJI,1978,16.17,6.586
Djibouti,DJI,1979,15.7,6.523
Djibouti,DJI,1980,15.26,6.46
Djibouti,DJI,1981,14.84,6.397
Djibouti,DJI,1982,14.38,6.342
Djibouti,DJI,1983,13.97,6.298
Djibouti,DJI,1984,13.56,6.247
Djibouti,DJI,1985,13.18,6.192
Djibouti,DJI,1986,12.81,6.139
Djibouti,DJI,1987,12.47,6.086
Djibouti,DJI,1988,12.16,6.03
Djibouti,DJI,1989,11.88,5.973
Djibouti,DJI,1990,11.63,5.931
Djibouti,DJI,1991,11.4,5.856
Djibouti,DJI,1992,11.22,5.751
Djibouti,DJI,1993,11.06,5.638
Djibouti,DJI,1994,10.93,5.507
Djibouti,DJI,1995,10.79,5.331
Djibouti,DJI,1996,10.66,5.149
Djibouti,DJI,1997,10.51,4.966
Djibouti,DJI,1998,10.34,4.795
Djibouti,DJI,1999,10.15,4.687
Djibouti,DJI,2000,9.95,4.601
Djibouti,DJI,2001,9.72,4.518
Djibouti,DJI,2002,9.48,4.41
Djibouti,DJI,2003,9.24,4.296
Djibouti,DJI,2004,9.0,4.162
Djibouti,DJI,2005,8.77,4.035
Djibouti,DJI,2006,8.53,3.899
Djibouti,DJI,2007,8.28,3.756
Djibouti,DJI,2008,8.03,3.621
Djibouti,DJI,2009,7.81,3.521
Djibouti,DJI,2010,7.59,3.431
Djibouti,DJI,2011,7.36,3.341
Djibouti,DJI,2012,7.14,3.255
Djibouti,DJI,2013,6.93,3.187
Djibouti,DJI,2014,6.72,3.116
Djibouti,DJI,2015,6.51,3.041
Djibouti,DJI,2016,6.33,2.969
Djibouti,DJI,2017,6.13,2.916
Djibouti,DJI,2018,5.94,2.858
Djibouti,DJI,2019,5.75,2.798
Djibouti,DJI,2020,5.56,2.745
Djibouti,DJI,2021,5.38,2.699
Djibouti,DJI,2022,5.22,2.653
Djibouti,DJI,2023,5.04,2.609
Dominica,DMA,1950,13.64,5.236
Dominica,DMA,1951,13.64,5.37
Dominica,DMA,1952,13.64,5.504
Dominica,DMA,1953,13.64,5.64
Dominica,DMA,1954,13.64,5.774
Dominica,DMA,1955,13.64,5.907
Dominica,DMA,1956,13.64,6.025
Dominica,DMA,1957,13.64,6.118
Dominica,DMA,1958,13.64,6.168
Dominica,DMA,1959,13.64,6.183
Dominica,DMA,1960,13.64,6.178
Dominica,DMA,1961,12.43,6.156
Dominica,DMA,1962,11.32,6.122
Dominica,DMA,1963,10.32,6.084
Dominica,DMA,1964,9.41,6.027
Dominica,DMA,1965,8.59,5.952
Dominica,DMA,1966,7.84,5.856
Dominica,DMA,1967,7.16,5.737
Dominica,DMA,1968,6.54,5.587
Dominica,DMA,1969,5.98,5.412
Dominica,DMA,1970,5.48,5.215
Dominica,DMA,1971,5.02,4.985
Dominica,DMA,1972,4.61,4.671
Dominica,DMA,1973,4.24,4.275
Dominica,DMA,1974,3.91,3.842
Dominica,DMA,1975,3.61,3.461
Dominica,DMA,1976,3.35,3.191
Dominica,DMA,1977,3.12,3.02
Dominica,DMA,1978,2.92,2.955
Dominica,DMA,1979,2.74,2.96
Dominica,DMA,1980,2.58,3.035
Dominica,DMA,1981,2.45,3.114
Dominica,DMA,1982,2.33,3.166
Dominica,DMA,1983,2.22,3.178
Dominica,DMA,1984,2.14,3.151
Dominica,DMA,1985,2.06,3.116
Dominica,DMA,1986,2.0,3.084
Dominica,DMA,1987,1.95,3.063
Dominica,DMA,1988,1.91,3.056
Dominica,DMA,1989,1.88,3.059
Dominica,DMA,1990,1.85,3.092
Dominica,DMA,1991,1.84,3.145
Dominica,DMA,1992,1.82,3.177
Dominica,DMA,1993,1.82,3.201
Dominica,DMA,1994,1.82,2.964
Dominica,DMA,1995,1.83,2.708
Dominica,DMA,1996,1.84,2.546
Dominica,DMA,1997,1.86,2.406
Dominica,DMA,1998,1.88,2.315
Dominica,DMA,1999,1.91,2.458
Dominica,DMA,2000,1.94,2.346
Dominica,DMA,2001,1.97,2.399
Dominica,DMA,2002,2.01,2.16
Dominica,DMA,2003,2.06,2.075
Dominica,DMA,2004,2.11,2.023
Dominica,DMA,2005,2.16,1.998
Dominica,DMA,2006,2.22,2.074
Dominica,DMA,2007,2.28,2.022
Dominica,DMA,2008,2.35,1.968
Dominica,DMA,2009,2.42,1.918
Dominica,DMA,2010,2.5,1.887
Dominica,DMA,2011,2.57,1.861
Dominica,DMA,2012,2.66,1.827
Dominica,DMA,2013,2.74,1.778
Dominica,DMA,2014,2.83,1.713
Dominica,DMA,2015,2.93,1.648
Dominica,DMA,2016,3.02,1.581
Dominica,DMA,2017,3.12,1.54
Dominica,DMA,2018,3.21,1.517
Dominica,DMA,2019,3.3,1.504
Dominica,DMA,2020,3.38,1.495
Dominica,DMA,2021,3.45,1.484
Dominica,DMA,2022,3.51,1.482
Dominica,DMA,2023,3.55,1.484
Dominican Republic,DOM,1950,14.39,7.507
Dominican Republic,DOM,1951,14.47,7.536
Dominican Republic,DOM,1952,14.54,7.589
Dominican Republic,DOM,1953,14.62,7.629
Dominican Republic,DOM,1954,14.68,7.656
Dominican Republic,DOM,1955,14.75,7.672
Dominican Republic,DOM,1956,14.81,7.675
Dominican Republic,DOM,1957,14.84,7.665
Dominican Republic,DOM,1958,14.85,7.643
Dominican Republic,DOM,1959,14.82,7.606
Dominican Republic,DOM,1960,14.75,7.555
Dominican Republic,DOM,1961,14.64,7.487
Dominican Republic,DOM,1962,14.48,7.404
Dominican Republic,DOM,1963,14.29,7.303
Dominican Republic,DOM,1964,14.06,7.186
Dominican Republic,DOM,1965,13.8,7.053
Dominican Republic,DOM,1966,13.53,6.949
Dominican Republic,DOM,1967,13.25,6.755
Dominican Republic,DOM,1968,12.96,6.548
Dominican Republic,DOM,1969,12.67,6.366
Dominican Republic,DOM,1970,12.36,6.184
Dominican Republic,DOM,1971,12.03,6.009
Dominican Republic,DOM,1972,11.66,5.841
Dominican Republic,DOM,1973,11.27,5.667
Dominican Republic,DOM,1974,10.88,5.44
Dominican Republic,DOM,1975,10.47,5.235
Dominican Republic,DOM,1976,10.09,5.046
Dominican Republic,DOM,1977,9.71,4.842
Dominican Republic,DOM,1978,9.35,4.644
Dominican Republic,DOM,1979,9.01,4.473
Dominican Republic,DOM,1980,8.68,4.302
Dominican Republic,DOM,1981,8.36,4.149
Dominican Republic,DOM,1982,8.05,4.014
Dominican Republic,DOM,1983,7.76,3.947
Dominican Republic,DOM,1984,7.48,3.822
Dominican Republic,DOM,1985,7.21,3.686
Dominican Republic,DOM,1986,6.94,3.603
Dominican Republic,DOM,1987,6.69,3.528
Dominican Republic,DOM,1988,6.44,3.5
Dominican Republic,DOM,1989,6.19,3.475
Dominican Republic,DOM,1990,5.95,3.411
Dominican Republic,DOM,1991,5.7,3.349
Dominican Republic,DOM,1992,5.46,3.287
Dominican Republic,DOM,1993,5.22,3.226
Dominican Republic,DOM,1994,5.0,3.163
Dominican Republic,DOM,1995,4.78,3.101
Dominican Republic,DOM,1996,4.58,3.04
Dominican Republic,DOM,1997,4.4,2.922
Dominican Republic,DOM,1998,4.24,2.835
Dominican Republic,DOM,1999,4.1,2.846
Dominican Republic,DOM,2000,3.98,2.869
Dominican Republic,DOM,2001,3.88,2.827
Dominican Republic,DOM,2002,3.8,2.764
Dominican Republic,DOM,2003,3.73,2.703
Dominican Republic,DOM,2004,3.67,2.641
Dominican Republic,DOM,2005,3.62,2.574
Dominican Republic,DOM,2006,3.59,2.508
Dominican Republic,DOM,2007,3.56,2.51
Dominican Republic,DOM,2008,3.54,2.546
Dominican Republic,DOM,2009,3.52,2.574
Dominican Republic,DOM,2010,3.51,2.556
Dominican Republic,DOM,2011,3.5,2.527
Dominican Republic,DOM,2012,3.49,2.497
Dominican Republic,DOM,2013,3.5,2.474
Dominican Republic,DOM,2014,3.5,2.451
Dominican Republic,DOM,2015,3.5,2.43
Dominican Republic,DOM,2016,3.5,2.41
Dominican Republic,DOM,2017,3.5,2.398
Dominican Republic,DOM,2018,3.47,2.397
Dominican Republic,DOM,2019,3.43,2.366
Dominican Republic,DOM,2020,3.38,2.329
Dominican Republic,DOM,2021,3.31,2.294
Dominican Republic,DOM,2022,3.22,2.267
Dominican Republic,DOM,2023,3.14,2.243
East Timor,TLS,1950,23.23,6.605
East Timor,TLS,1951,23.23,6.591
East Timor,TLS,1952,23.23,6.564
East Timor,TLS,1953,23.23,6.536
East Timor,TLS,1954,23.23,6.509
East Timor,TLS,1955,23.23,6.481
East Timor,TLS,1956,23.23,6.453
East Timor,TLS,1957,23.23,6.424
East Timor,TLS,1958,23.23,6.393
East Timor,TLS,1959,23.23,6.359
East Timor,TLS,1960,23.23,6.319
East Timor,TLS,1961,23.23,6.273
East Timor,TLS,1962,23.23,6.218
East Timor,TLS,1963,23.23,6.155
East Timor,TLS,1964,23.23,6.084
East Timor,TLS,1965,23.23,6.008
East Timor,TLS,1966,23.23,5.932
East Timor,TLS,1967,23.23,5.858
East Timor,TLS,1968,23.23,5.788
East Timor,TLS,1969,23.23,5.722
East Timor,TLS,1970,23.23,5.655
East Timor,TLS,1971,23.23,5.58
East Timor,TLS,1972,23.23,5.492
East Timor,TLS,1973,23.23,5.392
East Timor,TLS,1974,23.23,5.287
East Timor,TLS,1975,23.23,5.19
East Timor,TLS,1976,23.23,5.119
East Timor,TLS,1977,23.23,5.085
East Timor,TLS,1978,23.23,5.094
East Timor,TLS,1979,23.23,5.142
East Timor,TLS,1980,23.23,5.219
East Timor,TLS,1981,23.23,5.525
East Timor,TLS,1982,23.23,5.555
East Timor,TLS,1983,23.23,5.586
East Timor,TLS,1984,22.24,5.614
East Timor,TLS,1985,27.06,5.65
East Timor,TLS,1986,26.28,5.672
East Timor,TLS,1987,24.37,5.682
East Timor,TLS,1988,24.09,5.716
East Timor,TLS,1989,22.96,5.762
East Timor,TLS,1990,22.54,5.811
East Timor,TLS,1991,22.16,5.835
East Timor,TLS,1992,21.05,5.867
East Timor,TLS,1993,19.99,5.879
East Timor,TLS,1994,19.22,5.912
East Timor,TLS,1995,19.34,5.936
East Timor,TLS,1996,18.52,5.941
East Timor,TLS,1997,17.74,5.955
East Timor,TLS,1998,18.02,5.963
East Timor,TLS,1999,19.38,5.97
East Timor,TLS,2000,11.05,5.934
East Timor,TLS,2001,10.55,5.918
East Timor,TLS,2002,10.07,5.899
East Timor,TLS,2003,9.61,5.846
East Timor,TLS,2004,9.17,5.741
East Timor,TLS,2005,8.75,5.611
East Timor,TLS,2006,8.36,5.474
East Timor,TLS,2007,8.01,5.333
East Timor,TLS,2008,7.68,5.171
East Timor,TLS,2009,7.38,4.994
East Timor,TLS,2010,7.11,4.816
East Timor,TLS,2011,6.86,4.614
East Timor,TLS,2012,6.63,4.404
East Timor,TLS,2013,6.42,4.208
East Timor,TLS,2014,6.23,3.999
East Timor,TLS,2015,6.06,3.779
East Timor,TLS,2016,5.91,3.582
East Timor,TLS,2017,5.78,3.399
East Timor,TLS,2018,5.66,3.244
East Timor,TLS,2019,5.55,3.116
East Timor,TLS,2020,5.42,3.011
East Timor,TLS,2021,5.28,2.892
East Timor,TLS,2022,5.14,2.801
East Timor,TLS,2023,5.0,2.707
Ecuador,ECU,1950,20.65,6.725
Ecuador,ECU,1951,20.65,6.733
Ecuador,ECU,1952,20.65,6.748
Ecuador,ECU,1953,20.65,6.758
Ecuador,ECU,1954,20.65,6.765
Ecuador,ECU,1955,20.65,6.767
Ecuador,ECU,1956,19.98,6.765
Ecuador,ECU,1957,19.38,6.76
Ecuador,ECU,1958,18.76,6.75
Ecuador,ECU,1959,18.19,6.737
Ecuador,ECU,1960,17.63,6.721
Ecuador,ECU,1961,17.1,6.7
Ecuador,ECU,1962,16.58,6.676
Ecuador,ECU,1963,16.09,6.646
Ecuador,ECU,1964,15.65,6.61
Ecuador,ECU,1965,15.26,6.564
Ecuador,ECU,1966,14.91,6.507
Ecuador,ECU,1967,14.59,6.436
Ecuador,ECU,1968,14.29,6.351
Ecuador,ECU,1969,14.01,6.252
Ecuador,ECU,1970,13.71,6.138
Ecuador,ECU,1971,13.37,6.011
Ecuador,ECU,1972,12.98,5.873
Ecuador,ECU,1973,12.51,5.727
Ecuador,ECU,1974,12.02,5.577
Ecuador,ECU,1975,11.5,5.426
Ecuador,ECU,1976,10.97,5.276
Ecuador,ECU,1977,10.48,5.13
Ecuador,ECU,1978,10.01,4.989
Ecuador,ECU,1979,9.57,4.855
Ecuador,ECU,1980,9.12,4.73
Ecuador,ECU,1981,8.68,4.612
Ecuador,ECU,1982,8.23,4.501
Ecuador,ECU,1983,7.78,4.395
Ecuador,ECU,1984,7.35,4.305
Ecuador,ECU,1985,6.95,4.145
Ecuador,ECU,1986,6.58,4.0
Ecuador,ECU,1987,6.25,3.87
Ecuador,ECU,1988,5.94,3.787
Ecuador,ECU,1989,5.66,3.736
Ecuador,ECU,1990,5.39,3.68
Ecuador,ECU,1991,5.12,3.633
Ecuador,ECU,1992,4.86,3.575
Ecuador,ECU,1993,4.6,3.491
Ecuador,ECU,1994,4.34,3.42
Ecuador,ECU,1995,4.08,3.381
Ecuador,ECU,1996,3.82,3.351
Ecuador,ECU,1997,3.57,3.288
Ecuador,ECU,1998,3.34,3.228
Ecuador,ECU,1999,3.14,3.166
Ecuador,ECU,2000,2.96,3.102
Ecuador,ECU,2001,2.81,3.037
Ecuador,ECU,2002,2.68,2.972
Ecuador,ECU,2003,2.57,2.911
Ecuador,ECU,2004,2.46,2.853
Ecuador,ECU,2005,2.37,2.8
Ecuador,ECU,2006,2.28,2.753
Ecuador,ECU,2007,2.19,2.704
Ecuador,ECU,2008,2.1,2.688
Ecuador,ECU,2009,2.0,2.678
Ecuador,ECU,2010,1.92,2.615
Ecuador,ECU,2011,1.83,2.605
Ecuador,ECU,2012,1.74,2.509
Ecuador,ECU,2013,1.66,2.362
Ecuador,ECU,2014,1.59,2.274
Ecuador,ECU,2015,1.53,2.209
Ecuador,ECU,2016,1.48,2.122
Ecuador,ECU,2017,1.44,2.128
Ecuador,ECU,2018,1.41,2.111
Ecuador,ECU,2019,1.38,2.035
Ecuador,ECU,2020,1.36,1.967
Ecuador,ECU,2021,1.34,1.909
Ecuador,ECU,2022,1.32,1.861
Ecuador,ECU,2023,1.31,1.823
Egypt,EGY,1950,36.68,7.058
Egypt,EGY,1951,36.68,7.073
Egypt,EGY,1952,36.68,7.079
Egypt,EGY,1953,36.68,7.086
Egypt,EGY,1954,36.68,7.057
Egypt,EGY,1955,36.68,7.015
Egypt,EGY,1956,35.75,6.968
Egypt,EGY,1957,34.8,6.922
Egypt,EGY,1958,33.87,6.863
Egypt,EGY,1959,32.93,6.828
Egypt,EGY,1960,31.95,6.793
Egypt,EGY,1961,30.92,6.758
Egypt,EGY,1962,29.9,6.709
Egypt,EGY,1963,28.9,6.648
Egypt,EGY,1964,27.98,6.541
Egypt,EGY,1965,27.15,6.387
Egypt,EGY,1966,26.45,6.308
Egypt,EGY,1967,25.88,6.252
Egypt,EGY,1968,25.42,6.193
Egypt,EGY,1969,25.04,6.12
Egypt,EGY,1970,24.69,6.059
Egypt,EGY,1971,24.32,5.99
Egypt,EGY,1972,23.88,5.929
Egypt,EGY,1973,23.31,5.843
Egypt,EGY,1974,22.58,5.784
Egypt,EGY,1975,21.73,5.749
Egypt,EGY,1976,20.78,5.727
Egypt,EGY,1977,19.79,5.678
Egypt,EGY,1978,18.79,5.629
Egypt,EGY,1979,17.81,5.569
Egypt,EGY,1980,16.84,5.494
Egypt,EGY,1981,15.87,5.368
Egypt,EGY,1982,14.9,5.329
Egypt,EGY,1983,13.9,5.308
Egypt,EGY,1984,12.88,5.207
Egypt,EGY,1985,11.89,5.116
Egypt,EGY,1986,11.0,4.998
Egypt,EGY,1987,10.22,4.911
Egypt,EGY,1988,9.57,4.833
Egypt,EGY,1989,9.03,4.676
Egypt,EGY,1990,8.57,4.512
Egypt,EGY,1991,8.14,4.315
Egypt,EGY,1992,7.73,4.149
Egypt,EGY,1993,7.31,3.993
Egypt,EGY,1994,6.88,3.865
Egypt,EGY,1995,6.45,3.764
Egypt,EGY,1996,6.04,3.7
Egypt,EGY,1997,5.65,3.682
Egypt,EGY,1998,5.29,3.681
Egypt,EGY,1999,4.96,3.599
Egypt,EGY,2000,4.66,3.505
Egypt,EGY,2001,4.39,3.46
Egypt,EGY,2002,4.15,3.412
Egypt,EGY,2003,3.94,3.352
Egypt,EGY,2004,3.75,3.283
Egypt,EGY,2005,3.57,3.254
Egypt,EGY,2006,3.41,3.223
Egypt,EGY,2007,3.27,3.237
Egypt,EGY,2008,3.12,3.238
Egypt,EGY,2009,2.99,3.259
Egypt,EGY,2010,2.86,3.296
Egypt,EGY,2011,2.74,3.311
Egypt,EGY,2012,2.62,3.4
Egypt,EGY,2013,2.52,3.49
Egypt,EGY,2014,2.41,3.49
Egypt,EGY,2015,2.33,3.5
Egypt,EGY,2016,2.24,3.35
Egypt,EGY,2017,2.16,3.31
Egypt,EGY,2018,2.08,3.02
Egypt,EGY,2019,2.01,2.87
Egypt,EGY,2020,1.94,2.85
Egypt,EGY,2021,1.87,2.75
Egypt,EGY,2022,1.81,2.75
Egypt,EGY,2023,1.75,2.75
El Salvador,SLV,1950,20.62,6.296
El Salvador,SLV,1951,20.62,6.319
El Salvador,SLV,1952,20.62,6.363
El Salvador,SLV,1953,20.62,6.394
El Salvador,SLV,1954,20.62,6.43
El Salvador,SLV,1955,20.62,6.475
El Salvador,SLV,1956,20.18,6.499
El Salvador,SLV,1957,19.7,6.536
El Salvador,SLV,1958,19.28,6.564
El Salvador,SLV,1959,18.87,6.591
El Salvador,SLV,1960,18.45,6.618
El Salvador,SLV,1961,18.06,6.644
El Salvador,SLV,1962,17.69,6.675
El Salvador,SLV,1963,17.32,6.69
El Salvador,SLV,1964,16.97,6.684
El Salvador,SLV,1965,16.63,6.636
El Salvador,SLV,1966,16.28,6.565
El Salvador,SLV,1967,15.96,6.487
El Salvador,SLV,1968,15.63,6.386
El Salvador,SLV,1969,15.3,6.278
El Salvador,SLV,1970,14.98,6.178
El Salvador,SLV,1971,14.64,6.13
El Salvador,SLV,1972,14.28,6.032
El Salvador,SLV,1973,13.91,5.929
El Salvador,SLV,1974,13.51,5.822
El Salvador,SLV,1975,13.07,5.705
El Salvador,SLV,1976,12.61,5.59
El Salvador,SLV,1977,12.11,5.473
El Salvador,SLV,1978,11.6,5.357
El Salvador,SLV,1979,11.08,5.234
El Salvador,SLV,1980,12.53,5.107
El Salvador,SLV,1981,10.0,4.986
El Salvador,SLV,1982,9.46,4.826
El Salvador,SLV,1983,8.94,4.65
El Salvador,SLV,1984,8.42,4.478
El Salvador,SLV,1985,7.93,4.316
El Salvador,SLV,1986,7.47,4.194
El Salvador,SLV,1987,7.04,4.175
El Salvador,SLV,1988,6.65,4.103
El Salvador,SLV,1989,6.28,4.033
El Salvador,SLV,1990,5.94,3.964
El Salvador,SLV,1991,5.61,3.889
El Salvador,SLV,1992,5.3,3.802
El Salvador,SLV,1993,5.0,3.691
El Salvador,SLV,1994,4.71,3.613
El Salvador,SLV,1995,4.42,3.568
El Salvador,SLV,1996,4.15,3.482
El Salvador,SLV,1997,3.89,3.377
El Salvador,SLV,1998,3.65,3.342
El Salvador,SLV,1999,3.43,3.217
El Salvador,SLV,2000,3.23,3.076
El Salvador,SLV,2001,3.04,2.93
El Salvador,SLV,2002,2.86,2.775
El Salvador,SLV,2003,2.7,2.636
El Salvador,SLV,2004,2.55,2.516
El Salvador,SLV,2005,2.4,2.44
El Salvador,SLV,2006,2.27,2.395
El Salvador,SLV,2007,2.15,2.354
El Salvador,SLV,2008,2.04,2.291
El Salvador,SLV,2009,1.94,2.261
El Salvador,SLV,2010,1.84,2.239
El Salvador,SLV,2011,1.75,2.224
El Salvador,SLV,2012,1.67,2.187
El Salvador,SLV,2013,1.59,2.154
El Salvador,SLV,2014,1.52,2.126
El Salvador,SLV,2015,1.45,2.067
El Salvador,SLV,2016,1.39,1.965
El Salvador,SLV,2017,1.33,1.896
El Salvador,SLV,2018,1.27,1.849
El Salvador,SLV,2019,1.22,1.838
El Salvador,SLV,2020,1.17,1.819
El Salvador,SLV,2021,1.12,1.803
El Salvador,SLV,2022,1.08,1.785
El Salvador,SLV,2023,1.04,1.775
England and Wales,,1938,7.30375,1.831
England and Wales,,1939,7.30375,1.817
England and Wales,,1940,7.30375,1.747
England and Wales,,1941,7.30375,1.718
England and Wales,,1942,7.30375,1.932
England and Wales,,1943,7.30375,2.028
England and Wales,,1944,7.30375,2.235
England and Wales,,1945,7.30375,2.033
England and Wales,,1946,7.30375,2.474
England and Wales,,1947,7.30375,2.685
England and Wales,,1948,7.30375,2.39
England and Wales,,1949,7.30375,2.269
Equatorial Guinea,GNQ,1950,20.09,5.676
Equatorial Guinea,GNQ,1951,20.09,5.673
Equatorial Guinea,GNQ,1952,20.09,5.668
Equatorial Guinea,GNQ,1953,20.09,5.663
Equatorial Guinea,GNQ,1954,20.09,5.659
Equatorial Guinea,GNQ,1955,20.09,5.655
Equatorial Guinea,GNQ,1956,20.09,5.652
Equatorial Guinea,GNQ,1957,20.09,5.649
Equatorial Guinea,GNQ,1958,20.09,5.648
Equatorial Guinea,GNQ,1959,20.09,5.649
Equatorial Guinea,GNQ,1960,20.09,5.653
Equatorial Guinea,GNQ,1961,20.09,5.661
Equatorial Guinea,GNQ,1962,20.09,5.673
Equatorial Guinea,GNQ,1963,20.09,5.69
Equatorial Guinea,GNQ,1964,20.09,5.711
Equatorial Guinea,GNQ,1965,20.09,5.734
Equatorial Guinea,GNQ,1966,20.09,5.756
Equatorial Guinea,GNQ,1967,20.09,5.776
Equatorial Guinea,GNQ,1968,20.09,5.791
Equatorial Guinea,GNQ,1969,20.09,5.802
Equatorial Guinea,GNQ,1970,20.09,5.808
Equatorial Guinea,GNQ,1971,20.09,5.808
Equatorial Guinea,GNQ,1972,20.09,5.805
Equatorial Guinea,GNQ,1973,20.09,5.8
Equatorial Guinea,GNQ,1974,20.09,5.795
Equatorial Guinea,GNQ,1975,20.09,5.791
Equatorial Guinea,GNQ,1976,20.09,5.791
Equatorial Guinea,GNQ,1977,20.09,5.795
Equatorial Guinea,GNQ,1978,20.09,5.804
Equatorial Guinea,GNQ,1979,20.09,5.817
Equatorial Guinea,GNQ,1980,20.09,5.835
Equatorial Guinea,GNQ,1981,20.09,5.856
Equatorial Guinea,GNQ,1982,20.09,5.88
Equatorial Guinea,GNQ,1983,19.69,5.903
Equatorial Guinea,GNQ,1984,19.27,5.926
Equatorial Guinea,GNQ,1985,18.91,5.946
Equatorial Guinea,GNQ,1986,18.6,5.962
Equatorial Guinea,GNQ,1987,18.36,5.974
Equatorial Guinea,GNQ,1988,18.16,5.982
Equatorial Guinea,GNQ,1989,18.01,5.986
Equatorial Guinea,GNQ,1990,17.87,5.987
Equatorial Guinea,GNQ,1991,17.72,5.985
Equatorial Guinea,GNQ,1992,17.59,5.984
Equatorial Guinea,GNQ,1993,17.45,5.981
Equatorial Guinea,GNQ,1994,17.31,5.978
Equatorial Guinea,GNQ,1995,17.14,5.971
Equatorial Guinea,GNQ,1996,16.93,5.96
Equatorial Guinea,GNQ,1997,16.69,5.941
Equatorial Guinea,GNQ,1998,16.38,5.914
Equatorial Guinea,GNQ,1999,16.01,5.878
Equatorial Guinea,GNQ,2000,15.59,5.834
Equatorial Guinea,GNQ,2001,15.15,5.785
Equatorial Guinea,GNQ,2002,14.7,5.731
Equatorial Guinea,GNQ,2003,14.25,5.675
Equatorial Guinea,GNQ,2004,13.78,5.618
Equatorial Guinea,GNQ,2005,13.32,5.559
Equatorial Guinea,GNQ,2006,12.86,5.498
Equatorial Guinea,GNQ,2007,12.4,5.433
Equatorial Guinea,GNQ,2008,11.94,5.363
Equatorial Guinea,GNQ,2009,11.52,5.288
Equatorial Guinea,GNQ,2010,11.11,5.209
Equatorial Guinea,GNQ,2011,10.71,5.126
Equatorial Guinea,GNQ,2012,10.34,5.04
Equatorial Guinea,GNQ,2013,9.99,4.952
Equatorial Guinea,GNQ,2014,9.66,4.863
Equatorial Guinea,GNQ,2015,9.33,4.774
Equatorial Guinea,GNQ,2016,8.99,4.686
Equatorial Guinea,GNQ,2017,8.7,4.599
Equatorial Guinea,GNQ,2018,8.42,4.513
Equatorial Guinea,GNQ,2019,8.17,4.429
Equatorial Guinea,GNQ,2020,7.88,4.346
Equatorial Guinea,GNQ,2021,7.61,4.266
Equatorial Guinea,GNQ,2022,7.34,4.17
Equatorial Guinea,GNQ,2023,7.06,4.081
Eritrea,ERI,1950,21.87,6.522
Eritrea,ERI,1951,21.87,6.515
Eritrea,ERI,1952,21.87,6.522
Eritrea,ERI,1953,21.87,6.526
Eritrea,ERI,1954,21.87,6.505
Eritrea,ERI,1955,21.87,6.488
Eritrea,ERI,1956,21.87,6.478
Eritrea,ERI,1957,21.87,6.495
Eritrea,ERI,1958,21.87,6.49
Eritrea,ERI,1959,21.87,6.507
Eritrea,ERI,1960,21.87,6.483
Eritrea,ERI,1961,21.87,6.474
Eritrea,ERI,1962,21.87,6.496
Eritrea,ERI,1963,21.87,6.481
Eritrea,ERI,1964,21.87,6.487
Eritrea,ERI,1965,21.87,6.494
Eritrea,ERI,1966,21.87,6.497
Eritrea,ERI,1967,21.87,6.504
Eritrea,ERI,1968,21.87,6.503
Eritrea,ERI,1969,21.87,6.503
Eritrea,ERI,1970,21.69,6.541
Eritrea,ERI,1971,21.49,6.541
Eritrea,ERI,1972,21.3,6.538
Eritrea,ERI,1973,21.08,6.548
Eritrea,ERI,1974,25.6,6.567
Eritrea,ERI,1975,25.02,6.586
Eritrea,ERI,1976,20.82,6.603
Eritrea,ERI,1977,20.4,6.608
Eritrea,ERI,1978,20.02,6.607
Eritrea,ERI,1979,19.71,6.621
Eritrea,ERI,1980,19.42,6.614
Eritrea,ERI,1981,19.14,6.622
Eritrea,ERI,1982,18.84,6.634
Eritrea,ERI,1983,27.78,6.646
Eritrea,ERI,1984,27.23,6.623
Eritrea,ERI,1985,26.19,6.587
Eritrea,ERI,1986,25.61,6.555
Eritrea,ERI,1987,17.07,6.52
Eritrea,ERI,1988,16.56,6.467
Eritrea,ERI,1989,15.99,6.413
Eritrea,ERI,1990,15.36,6.338
Eritrea,ERI,1991,14.65,6.242
Eritrea,ERI,1992,13.88,6.156
Eritrea,ERI,1993,13.07,6.069
Eritrea,ERI,1994,12.26,6.005
Eritrea,ERI,1995,11.48,5.939
Eritrea,ERI,1996,10.75,5.841
Eritrea,ERI,1997,10.09,5.743
Eritrea,ERI,1998,9.51,5.633
Eritrea,ERI,1999,10.86,5.516
Eritrea,ERI,2000,8.53,5.397
Eritrea,ERI,2001,8.11,5.306
Eritrea,ERI,2002,7.73,5.233
Eritrea,ERI,2003,7.38,5.143
Eritrea,ERI,2004,7.05,5.036
Eritrea,ERI,2005,6.75,4.934
Eritrea,ERI,2006,6.46,4.881
Eritrea,ERI,2007,6.19,4.812
Eritrea,ERI,2008,5.94,4.737
Eritrea,ERI,2009,5.71,4.656
Eritrea,ERI,2010,5.5,4.571
Eritrea,ERI,2011,5.31,4.486
Eritrea,ERI,2012,5.12,4.407
Eritrea,ERI,2013,4.94,4.335
Eritrea,ERI,2014,4.78,4.273
Eritrea,ERI,2015,4.61,4.217
Eritrea,ERI,2016,4.46,4.164
Eritrea,ERI,2017,4.32,4.112
Eritrea,ERI,2018,4.17,4.056
Eritrea,ERI,2019,4.03,3.997
Eritrea,ERI,2020,3.91,3.933
Eritrea,ERI,2021,3.79,3.867
Eritrea,ERI,2022,3.66,3.786
Eritrea,ERI,2023,3.54,3.713
Estonia,EST,1950,4.49,2.273
Estonia,EST,1951,4.49,2.273
Estonia,EST,1952,4.49,2.258
Estonia,EST,1953,4.49,2.127
Estonia,EST,1954,4.49,2.161
Estonia,EST,1955,4.49,2.109
Estonia,EST,1956,4.49,1.973
Estonia,EST,1957,4.49,1.924
Estonia,EST,1958,4.49,1.917
Estonia,EST,1959,4.49,1.954
Estonia,EST,1960,4.51,1.984
Estonia,EST,1961,3.99,1.986
Estonia,EST,1962,3.59,1.957
Estonia,EST,1963,3.56,1.904
Estonia,EST,1964,3.62,1.95
Estonia,EST,1965,3.0,1.899
Estonia,EST,1966,2.88,1.884
Estonia,EST,1967,2.78,1.903
Estonia,EST,1968,2.8,2.02
Estonia,EST,1969,2.59,2.116
Estonia,EST,1970,2.72,2.171
Estonia,EST,1971,2.63,2.204
Estonia,EST,1972,2.41,2.154
Estonia,EST,1973,2.43,2.085
Estonia,EST,1974,2.67,2.08
Estonia,EST,1975,2.62,2.044
Estonia,EST,1976,2.64,2.056
Estonia,EST,1977,2.72,2.055
Estonia,EST,1978,2.55,2.019
Estonia,EST,1979,2.77,2.008
Estonia,EST,1980,2.24,2.025
Estonia,EST,1981,2.16,2.078
Estonia,EST,1982,2.09,2.09
Estonia,EST,1983,2.02,2.168
Estonia,EST,1984,1.96,2.177
Estonia,EST,1985,1.91,2.127
Estonia,EST,1986,1.86,2.172
Estonia,EST,1987,1.83,2.261
Estonia,EST,1988,1.81,2.266
Estonia,EST,1989,1.79,2.209
Estonia,EST,1990,1.77,2.042
Estonia,EST,1991,1.75,1.802
Estonia,EST,1992,1.73,1.697
Estonia,EST,1993,1.69,1.486
Estonia,EST,1994,1.64,1.41
Estonia,EST,1995,1.57,1.372
Estonia,EST,1996,1.48,1.361
Estonia,EST,1997,1.39,1.306
Estonia,EST,1998,1.29,1.272
Estonia,EST,1999,1.2,1.293
Estonia,EST,2000,1.1,1.347
Estonia,EST,2001,1.01,1.315
Estonia,EST,2002,0.93,1.353
Estonia,EST,2003,0.85,1.365
Estonia,EST,2004,0.78,1.465
Estonia,EST,2005,0.71,1.515
Estonia,EST,2006,0.65,1.583
Estonia,EST,2007,0.59,1.685
Estonia,EST,2008,0.54,1.719
Estonia,EST,2009,0.5,1.701
Estonia,EST,2010,0.46,1.716
Estonia,EST,2011,0.42,1.616
Estonia,EST,2012,0.39,1.561
Estonia,EST,2013,0.36,1.524
Estonia,EST,2014,0.34,1.543
Estonia,EST,2015,0.32,1.58
Estonia,EST,2016,0.3,1.603
Estonia,EST,2017,0.28,1.596
Estonia,EST,2018,0.27,1.67
Estonia,EST,2019,0.25,1.661
Estonia,EST,2020,0.24,1.588
Estonia,EST,2021,0.23,1.594
Estonia,EST,2022,0.22,1.41
Estonia,EST,2023,0.21,1.35
Eswatini,SWZ,1949,24.6,6.732
Eswatini,SWZ,1950,24.22,6.732
Eswatini,SWZ,1951,23.85,6.721
Eswatini,SWZ,1952,23.51,6.702
Eswatini,SWZ,1953,23.12,6.689
Eswatini,SWZ,1954,22.78,6.682
Eswatini,SWZ,1955,22.48,6.682
Eswatini,SWZ,1956,22.15,6.687
Eswatini,SWZ,1957,21.8,6.697
Eswatini,SWZ,1958,21.45,6.712
Eswatini,SWZ,1959,21.1,6.731
Eswatini,SWZ,1960,20.74,6.752
Eswatini,SWZ,1961,20.35,6.774
Eswatini,SWZ,1962,19.97,6.794
Eswatini,SWZ,1963,19.57,6.804
Eswatini,SWZ,1964,19.18,6.789
Eswatini,SWZ,1965,18.75,6.794
Eswatini,SWZ,1966,18.33,6.802
Eswatini,SWZ,1967,17.89,6.766
Eswatini,SWZ,1968,17.43,6.761
Eswatini,SWZ,1969,16.98,6.761
Eswatini,SWZ,1970,16.5,6.749
Eswatini,SWZ,1971,15.98,6.739
Eswatini,SWZ,1972,15.44,6.722
Eswatini,SWZ,1973,14.9,6.715
Eswatini,SWZ,1974,14.32,6.71
Eswatini,SWZ,1975,13.73,6.707
Eswatini,SWZ,1976,13.15,6.701
Eswatini,SWZ,1977,12.58,6.676
Eswatini,SWZ,1978,12.02,6.647
Eswatini,SWZ,1979,11.48,6.607
Eswatini,SWZ,1980,10.94,6.574
Eswatini,SWZ,1981,10.41,6.539
Eswatini,SWZ,1982,9.89,6.491
Eswatini,SWZ,1983,10.43,6.432
Eswatini,SWZ,1984,8.85,6.36
Eswatini,SWZ,1985,8.37,6.282
Eswatini,SWZ,1986,7.93,6.106
Eswatini,SWZ,1987,7.54,5.902
Eswatini,SWZ,1988,7.2,5.693
Eswatini,SWZ,1989,6.93,5.479
Eswatini,SWZ,1990,6.75,5.295
Eswatini,SWZ,1991,6.72,5.132
Eswatini,SWZ,1992,6.85,4.981
Eswatini,SWZ,1993,7.17,4.815
Eswatini,SWZ,1994,7.62,4.662
Eswatini,SWZ,1995,8.12,4.523
Eswatini,SWZ,1996,8.71,4.378
Eswatini,SWZ,1997,9.3,4.235
Eswatini,SWZ,1998,9.87,4.125
Eswatini,SWZ,1999,10.41,4.089
Eswatini,SWZ,2000,10.91,4.03
Eswatini,SWZ,2001,11.26,3.944
Eswatini,SWZ,2002,11.43,3.854
Eswatini,SWZ,2003,11.57,3.796
Eswatini,SWZ,2004,11.62,3.76
Eswatini,SWZ,2005,11.55,3.704
Eswatini,SWZ,2006,10.53,3.632
Eswatini,SWZ,2007,10.0,3.58
Eswatini,SWZ,2008,9.82,3.567
Eswatini,SWZ,2009,9.25,3.504
Eswatini,SWZ,2010,8.18,3.375
Eswatini,SWZ,2011,6.81,3.317
Eswatini,SWZ,2012,6.38,3.266
Eswatini,SWZ,2013,6.16,3.237
Eswatini,SWZ,2014,6.17,3.181
Eswatini,SWZ,2015,5.86,3.122
Eswatini,SWZ,2016,5.53,3.068
Eswatini,SWZ,2017,5.43,3.018
Eswatini,SWZ,2018,5.1,2.971
Eswatini,SWZ,2019,5.16,2.925
Eswatini,SWZ,2020,4.98,2.888
Eswatini,SWZ,2021,4.76,2.841
Eswatini,SWZ,2022,4.62,2.801
Eswatini,SWZ,2023,4.5,2.753
Ethiopia,ETH,1950,27.76,6.433
Ethiopia,ETH,1951,27.76,6.429
Ethiopia,ETH,1952,27.76,6.435
Ethiopia,ETH,1953,27.76,6.449
Ethiopia,ETH,1954,27.76,6.459
Ethiopia,ETH,1955,27.76,6.457
Ethiopia,ETH,1956,27.76,6.458
Ethiopia,ETH,1957,27.76,6.464
Ethiopia,ETH,1958,27.76,6.473
Ethiopia,ETH,1959,27.76,6.494
Ethiopia,ETH,1960,27.76,6.514
Ethiopia,ETH,1961,27.76,6.533
Ethiopia,ETH,1962,27.76,6.561
Ethiopia,ETH,1963,27.76,6.586
Ethiopia,ETH,1964,27.76,6.612
Ethiopia,ETH,1965,27.76,6.63
Ethiopia,ETH,1966,27.76,6.661
Ethiopia,ETH,1967,24.89,6.684
Ethiopia,ETH,1968,24.84,6.7
Ethiopia,ETH,1969,24.79,6.719
Ethiopia,ETH,1970,24.74,6.782
Ethiopia,ETH,1971,24.71,6.838
Ethiopia,ETH,1972,24.66,6.895
Ethiopia,ETH,1973,24.63,6.962
Ethiopia,ETH,1974,28.31,7.018
Ethiopia,ETH,1975,28.18,7.079
Ethiopia,ETH,1976,24.51,7.129
Ethiopia,ETH,1977,24.46,7.189
Ethiopia,ETH,1978,24.37,7.229
Ethiopia,ETH,1979,24.24,7.248
Ethiopia,ETH,1980,24.04,7.287
Ethiopia,ETH,1981,23.79,7.313
Ethiopia,ETH,1982,23.46,7.337
Ethiopia,ETH,1983,32.0,7.351
Ethiopia,ETH,1984,31.43,7.356
Ethiopia,ETH,1985,30.32,7.338
Ethiopia,ETH,1986,29.68,7.318
Ethiopia,ETH,1987,21.45,7.293
Ethiopia,ETH,1988,21.04,7.262
Ethiopia,ETH,1989,20.62,7.229
Ethiopia,ETH,1990,20.17,7.196
Ethiopia,ETH,1991,19.67,7.161
Ethiopia,ETH,1992,19.13,7.125
Ethiopia,ETH,1993,18.54,7.088
Ethiopia,ETH,1994,17.9,7.051
Ethiopia,ETH,1995,17.24,6.998
Ethiopia,ETH,1996,16.58,6.928
Ethiopia,ETH,1997,15.92,6.869
Ethiopia,ETH,1998,15.29,6.792
Ethiopia,ETH,1999,14.67,6.721
Ethiopia,ETH,2000,14.04,6.654
Ethiopia,ETH,2001,13.41,6.579
Ethiopia,ETH,2002,12.77,6.499
Ethiopia,ETH,2003,12.14,6.4
Ethiopia,ETH,2004,11.5,6.301
Ethiopia,ETH,2005,10.88,6.194
Ethiopia,ETH,2006,10.29,6.047
Ethiopia,ETH,2007,9.74,5.887
Ethiopia,ETH,2008,9.23,5.695
Ethiopia,ETH,2009,8.76,5.488
Ethiopia,ETH,2010,8.32,5.282
Ethiopia,ETH,2011,7.91,5.08
Ethiopia,ETH,2012,7.53,4.887
Ethiopia,ETH,2013,7.16,4.708
Ethiopia,ETH,2014,6.82,4.605
Ethiopia,ETH,2015,6.49,4.529
Ethiopia,ETH,2016,6.17,4.473
Ethiopia,ETH,2017,5.89,4.401
Ethiopia,ETH,2018,5.64,4.371
Ethiopia,ETH,2019,5.41,4.347
Ethiopia,ETH,2020,5.2,4.274
Ethiopia,ETH,2021,5.0,4.177
Ethiopia,ETH,2022,4.82,4.082
Ethiopia,ETH,2023,4.65,3.989
Europe,OWID_EUR,1950,3.04,2.7129564
Europe,OWID_EUR,1951,3.04,2.6735141
Europe,OWID_EUR,1952,3.04,2.6520598
Europe,OWID_EUR,1953,3.04,2.6249034
Europe,OWID_EUR,1954,3.04,2.6297376
Europe,OWID_EUR,1955,3.04,2.6305487
Europe,OWID_EUR,1956,3.04,2.6176462
Europe,OWID_EUR,1957,3.04,2.6188428
Europe,OWID_EUR,1958,3.04,2.6012871
Europe,OWID_EUR,1959,3.04,2.6134708
Europe,OWID_EUR,1960,3.04,2.6076076
Europe,OWID_EUR,1961,3.04,2.5829735
Europe,OWID_EUR,1962,3.04,2.5217588
Europe,OWID_EUR,1963,3.04,2.5155764
Europe,OWID_EUR,1964,3.04,2.4880822
Europe,OWID_EUR,1965,3.04,2.4348178
Europe,OWID_EUR,1966,3.04,2.413129
Europe,OWID_EUR,1967,3.04,2.4098628
Europe,OWID_EUR,1968,3.04,2.3549745
Europe,OWID_EUR,1969,2.94,2.3128195
Europe,OWID_EUR,1970,2.83,2.2709105
Europe,OWID_EUR,1971,2.78,2.2657673
Europe,OWID_EUR,1972,2.67,2.2126515
Europe,OWID_EUR,1973,2.57,2.1388388
Europe,OWID_EUR,1974,2.48,2.1280763
Europe,OWID_EUR,1975,2.39,2.0673552
Europe,OWID_EUR,1976,2.3,2.0346508
Europe,OWID_EUR,1977,2.22,1.9992874
Europe,OWID_EUR,1978,2.17,1.9671366
Europe,OWID_EUR,1979,2.09,1.9463241
Europe,OWID_EUR,1980,2.02,1.9313135
Europe,OWID_EUR,1981,1.96,1.893372
Europe,OWID_EUR,1982,1.89,1.8926117
Europe,OWID_EUR,1983,1.83,1.8904765
Europe,OWID_EUR,1984,1.8,1.8628117
Europe,OWID_EUR,1985,1.78,1.838758
Europe,OWID_EUR,1986,1.72,1.8563324
Europe,OWID_EUR,1987,1.66,1.8486049
Europe,OWID_EUR,1988,1.61,1.8219448
Europe,OWID_EUR,1989,1.55,1.7621852
Europe,OWID_EUR,1990,1.5,1.7237747
Europe,OWID_EUR,1991,1.46,1.6562531
Europe,OWID_EUR,1992,1.45,1.5899754
Europe,OWID_EUR,1993,1.41,1.515564
Europe,OWID_EUR,1994,1.36,1.4847789
Europe,OWID_EUR,1995,1.32,1.4503926
Europe,OWID_EUR,1996,1.28,1.4373416
Europe,OWID_EUR,1997,1.23,1.4227575
Europe,OWID_EUR,1998,1.19,1.4145938
Europe,OWID_EUR,1999,1.14,1.3943344
Europe,OWID_EUR,2000,1.08,1.4059267
Europe,OWID_EUR,2001,1.03,1.3970999
Europe,OWID_EUR,2002,0.98,1.4109023
Europe,OWID_EUR,2003,0.93,1.4374725
Europe,OWID_EUR,2004,0.88,1.4613155
Europe,OWID_EUR,2005,0.83,1.4586754
Europe,OWID_EUR,2006,0.79,1.490514
Europe,OWID_EUR,2007,0.75,1.5324144
Europe,OWID_EUR,2008,0.71,1.5916001
Europe,OWID_EUR,2009,0.68,1.6004827
Europe,OWID_EUR,2010,0.66,1.6074091
Europe,OWID_EUR,2011,0.63,1.5890231
Europe,OWID_EUR,2012,0.61,1.6152736
Europe,OWID_EUR,2013,0.59,1.5930252
Europe,OWID_EUR,2014,0.57,1.6093224
Europe,OWID_EUR,2015,0.55,1.6050227
Europe,OWID_EUR,2016,0.53,1.6117015
Europe,OWID_EUR,2017,0.51,1.5564429
Europe,OWID_EUR,2018,0.49,1.520992
Europe,OWID_EUR,2019,0.47,1.485068
Europe,OWID_EUR,2020,0.46,1.4641871
Europe,OWID_EUR,2021,0.44,1.4710877
Europe,OWID_EUR,2022,0.44,1.409226
Europe,OWID_EUR,2023,0.42,1.3921242
Europe (UN),UN_EUR,1950,7.30375,2.7
Europe (UN),UN_EUR,1951,7.30375,2.66
Europe (UN),UN_EUR,1952,7.30375,2.645
Europe (UN),UN_EUR,1953,7.30375,2.622
Europe (UN),UN_EUR,1954,7.30375,2.626
Europe (UN),UN_EUR,1955,7.30375,2.624
Europe (UN),UN_EUR,1956,7.30375,2.61
Europe (UN),UN_EUR,1957,7.30375,2.614
Europe (UN),UN_EUR,1958,7.30375,2.597
Europe (UN),UN_EUR,1959,7.30375,2.603
Europe (UN),UN_EUR,1960,7.30375,2.592
Europe (UN),UN_EUR,1961,7.30375,2.57
Europe (UN),UN_EUR,1962,7.30375,2.519
Europe (UN),UN_EUR,1963,7.30375,2.517
Europe (UN),UN_EUR,1964,7.30375,2.493
Europe (UN),UN_EUR,1965,7.30375,2.436
Europe (UN),UN_EUR,1966,7.30375,2.42
Europe (UN),UN_EUR,1967,7.30375,2.417
Europe (UN),UN_EUR,1968,7.30375,2.372
Europe (UN),UN_EUR,1969,7.30375,2.326
Europe (UN),UN_EUR,1970,7.30375,2.283
Europe (UN),UN_EUR,1971,7.30375,2.272
Europe (UN),UN_EUR,1972,7.30375,2.213
Europe (UN),UN_EUR,1973,7.30375,2.139
Europe (UN),UN_EUR,1974,7.30375,2.128
Europe (UN),UN_EUR,1975,7.30375,2.069
Europe (UN),UN_EUR,1976,7.30375,2.034
Europe (UN),UN_EUR,1977,7.30375,1.994
Europe (UN),UN_EUR,1978,7.30375,1.962
Europe (UN),UN_EUR,1979,7.30375,1.942
Europe (UN),UN_EUR,1980,7.30375,1.928
Europe (UN),UN_EUR,1981,7.30375,1.89
Europe (UN),UN_EUR,1982,7.30375,1.886
Europe (UN),UN_EUR,1983,7.30375,1.884
Europe (UN),UN_EUR,1984,7.30375,1.857
Europe (UN),UN_EUR,1985,7.30375,1.834
Europe (UN),UN_EUR,1986,7.30375,1.852
Europe (UN),UN_EUR,1987,7.30375,1.844
Europe (UN),UN_EUR,1988,7.30375,1.82
Europe (UN),UN_EUR,1989,7.30375,1.76
Europe (UN),UN_EUR,1990,7.30375,1.722
Europe (UN),UN_EUR,1991,7.30375,1.656
Europe (UN),UN_EUR,1992,7.30375,1.587
Europe (UN),UN_EUR,1993,7.30375,1.516
Europe (UN),UN_EUR,1994,7.30375,1.486
Europe (UN),UN_EUR,1995,7.30375,1.452
Europe (UN),UN_EUR,1996,7.30375,1.44
Europe (UN),UN_EUR,1997,7.30375,1.426
Europe (UN),UN_EUR,1998,7.30375,1.415
Europe (UN),UN_EUR,1999,7.30375,1.397
Europe (UN),UN_EUR,2000,7.30375,1.41
Europe (UN),UN_EUR,2001,7.30375,1.401
Europe (UN),UN_EUR,2002,7.30375,1.418
Europe (UN),UN_EUR,2003,7.30375,1.443
Europe (UN),UN_EUR,2004,7.30375,1.465
Europe (UN),UN_EUR,2005,7.30375,1.462
Europe (UN),UN_EUR,2006,7.30375,1.49
Europe (UN),UN_EUR,2007,7.30375,1.535
Europe (UN),UN_EUR,2008,7.30375,1.593
Europe (UN),UN_EUR,2009,7.30375,1.601
Europe (UN),UN_EUR,2010,7.30375,1.606
Europe (UN),UN_EUR,2011,7.30375,1.587
Europe (UN),UN_EUR,2012,7.30375,1.612
Europe (UN),UN_EUR,2013,7.30375,1.592
Europe (UN),UN_EUR,2014,7.30375,1.608
Europe (UN),UN_EUR,2015,7.30375,1.605
Europe (UN),UN_EUR,2016,7.30375,1.611
Europe (UN),UN_EUR,2017,7.30375,1.557
Europe (UN),UN_EUR,2018,7.30375,1.522
Europe (UN),UN_EUR,2019,7.30375,1.486
Europe (UN),UN_EUR,2020,7.30375,1.465
Europe (UN),UN_EUR,2021,7.30375,1.473
Europe (UN),UN_EUR,2022,7.30375,1.41
Europe (UN),UN_EUR,2023,7.30375,1.395
European Union (27),OWID_EU27,1968,3.23,3.4295
European Union (27),OWID_EU27,1969,3.11,3.4295
European Union (27),OWID_EU27,1970,2.96,3.4295
European Union (27),OWID_EU27,1971,2.81,3.4295
European Union (27),OWID_EU27,1972,2.67,3.4295
European Union (27),OWID_EU27,1973,2.54,3.4295
European Union (27),OWID_EU27,1974,2.42,3.4295
European Union (27),OWID_EU27,1975,2.29,3.4295
European Union (27),OWID_EU27,1976,2.16,3.4295
European Union (27),OWID_EU27,1977,2.04,3.4295
European Union (27),OWID_EU27,1978,1.93,3.4295
European Union (27),OWID_EU27,1979,1.83,3.4295
European Union (27),OWID_EU27,1980,1.74,3.4295
European Union (27),OWID_EU27,1981,1.67,3.4295
European Union (27),OWID_EU27,1982,1.59,3.4295
European Union (27),OWID_EU27,1983,1.52,3.4295
European Union (27),OWID_EU27,1984,1.46,3.4295
European Union (27),OWID_EU27,1985,1.41,3.4295
European Union (27),OWID_EU27,1986,1.37,3.4295
European Union (27),OWID_EU27,1987,1.33,3.4295
European Union (27),OWID_EU27,1988,1.28,3.4295
European Union (27),OWID_EU27,1989,1.23,3.4295
European Union (27),OWID_EU27,1990,1.18,3.4295
European Union (27),OWID_EU27,1991,1.14,3.4295
European Union (27),OWID_EU27,1992,1.09,3.4295
European Union (27),OWID_EU27,1993,1.04,3.4295
European Union (27),OWID_EU27,1994,0.99,3.4295
European Union (27),OWID_EU27,1995,0.94,3.4295
European Union (27),OWID_EU27,1996,0.89,3.4295
European Union (27),OWID_EU27,1997,0.84,3.4295
European Union (27),OWID_EU27,1998,0.8,3.4295
European Union (27),OWID_EU27,1999,0.76,3.4295
European Union (27),OWID_EU27,2000,0.72,3.4295
European Union (27),OWID_EU27,2001,0.69,3.4295
European Union (27),OWID_EU27,2002,0.67,3.4295
European Union (27),OWID_EU27,2003,0.64,3.4295
European Union (27),OWID_EU27,2004,0.62,3.4295
European Union (27),OWID_EU27,2005,0.59,3.4295
European Union (27),OWID_EU27,2006,0.57,3.4295
European Union (27),OWID_EU27,2007,0.54,3.4295
European Union (27),OWID_EU27,2008,0.52,3.4295
European Union (27),OWID_EU27,2009,0.5,3.4295
European Union (27),OWID_EU27,2010,0.48,3.4295
European Union (27),OWID_EU27,2011,0.47,3.4295
European Union (27),OWID_EU27,2012,0.45,3.4295
European Union (27),OWID_EU27,2013,0.44,3.4295
European Union (27),OWID_EU27,2014,0.43,3.4295
European Union (27),OWID_EU27,2015,0.42,3.4295
European Union (27),OWID_EU27,2016,0.42,3.4295
European Union (27),OWID_EU27,2017,0.41,3.4295
European Union (27),OWID_EU27,2018,0.4,3.4295
European Union (27),OWID_EU27,2019,0.39,3.4295
European Union (27),OWID_EU27,2020,0.38,3.4295
European Union (27),OWID_EU27,2021,0.38,3.4295
European Union (27),OWID_EU27,2022,0.38,3.4295
European Union (27),OWID_EU27,2023,0.37,3.4295
Falkland Islands,FLK,1950,7.30375,2.557
Falkland Islands,FLK,1951,7.30375,2.659
Falkland Islands,FLK,1952,7.30375,2.746
Falkland Islands,FLK,1953,7.30375,2.826
Falkland Islands,FLK,1954,7.30375,2.909
Falkland Islands,FLK,1955,7.30375,2.984
Falkland Islands,FLK,1956,7.30375,2.992
Falkland Islands,FLK,1957,7.30375,2.996
Falkland Islands,FLK,1958,7.30375,3.032
Falkland Islands,FLK,1959,7.30375,3.118
Falkland Islands,FLK,1960,7.30375,3.227
Falkland Islands,FLK,1961,7.30375,3.162
Falkland Islands,FLK,1962,7.30375,3.066
Falkland Islands,FLK,1963,7.30375,2.999
Falkland Islands,FLK,1964,7.30375,2.977
Falkland Islands,FLK,1965,7.30375,2.989
Falkland Islands,FLK,1966,7.30375,2.973
Falkland Islands,FLK,1967,7.30375,2.985
Falkland Islands,FLK,1968,7.30375,3.036
Falkland Islands,FLK,1969,7.30375,3.04
Falkland Islands,FLK,1970,7.30375,3.0
Falkland Islands,FLK,1971,7.30375,2.954
Falkland Islands,FLK,1972,7.30375,2.916
Falkland Islands,FLK,1973,7.30375,2.873
Falkland Islands,FLK,1974,7.30375,2.752
Falkland Islands,FLK,1975,7.30375,2.637
Falkland Islands,FLK,1976,7.30375,2.547
Falkland Islands,FLK,1977,7.30375,2.468
Falkland Islands,FLK,1978,7.30375,2.387
Falkland Islands,FLK,1979,7.30375,2.308
Falkland Islands,FLK,1980,7.30375,2.239
Falkland Islands,FLK,1981,7.30375,2.151
Falkland Islands,FLK,1982,7.30375,2.055
Falkland Islands,FLK,1983,7.30375,1.955
Falkland Islands,FLK,1984,7.30375,1.869
Falkland Islands,FLK,1985,7.30375,1.835
Falkland Islands,FLK,1986,7.30375,1.798
Falkland Islands,FLK,1987,7.30375,1.743
Falkland Islands,FLK,1988,7.30375,1.676
Falkland Islands,FLK,1989,7.30375,1.613
Falkland Islands,FLK,1990,7.30375,1.603
Falkland Islands,FLK,1991,7.30375,1.592
Falkland Islands,FLK,1992,7.30375,1.564
Falkland Islands,FLK,1993,7.30375,1.516
Falkland Islands,FLK,1994,7.30375,1.461
Falkland Islands,FLK,1995,7.30375,1.461
Falkland Islands,FLK,1996,7.30375,1.471
Falkland Islands,FLK,1997,7.30375,1.473
Falkland Islands,FLK,1998,7.30375,1.468
Falkland Islands,FLK,1999,7.30375,1.469
Falkland Islands,FLK,2000,7.30375,1.503
Falkland Islands,FLK,2001,7.30375,1.525
Falkland Islands,FLK,2002,7.30375,1.545
Falkland Islands,FLK,2003,7.30375,1.554
Falkland Islands,FLK,2004,7.30375,1.557
Falkland Islands,FLK,2005,7.30375,1.57
Falkland Islands,FLK,2006,7.30375,1.587
Falkland Islands,FLK,2007,7.30375,1.604
Falkland Islands,FLK,2008,7.30375,1.615
Falkland Islands,FLK,2009,7.30375,1.622
Falkland Islands,FLK,2010,7.30375,1.628
Falkland Islands,FLK,2011,7.30375,1.649
Falkland Islands,FLK,2012,7.30375,1.669
Falkland Islands,FLK,2013,7.30375,1.686
Falkland Islands,FLK,2014,7.30375,1.703
Falkland Islands,FLK,2015,7.30375,1.71
Falkland Islands,FLK,2016,7.30375,1.711
Falkland Islands,FLK,2017,7.30375,1.708
Falkland Islands,FLK,2018,7.30375,1.705
Falkland Islands,FLK,2019,7.30375,1.701
Falkland Islands,FLK,2020,7.30375,1.702
Falkland Islands,FLK,2021,7.30375,1.701
Falkland Islands,FLK,2022,7.30375,1.69
Falkland Islands,FLK,2023,7.30375,1.685
Faroe Islands,FRO,1950,7.30375,3.846
Faroe Islands,FRO,1951,7.30375,3.854
Faroe Islands,FRO,1952,7.30375,3.632
Faroe Islands,FRO,1953,7.30375,3.538
Faroe Islands,FRO,1954,7.30375,3.515
Faroe Islands,FRO,1955,7.30375,3.615
Faroe Islands,FRO,1956,7.30375,3.659
Faroe Islands,FRO,1957,7.30375,3.831
Faroe Islands,FRO,1958,7.30375,3.966
Faroe Islands,FRO,1959,7.30375,3.984
Faroe Islands,FRO,1960,7.30375,3.854
Faroe Islands,FRO,1961,7.30375,3.757
Faroe Islands,FRO,1962,7.30375,3.835
Faroe Islands,FRO,1963,7.30375,3.896
Faroe Islands,FRO,1964,7.30375,3.975
Faroe Islands,FRO,1965,7.30375,4.086
Faroe Islands,FRO,1966,7.30375,4.044
Faroe Islands,FRO,1967,7.30375,3.978
Faroe Islands,FRO,1968,7.30375,3.856
Faroe Islands,FRO,1969,7.30375,3.564
Faroe Islands,FRO,1970,7.30375,3.415
Faroe Islands,FRO,1971,7.30375,3.222
Faroe Islands,FRO,1972,7.30375,3.252
Faroe Islands,FRO,1973,7.30375,3.218
Faroe Islands,FRO,1974,7.30375,3.066
Faroe Islands,FRO,1975,7.30375,2.902
Faroe Islands,FRO,1976,7.30375,2.742
Faroe Islands,FRO,1977,7.30375,2.683
Faroe Islands,FRO,1978,7.30375,2.605
Faroe Islands,FRO,1979,7.30375,2.684
Faroe Islands,FRO,1980,7.30375,2.473
Faroe Islands,FRO,1981,7.30375,2.462
Faroe Islands,FRO,1982,7.30375,2.341
Faroe Islands,FRO,1983,7.30375,2.168
Faroe Islands,FRO,1984,7.30375,2.17
Faroe Islands,FRO,1985,7.30375,2.282
Faroe Islands,FRO,1986,7.30375,2.4
Faroe Islands,FRO,1987,7.30375,2.375
Faroe Islands,FRO,1988,7.30375,2.569
Faroe Islands,FRO,1989,7.30375,2.711
Faroe Islands,FRO,1990,7.30375,2.782
Faroe Islands,FRO,1991,7.30375,2.63
Faroe Islands,FRO,1992,7.30375,2.528
Faroe Islands,FRO,1993,7.30375,2.503
Faroe Islands,FRO,1994,7.30375,2.399
Faroe Islands,FRO,1995,7.30375,2.457
Faroe Islands,FRO,1996,7.30375,2.577
Faroe Islands,FRO,1997,7.30375,2.503
Faroe Islands,FRO,1998,7.30375,2.338
Faroe Islands,FRO,1999,7.30375,2.338
Faroe Islands,FRO,2000,7.30375,2.56
Faroe Islands,FRO,2001,7.30375,2.354
Faroe Islands,FRO,2002,7.30375,2.544
Faroe Islands,FRO,2003,7.30375,2.542
Faroe Islands,FRO,2004,7.30375,2.591
Faroe Islands,FRO,2005,7.30375,2.631
Faroe Islands,FRO,2006,7.30375,2.511
Faroe Islands,FRO,2007,7.30375,2.563
Faroe Islands,FRO,2008,7.30375,2.568
Faroe Islands,FRO,2009,7.30375,2.391
Faroe Islands,FRO,2010,7.30375,2.499
Faroe Islands,FRO,2011,7.30375,2.332
Faroe Islands,FRO,2012,7.30375,2.557
Faroe Islands,FRO,2013,7.30375,2.538
Faroe Islands,FRO,2014,7.30375,2.555
Faroe Islands,FRO,2015,7.30375,2.42
Faroe Islands,FRO,2016,7.30375,2.49
Faroe Islands,FRO,2017,7.30375,2.495
Faroe Islands,FRO,2018,7.30375,2.434
Faroe Islands,FRO,2019,7.30375,2.399
Faroe Islands,FRO,2020,7.30375,2.359
Faroe Islands,FRO,2021,7.30375,2.292
Faroe Islands,FRO,2022,7.30375,2.261
Faroe Islands,FRO,2023,7.30375,2.24
Fiji,FJI,1940,14.64,6.518
Fiji,FJI,1941,14.48,6.518
Fiji,FJI,1942,14.37,6.518
Fiji,FJI,1943,14.22,6.518
Fiji,FJI,1944,14.08,6.518
Fiji,FJI,1945,13.93,6.518
Fiji,FJI,1946,13.75,6.518
Fiji,FJI,1947,13.54,6.518
Fiji,FJI,1948,13.29,6.518
Fiji,FJI,1949,12.98,6.518
Fiji,FJI,1950,12.62,6.518
Fiji,FJI,1951,12.19,6.539
Fiji,FJI,1952,11.7,6.537
Fiji,FJI,1953,11.18,6.543
Fiji,FJI,1954,10.64,6.553
Fiji,FJI,1955,10.12,6.568
Fiji,FJI,1956,9.62,6.602
Fiji,FJI,1957,9.14,6.571
Fiji,FJI,1958,8.7,6.529
Fiji,FJI,1959,8.28,6.47
Fiji,FJI,1960,7.89,6.364
Fiji,FJI,1961,7.53,6.284
Fiji,FJI,1962,7.21,6.198
Fiji,FJI,1963,6.9,6.088
Fiji,FJI,1964,6.61,5.96
Fiji,FJI,1965,6.35,5.763
Fiji,FJI,1966,6.14,5.546
Fiji,FJI,1967,5.97,5.333
Fiji,FJI,1968,5.84,5.113
Fiji,FJI,1969,5.75,4.905
Fiji,FJI,1970,5.69,4.708
Fiji,FJI,1971,5.66,4.51
Fiji,FJI,1972,5.63,4.316
Fiji,FJI,1973,5.59,4.158
Fiji,FJI,1974,5.52,4.068
Fiji,FJI,1975,5.41,4.104
Fiji,FJI,1976,5.27,4.123
Fiji,FJI,1977,5.1,4.108
Fiji,FJI,1978,4.9,4.098
Fiji,FJI,1979,4.68,4.078
Fiji,FJI,1980,4.46,4.038
Fiji,FJI,1981,4.24,3.991
Fiji,FJI,1982,4.03,3.941
Fiji,FJI,1983,3.84,3.877
Fiji,FJI,1984,3.67,3.796
Fiji,FJI,1985,3.51,3.663
Fiji,FJI,1986,3.37,3.535
Fiji,FJI,1987,3.24,3.478
Fiji,FJI,1988,3.12,3.432
Fiji,FJI,1989,3.0,3.398
Fiji,FJI,1990,2.89,3.386
Fiji,FJI,1991,2.78,3.365
Fiji,FJI,1992,2.68,3.331
Fiji,FJI,1993,2.6,3.293
Fiji,FJI,1994,2.52,3.258
Fiji,FJI,1995,2.45,3.251
Fiji,FJI,1996,2.39,3.248
Fiji,FJI,1997,2.35,3.188
Fiji,FJI,1998,2.31,3.118
Fiji,FJI,1999,2.28,3.051
Fiji,FJI,2000,2.27,2.992
Fiji,FJI,2001,2.26,2.973
Fiji,FJI,2002,2.27,2.968
Fiji,FJI,2003,2.28,2.957
Fiji,FJI,2004,2.31,2.941
Fiji,FJI,2005,2.33,2.917
Fiji,FJI,2006,2.35,2.905
Fiji,FJI,2007,2.35,2.872
Fiji,FJI,2008,2.32,2.819
Fiji,FJI,2009,2.28,2.76
Fiji,FJI,2010,2.22,2.696
Fiji,FJI,2011,2.16,2.631
Fiji,FJI,2012,2.1,2.612
Fiji,FJI,2013,2.07,2.604
Fiji,FJI,2014,2.06,2.591
Fiji,FJI,2015,2.09,2.567
Fiji,FJI,2016,2.16,2.518
Fiji,FJI,2017,2.27,2.461
Fiji,FJI,2018,2.41,2.419
Fiji,FJI,2019,2.57,2.385
Fiji,FJI,2020,2.72,2.357
Fiji,FJI,2021,2.83,2.332
Fiji,FJI,2022,2.89,2.305
Fiji,FJI,2023,2.91,2.281
Finland,FIN,1866,35.44,2.55
Finland,FIN,1867,36.25,2.55
Finland,FIN,1868,63.66,2.55
Finland,FIN,1869,22.59,2.55
Finland,FIN,1870,21.85,2.55
Finland,FIN,1871,22.59,2.55
Finland,FIN,1872,28.11,2.55
Finland,FIN,1873,29.91,2.55
Finland,FIN,1874,29.42,2.55
Finland,FIN,1875,27.78,2.55
Finland,FIN,1876,26.52,2.55
Finland,FIN,1877,26.19,2.55
Finland,FIN,1878,31.11,2.55
Finland,FIN,1879,24.09,2.55
Finland,FIN,1880,28.81,2.55
Finland,FIN,1881,31.92,2.55
Finland,FIN,1882,29.87,2.55
Finland,FIN,1883,26.3,2.55
Finland,FIN,1884,26.48,2.55
Finland,FIN,1885,28.81,2.55
Finland,FIN,1886,28.77,2.55
Finland,FIN,1887,22.59,2.55
Finland,FIN,1888,23.18,2.55
Finland,FIN,1889,23.45,2.55
Finland,FIN,1890,23.84,2.55
Finland,FIN,1891,26.94,2.55
Finland,FIN,1892,29.38,2.55
Finland,FIN,1893,24.14,2.55
Finland,FIN,1894,22.88,2.55
Finland,FIN,1895,20.25,2.55
Finland,FIN,1896,21.6,2.55
Finland,FIN,1897,19.96,2.55
Finland,FIN,1898,20.8,2.55
Finland,FIN,1899,24.1,2.55
Finland,FIN,1900,26.96,2.55
Finland,FIN,1901,25.63,2.55
Finland,FIN,1902,21.48,2.55
Finland,FIN,1903,21.23,2.55
Finland,FIN,1904,20.13,2.55
Finland,FIN,1905,21.62,2.55
Finland,FIN,1906,20.5,2.55
Finland,FIN,1907,19.46,2.55
Finland,FIN,1908,20.73,2.55
Finland,FIN,1909,18.5,2.55
Finland,FIN,1910,19.12,2.55
Finland,FIN,1911,18.29,2.55
Finland,FIN,1912,17.35,2.55
Finland,FIN,1913,17.52,2.55
Finland,FIN,1914,16.68,2.55
Finland,FIN,1915,16.79,2.55
Finland,FIN,1916,17.67,2.55
Finland,FIN,1917,19.18,2.55
Finland,FIN,1918,21.45,2.55
Finland,FIN,1919,22.5,2.55
Finland,FIN,1920,18.04,2.55
Finland,FIN,1921,14.02,2.55
Finland,FIN,1922,14.54,2.55
Finland,FIN,1923,14.48,2.55
Finland,FIN,1924,15.73,2.55
Finland,FIN,1925,12.17,2.55
Finland,FIN,1926,12.01,2.55
Finland,FIN,1927,13.95,2.55
Finland,FIN,1928,12.22,2.55
Finland,FIN,1929,13.86,2.55
Finland,FIN,1930,10.64,2.55
Finland,FIN,1931,10.27,2.55
Finland,FIN,1932,10.01,2.55
Finland,FIN,1933,10.66,2.55
Finland,FIN,1934,10.77,2.55
Finland,FIN,1935,9.43,2.55
Finland,FIN,1936,9.38,2.55
Finland,FIN,1937,9.55,2.55
Finland,FIN,1938,9.34,2.55
Finland,FIN,1939,9.95,2.55
Finland,FIN,1940,11.45,2.147
Finland,FIN,1941,9.12,2.904
Finland,FIN,1942,7.57,2.003
Finland,FIN,1943,7.9,2.467
Finland,FIN,1944,10.35,2.565
Finland,FIN,1945,9.87,3.08
Finland,FIN,1946,7.57,3.401
Finland,FIN,1947,7.55,3.463
Finland,FIN,1948,6.43,3.452
Finland,FIN,1949,4.77,3.319
Finland,FIN,1950,4.53,3.153
Finland,FIN,1951,4.3,3.012
Finland,FIN,1952,4.1,3.051
Finland,FIN,1953,3.91,2.956
Finland,FIN,1954,3.73,2.927
Finland,FIN,1955,3.56,2.93
Finland,FIN,1956,3.4,2.91
Finland,FIN,1957,3.22,2.851
Finland,FIN,1958,3.04,2.682
Finland,FIN,1959,2.86,2.737
Finland,FIN,1960,2.68,2.719
Finland,FIN,1961,2.53,2.711
Finland,FIN,1962,2.38,2.68
Finland,FIN,1963,2.25,2.675
Finland,FIN,1964,2.13,2.589
Finland,FIN,1965,2.02,2.475
Finland,FIN,1966,1.92,2.404
Finland,FIN,1967,1.84,2.316
Finland,FIN,1968,1.76,2.135
Finland,FIN,1969,1.68,1.93
Finland,FIN,1970,1.61,1.822
Finland,FIN,1971,1.54,1.685
Finland,FIN,1972,1.46,1.575
Finland,FIN,1973,1.39,1.501
Finland,FIN,1974,1.31,1.609
Finland,FIN,1975,1.23,1.678
Finland,FIN,1976,1.14,1.701
Finland,FIN,1977,1.06,1.678
Finland,FIN,1978,0.99,1.642
Finland,FIN,1979,0.92,1.634
Finland,FIN,1980,0.87,1.63
Finland,FIN,1981,0.82,1.645
Finland,FIN,1982,0.79,1.71
Finland,FIN,1983,0.76,1.73
Finland,FIN,1984,0.75,1.692
Finland,FIN,1985,0.73,1.64
Finland,FIN,1986,0.73,1.597
Finland,FIN,1987,0.72,1.592
Finland,FIN,1988,0.71,1.685
Finland,FIN,1989,0.69,1.708
Finland,FIN,1990,0.67,1.776
Finland,FIN,1991,0.64,1.794
Finland,FIN,1992,0.61,1.84
Finland,FIN,1993,0.58,1.815
Finland,FIN,1994,0.55,1.839
Finland,FIN,1995,0.52,1.805
Finland,FIN,1996,0.49,1.772
Finland,FIN,1997,0.47,1.742
Finland,FIN,1998,0.46,1.702
Finland,FIN,1999,0.44,1.729
Finland,FIN,2000,0.43,1.726
Finland,FIN,2001,0.42,1.722
Finland,FIN,2002,0.41,1.718
Finland,FIN,2003,0.4,1.756
Finland,FIN,2004,0.39,1.795
Finland,FIN,2005,0.37,1.801
Finland,FIN,2006,0.36,1.832
Finland,FIN,2007,0.35,1.828
Finland,FIN,2008,0.33,1.843
Finland,FIN,2009,0.32,1.86
Finland,FIN,2010,0.3,1.863
Finland,FIN,2011,0.29,1.826
Finland,FIN,2012,0.28,1.797
Finland,FIN,2013,0.26,1.745
Finland,FIN,2014,0.26,1.706
Finland,FIN,2015,0.25,1.645
Finland,FIN,2016,0.24,1.565
Finland,FIN,2017,0.24,1.487
Finland,FIN,2018,0.24,1.407
Finland,FIN,2019,0.23,1.351
Finland,FIN,2020,0.23,1.374
Finland,FIN,2021,0.23,1.461
Finland,FIN,2022,0.23,1.318
Finland,FIN,2023,0.23,1.28
France,FRA,1816,27.32,2.997
France,FRA,1817,28.35,2.997
France,FRA,1818,29.37,2.997
France,FRA,1819,31.22,2.997
France,FRA,1820,28.48,2.997
France,FRA,1821,28.73,2.997
France,FRA,1822,30.94,2.997
France,FRA,1823,28.92,2.997
France,FRA,1824,30.56,2.997
France,FRA,1825,30.57,2.997
France,FRA,1826,30.37,2.997
France,FRA,1827,28.45,2.997
France,FRA,1828,31.28,2.997
France,FRA,1829,28.43,2.997
France,FRA,1830,28.29,2.997
France,FRA,1831,28.35,2.997
France,FRA,1832,29.8,2.997
France,FRA,1833,28.65,2.997
France,FRA,1834,33.8,2.997
France,FRA,1835,27.73,2.997
France,FRA,1836,25.91,2.997
France,FRA,1837,27.41,2.997
France,FRA,1838,28.65,2.997
France,FRA,1839,26.8,2.997
France,FRA,1840,26.07,2.997
France,FRA,1841,26.25,2.997
France,FRA,1842,27.01,2.997
France,FRA,1843,26.89,2.997
France,FRA,1844,25.19,2.997
France,FRA,1845,23.69,2.997
France,FRA,1846,27.16,2.997
France,FRA,1847,25.81,2.997
France,FRA,1848,26.48,2.997
France,FRA,1849,30.11,2.997
France,FRA,1850,23.81,2.997
France,FRA,1851,26.21,2.997
France,FRA,1852,26.51,2.997
France,FRA,1853,24.44,2.997
France,FRA,1854,29.8,2.997
France,FRA,1855,27.87,2.997
France,FRA,1856,26.86,2.997
France,FRA,1857,28.55,2.997
France,FRA,1858,28.25,2.997
France,FRA,1859,34.73,2.997
France,FRA,1860,24.33,2.997
France,FRA,1861,29.11,2.997
France,FRA,1862,25.83,2.997
France,FRA,1863,27.52,2.997
France,FRA,1864,26.49,2.997
France,FRA,1865,28.33,2.997
France,FRA,1866,25.33,2.997
France,FRA,1867,26.35,2.997
France,FRA,1868,28.84,2.997
France,FRA,1869,27.36,2.997
France,FRA,1870,30.03,2.997
France,FRA,1871,34.39,2.997
France,FRA,1872,25.49,2.997
France,FRA,1873,26.7,2.997
France,FRA,1874,24.17,2.997
France,FRA,1875,24.57,2.997
France,FRA,1876,24.04,2.997
France,FRA,1877,23.7,2.997
France,FRA,1878,24.95,2.997
France,FRA,1879,23.54,2.997
France,FRA,1880,25.7,2.997
France,FRA,1881,24.41,2.997
France,FRA,1882,24.84,2.997
France,FRA,1883,24.79,2.997
France,FRA,1884,26.0,2.997
France,FRA,1885,24.02,2.997
France,FRA,1886,25.0,2.997
France,FRA,1887,24.26,2.997
France,FRA,1888,24.18,2.997
France,FRA,1889,22.95,2.997
France,FRA,1890,25.06,2.997
France,FRA,1891,23.55,2.997
France,FRA,1892,25.02,2.997
France,FRA,1893,24.9,2.997
France,FRA,1894,22.63,2.997
France,FRA,1895,22.82,2.997
France,FRA,1896,20.32,2.997
France,FRA,1897,20.7,2.997
France,FRA,1898,22.85,2.997
France,FRA,1899,23.42,2.997
France,FRA,1900,22.4,2.997
France,FRA,1901,20.66,2.997
France,FRA,1902,19.66,2.997
France,FRA,1903,19.44,2.997
France,FRA,1904,20.17,2.997
France,FRA,1905,19.06,2.997
France,FRA,1906,20.0,2.997
France,FRA,1907,18.4,2.997
France,FRA,1908,18.16,2.997
France,FRA,1909,16.75,2.997
France,FRA,1910,16.01,2.997
France,FRA,1911,20.43,2.997
France,FRA,1912,15.7,2.997
France,FRA,1913,16.3,2.997
France,FRA,1914,15.51,2.997
France,FRA,1915,16.59,2.997
France,FRA,1916,16.42,2.997
France,FRA,1917,18.1,2.997
France,FRA,1918,22.16,2.997
France,FRA,1919,17.78,2.997
France,FRA,1920,16.78,2.997
France,FRA,1921,15.52,2.997
France,FRA,1922,11.91,2.997
France,FRA,1923,13.4,2.997
France,FRA,1924,11.89,2.997
France,FRA,1925,12.75,2.997
France,FRA,1926,13.42,2.997
France,FRA,1927,11.8,2.997
France,FRA,1928,12.66,2.997
France,FRA,1929,13.02,2.997
France,FRA,1930,10.94,2.997
France,FRA,1931,10.47,2.997
France,FRA,1932,10.62,2.997
France,FRA,1933,10.04,2.997
France,FRA,1934,9.77,2.997
France,FRA,1935,9.18,2.997
France,FRA,1936,9.24,2.997
France,FRA,1937,8.98,2.997
France,FRA,1938,8.95,2.997
France,FRA,1939,8.57,2.997
France,FRA,1940,11.53,2.997
France,FRA,1941,9.41,2.997
France,FRA,1942,9.66,2.997
France,FRA,1943,10.11,2.997
France,FRA,1944,10.5,2.997
France,FRA,1945,13.63,2.997
France,FRA,1946,9.73,2.997
France,FRA,1947,8.27,3.038
France,FRA,1948,6.51,3.02
France,FRA,1949,6.12,3.004
France,FRA,1950,5.71,2.965
France,FRA,1951,5.33,2.818
France,FRA,1952,4.97,2.779
France,FRA,1953,4.63,2.702
France,FRA,1954,4.31,2.713
France,FRA,1955,4.01,2.699
France,FRA,1956,3.74,2.693
France,FRA,1957,3.48,2.71
France,FRA,1958,3.24,2.689
France,FRA,1959,3.03,2.746
France,FRA,1960,2.85,2.735
France,FRA,1961,2.7,2.829
France,FRA,1962,2.57,2.788
France,FRA,1963,2.45,2.873
France,FRA,1964,2.34,2.88
France,FRA,1965,2.24,2.826
France,FRA,1966,2.14,2.781
France,FRA,1967,2.06,2.649
France,FRA,1968,1.99,2.571
France,FRA,1969,1.91,2.526
France,FRA,1970,1.82,2.481
France,FRA,1971,1.74,2.499
France,FRA,1972,1.66,2.427
France,FRA,1973,1.6,2.32
France,FRA,1974,1.54,2.125
France,FRA,1975,1.49,1.935
France,FRA,1976,1.44,1.832
France,FRA,1977,1.39,1.868
France,FRA,1978,1.34,1.83
France,FRA,1979,1.28,1.863
France,FRA,1980,1.24,1.951
France,FRA,1981,1.19,1.947
France,FRA,1982,1.15,1.917
France,FRA,1983,1.11,1.79
France,FRA,1984,1.07,1.806
France,FRA,1985,1.04,1.816
France,FRA,1986,1.01,1.832
France,FRA,1987,0.98,1.804
France,FRA,1988,0.96,1.808
France,FRA,1989,0.93,1.791
France,FRA,1990,0.9,1.782
France,FRA,1991,0.86,1.773
France,FRA,1992,0.81,1.735
France,FRA,1993,0.75,1.661
France,FRA,1994,0.7,1.665
France,FRA,1995,0.65,1.718
France,FRA,1996,0.61,1.74
France,FRA,1997,0.58,1.73
France,FRA,1998,0.57,1.764
France,FRA,1999,0.55,1.793
France,FRA,2000,0.54,1.876
France,FRA,2001,0.52,1.879
France,FRA,2002,0.51,1.865
France,FRA,2003,0.49,1.873
France,FRA,2004,0.48,1.898
France,FRA,2005,0.46,1.916
France,FRA,2006,0.45,1.974
France,FRA,2007,0.44,1.952
France,FRA,2008,0.44,1.987
France,FRA,2009,0.43,1.99
France,FRA,2010,0.42,2.017
France,FRA,2011,0.42,1.995
France,FRA,2012,0.41,1.99
France,FRA,2013,0.41,1.973
France,FRA,2014,0.41,1.974
France,FRA,2015,0.42,1.927
France,FRA,2016,0.42,1.892
France,FRA,2017,0.42,1.859
France,FRA,2018,0.42,1.837
France,FRA,2019,0.42,1.826
France,FRA,2020,0.42,1.785
France,FRA,2021,0.43,1.799
France,FRA,2022,0.43,1.76
France,FRA,2023,0.43,1.639
French Guiana,GUF,1950,7.30375,4.905
French Guiana,GUF,1951,7.30375,4.907
French Guiana,GUF,1952,7.30375,4.906
French Guiana,GUF,1953,7.30375,5.001
French Guiana,GUF,1954,7.30375,5.133
French Guiana,GUF,1955,7.30375,5.234
French Guiana,GUF,1956,7.30375,5.255
French Guiana,GUF,1957,7.30375,5.251
French Guiana,GUF,1958,7.30375,5.197
French Guiana,GUF,1959,7.30375,5.218
French Guiana,GUF,1960,7.30375,5.216
French Guiana,GUF,1961,7.30375,5.124
French Guiana,GUF,1962,7.30375,5.104
French Guiana,GUF,1963,7.30375,5.166
French Guiana,GUF,1964,7.30375,5.286
French Guiana,GUF,1965,7.30375,5.183
French Guiana,GUF,1966,7.30375,5.043
French Guiana,GUF,1967,7.30375,4.934
French Guiana,GUF,1968,7.30375,4.856
French Guiana,GUF,1969,7.30375,4.782
French Guiana,GUF,1970,7.30375,4.716
French Guiana,GUF,1971,7.30375,4.6
French Guiana,GUF,1972,7.30375,4.42
French Guiana,GUF,1973,7.30375,4.073
French Guiana,GUF,1974,7.30375,3.78
French Guiana,GUF,1975,7.30375,3.568
French Guiana,GUF,1976,7.30375,3.42
French Guiana,GUF,1977,7.30375,3.383
French Guiana,GUF,1978,7.30375,3.37
French Guiana,GUF,1979,7.30375,3.358
French Guiana,GUF,1980,7.30375,3.351
French Guiana,GUF,1981,7.30375,3.388
French Guiana,GUF,1982,7.30375,3.431
French Guiana,GUF,1983,7.30375,3.459
French Guiana,GUF,1984,7.30375,3.406
French Guiana,GUF,1985,7.30375,3.375
French Guiana,GUF,1986,7.30375,3.384
French Guiana,GUF,1987,7.30375,3.408
French Guiana,GUF,1988,7.30375,3.455
French Guiana,GUF,1989,7.30375,3.582
French Guiana,GUF,1990,7.30375,3.736
French Guiana,GUF,1991,7.30375,3.868
French Guiana,GUF,1992,7.30375,3.891
French Guiana,GUF,1993,7.30375,3.855
French Guiana,GUF,1994,7.30375,3.822
French Guiana,GUF,1995,7.30375,3.76
French Guiana,GUF,1996,7.30375,3.714
French Guiana,GUF,1997,7.30375,3.663
French Guiana,GUF,1998,7.30375,3.742
French Guiana,GUF,1999,7.30375,3.801
French Guiana,GUF,2000,7.30375,3.958
French Guiana,GUF,2001,7.30375,3.777
French Guiana,GUF,2002,7.30375,3.717
French Guiana,GUF,2003,7.30375,3.766
French Guiana,GUF,2004,7.30375,3.47
French Guiana,GUF,2005,7.30375,3.78
French Guiana,GUF,2006,7.30375,3.824
French Guiana,GUF,2007,7.30375,3.782
French Guiana,GUF,2008,7.30375,3.57
French Guiana,GUF,2009,7.30375,3.49
French Guiana,GUF,2010,7.30375,3.429
French Guiana,GUF,2011,7.30375,3.481
French Guiana,GUF,2012,7.30375,3.617
French Guiana,GUF,2013,7.30375,3.471
French Guiana,GUF,2014,7.30375,3.473
French Guiana,GUF,2015,7.30375,3.547
French Guiana,GUF,2016,7.30375,3.641
French Guiana,GUF,2017,7.30375,3.884
French Guiana,GUF,2018,7.30375,3.785
French Guiana,GUF,2019,7.30375,3.732
French Guiana,GUF,2020,7.30375,3.662
French Guiana,GUF,2021,7.30375,3.708
French Guiana,GUF,2022,7.30375,3.436
French Guiana,GUF,2023,7.30375,3.388
French Polynesia,PYF,1950,7.30375,5.475
French Polynesia,PYF,1951,7.30375,5.595
French Polynesia,PYF,1952,7.30375,5.713
French Polynesia,PYF,1953,7.30375,5.827
French Polynesia,PYF,1954,7.30375,5.943
French Polynesia,PYF,1955,7.30375,6.003
French Polynesia,PYF,1956,7.30375,5.989
French Polynesia,PYF,1957,7.30375,5.987
French Polynesia,PYF,1958,7.30375,5.977
French Polynesia,PYF,1959,7.30375,5.966
French Polynesia,PYF,1960,7.30375,5.931
French Polynesia,PYF,1961,7.30375,5.946
French Polynesia,PYF,1962,7.30375,5.968
French Polynesia,PYF,1963,7.30375,5.975
French Polynesia,PYF,1964,7.30375,5.98
French Polynesia,PYF,1965,7.30375,6.0
French Polynesia,PYF,1966,7.30375,5.981
French Polynesia,PYF,1967,7.30375,5.951
French Polynesia,PYF,1968,7.30375,5.9
French Polynesia,PYF,1969,7.30375,5.818
French Polynesia,PYF,1970,7.30375,5.628
French Polynesia,PYF,1971,7.30375,5.446
French Polynesia,PYF,1972,7.30375,5.272
French Polynesia,PYF,1973,7.30375,5.091
French Polynesia,PYF,1974,7.30375,4.906
French Polynesia,PYF,1975,7.30375,4.713
French Polynesia,PYF,1976,7.30375,4.512
French Polynesia,PYF,1977,7.30375,4.366
French Polynesia,PYF,1978,7.30375,4.045
French Polynesia,PYF,1979,7.30375,3.941
French Polynesia,PYF,1980,7.30375,3.935
French Polynesia,PYF,1981,7.30375,3.934
French Polynesia,PYF,1982,7.30375,3.797
French Polynesia,PYF,1983,7.30375,3.743
French Polynesia,PYF,1984,7.30375,3.834
French Polynesia,PYF,1985,7.30375,3.862
French Polynesia,PYF,1986,7.30375,3.714
French Polynesia,PYF,1987,7.30375,3.622
French Polynesia,PYF,1988,7.30375,3.748
French Polynesia,PYF,1989,7.30375,3.49
French Polynesia,PYF,1990,7.30375,3.434
French Polynesia,PYF,1991,7.30375,3.259
French Polynesia,PYF,1992,7.30375,3.15
French Polynesia,PYF,1993,7.30375,3.084
French Polynesia,PYF,1994,7.30375,2.942
French Polynesia,PYF,1995,7.30375,2.781
French Polynesia,PYF,1996,7.30375,2.716
French Polynesia,PYF,1997,7.30375,2.59
French Polynesia,PYF,1998,7.30375,2.49
French Polynesia,PYF,1999,7.30375,2.581
French Polynesia,PYF,2000,7.30375,2.596
French Polynesia,PYF,2001,7.30375,2.523
French Polynesia,PYF,2002,7.30375,2.425
French Polynesia,PYF,2003,7.30375,2.26
French Polynesia,PYF,2004,7.30375,2.198
French Polynesia,PYF,2005,7.30375,2.181
French Polynesia,PYF,2006,7.30375,2.217
French Polynesia,PYF,2007,7.30375,2.122
French Polynesia,PYF,2008,7.30375,2.195
French Polynesia,PYF,2009,7.30375,2.148
French Polynesia,PYF,2010,7.30375,2.165
French Polynesia,PYF,2011,7.30375,2.061
French Polynesia,PYF,2012,7.30375,2.026
French Polynesia,PYF,2013,7.30375,1.937
French Polynesia,PYF,2014,7.30375,1.957
French Polynesia,PYF,2015,7.30375,1.872
French Polynesia,PYF,2016,7.30375,1.763
French Polynesia,PYF,2017,7.30375,1.669
French Polynesia,PYF,2018,7.30375,1.645
French Polynesia,PYF,2019,7.30375,1.567
French Polynesia,PYF,2020,7.30375,1.57
French Polynesia,PYF,2021,7.30375,1.532
French Polynesia,PYF,2022,7.30375,1.515
French Polynesia,PYF,2023,7.30375,1.501
Gabon,GAB,1944,35.97,3.948
Gabon,GAB,1945,34.92,3.948
Gabon,GAB,1946,33.85,3.948
Gabon,GAB,1947,32.85,3.948
Gabon,GAB,1948,31.89,3.948
Gabon,GAB,1949,30.98,3.948
Gabon,GAB,1950,30.09,3.948
Gabon,GAB,1951,29.19,3.953
Gabon,GAB,1952,28.33,3.969
Gabon,GAB,1953,27.44,3.992
Gabon,GAB,1954,26.61,4.025
Gabon,GAB,1955,25.78,4.066
Gabon,GAB,1956,24.95,4.115
Gabon,GAB,1957,24.13,4.172
Gabon,GAB,1958,23.34,4.25
Gabon,GAB,1959,22.59,4.336
Gabon,GAB,1960,21.87,4.422
Gabon,GAB,1961,21.16,4.504
Gabon,GAB,1962,20.49,4.587
Gabon,GAB,1963,19.83,4.649
Gabon,GAB,1964,19.18,4.713
Gabon,GAB,1965,18.55,4.785
Gabon,GAB,1966,17.94,4.861
Gabon,GAB,1967,17.35,4.919
Gabon,GAB,1968,16.78,4.984
Gabon,GAB,1969,16.24,5.049
Gabon,GAB,1970,15.69,5.097
Gabon,GAB,1971,15.16,5.163
Gabon,GAB,1972,14.65,5.237
Gabon,GAB,1973,14.18,5.287
Gabon,GAB,1974,13.71,5.327
Gabon,GAB,1975,13.25,5.391
Gabon,GAB,1976,12.81,5.457
Gabon,GAB,1977,12.38,5.516
Gabon,GAB,1978,11.96,5.568
Gabon,GAB,1979,11.56,5.608
Gabon,GAB,1980,11.17,5.664
Gabon,GAB,1981,10.8,5.726
Gabon,GAB,1982,10.45,5.74
Gabon,GAB,1983,10.12,5.759
Gabon,GAB,1984,9.81,5.733
Gabon,GAB,1985,9.52,5.713
Gabon,GAB,1986,9.26,5.688
Gabon,GAB,1987,9.03,5.667
Gabon,GAB,1988,8.82,5.623
Gabon,GAB,1989,8.64,5.55
Gabon,GAB,1990,8.49,5.459
Gabon,GAB,1991,8.35,5.373
Gabon,GAB,1992,8.24,5.289
Gabon,GAB,1993,8.14,5.186
Gabon,GAB,1994,8.06,5.044
Gabon,GAB,1995,7.98,4.884
Gabon,GAB,1996,7.89,4.742
Gabon,GAB,1997,7.79,4.657
Gabon,GAB,1998,7.67,4.576
Gabon,GAB,1999,7.53,4.502
Gabon,GAB,2000,7.37,4.469
Gabon,GAB,2001,7.19,4.417
Gabon,GAB,2002,7.01,4.36
Gabon,GAB,2003,6.81,4.299
Gabon,GAB,2004,6.6,4.252
Gabon,GAB,2005,6.39,4.21
Gabon,GAB,2006,6.21,4.17
Gabon,GAB,2007,5.99,4.142
Gabon,GAB,2008,5.77,4.118
Gabon,GAB,2009,5.57,4.138
Gabon,GAB,2010,5.35,4.153
Gabon,GAB,2011,5.14,4.151
Gabon,GAB,2012,4.94,4.086
Gabon,GAB,2013,4.73,4.019
Gabon,GAB,2014,4.57,3.953
Gabon,GAB,2015,4.42,3.921
Gabon,GAB,2016,4.24,3.921
Gabon,GAB,2017,4.1,3.913
Gabon,GAB,2018,3.96,3.908
Gabon,GAB,2019,3.8,3.884
Gabon,GAB,2020,3.62,3.831
Gabon,GAB,2021,3.52,3.776
Gabon,GAB,2022,3.41,3.712
Gabon,GAB,2023,3.32,3.647
Gambia,GMB,1950,39.18,6.353
Gambia,GMB,1951,39.18,6.354
Gambia,GMB,1952,39.18,6.354
Gambia,GMB,1953,39.18,6.351
Gambia,GMB,1954,39.18,6.344
Gambia,GMB,1955,39.18,6.334
Gambia,GMB,1956,39.18,6.32
Gambia,GMB,1957,38.38,6.304
Gambia,GMB,1958,37.64,6.285
Gambia,GMB,1959,36.9,6.266
Gambia,GMB,1960,36.17,6.246
Gambia,GMB,1961,35.48,6.228
Gambia,GMB,1962,34.76,6.213
Gambia,GMB,1963,34.1,6.202
Gambia,GMB,1964,33.45,6.195
Gambia,GMB,1965,32.78,6.192
Gambia,GMB,1966,32.13,6.183
Gambia,GMB,1967,31.48,6.206
Gambia,GMB,1968,30.85,6.221
Gambia,GMB,1969,30.2,6.246
Gambia,GMB,1970,29.54,6.257
Gambia,GMB,1971,28.87,6.33
Gambia,GMB,1972,28.19,6.366
Gambia,GMB,1973,27.52,6.405
Gambia,GMB,1974,26.85,6.415
Gambia,GMB,1975,26.18,6.428
Gambia,GMB,1976,25.51,6.434
Gambia,GMB,1977,24.86,6.433
Gambia,GMB,1978,24.22,6.421
Gambia,GMB,1979,23.58,6.411
Gambia,GMB,1980,22.95,6.414
Gambia,GMB,1981,22.3,6.399
Gambia,GMB,1982,21.65,6.396
Gambia,GMB,1983,21.01,6.393
Gambia,GMB,1984,20.36,6.385
Gambia,GMB,1985,19.7,6.357
Gambia,GMB,1986,19.05,6.344
Gambia,GMB,1987,18.41,6.3
Gambia,GMB,1988,17.78,6.258
Gambia,GMB,1989,17.19,6.254
Gambia,GMB,1990,16.61,6.246
Gambia,GMB,1991,16.04,6.191
Gambia,GMB,1992,15.48,6.111
Gambia,GMB,1993,14.93,6.034
Gambia,GMB,1994,14.38,6.035
Gambia,GMB,1995,13.85,5.994
Gambia,GMB,1996,13.31,5.925
Gambia,GMB,1997,12.79,5.851
Gambia,GMB,1998,12.28,5.818
Gambia,GMB,1999,11.79,5.772
Gambia,GMB,2000,11.31,5.716
Gambia,GMB,2001,10.85,5.67
Gambia,GMB,2002,10.39,5.656
Gambia,GMB,2003,9.95,5.656
Gambia,GMB,2004,9.52,5.683
Gambia,GMB,2005,9.11,5.708
Gambia,GMB,2006,8.71,5.736
Gambia,GMB,2007,8.33,5.685
Gambia,GMB,2008,7.98,5.625
Gambia,GMB,2009,7.64,5.574
Gambia,GMB,2010,7.31,5.558
Gambia,GMB,2011,7.01,5.542
Gambia,GMB,2012,6.73,5.519
Gambia,GMB,2013,6.45,5.392
Gambia,GMB,2014,6.18,5.197
Gambia,GMB,2015,5.93,5.003
Gambia,GMB,2016,5.7,4.809
Gambia,GMB,2017,5.47,4.614
Gambia,GMB,2018,5.27,4.42
Gambia,GMB,2019,5.07,4.33
Gambia,GMB,2020,4.89,4.248
Gambia,GMB,2021,4.72,4.165
Gambia,GMB,2022,4.56,4.078
Gambia,GMB,2023,4.41,4.006
Georgia,GEO,1950,7.12,2.983
Georgia,GEO,1951,7.12,2.924
Georgia,GEO,1952,7.12,2.87
Georgia,GEO,1953,7.12,2.845
Georgia,GEO,1954,7.12,2.833
Georgia,GEO,1955,7.12,2.851
Georgia,GEO,1956,7.12,2.881
Georgia,GEO,1957,7.12,2.905
Georgia,GEO,1958,7.12,2.923
Georgia,GEO,1959,7.12,2.936
Georgia,GEO,1960,7.12,2.942
Georgia,GEO,1961,7.12,2.943
Georgia,GEO,1962,7.12,2.937
Georgia,GEO,1963,7.12,2.949
Georgia,GEO,1964,7.12,2.891
Georgia,GEO,1965,7.12,2.774
Georgia,GEO,1966,7.12,2.728
Georgia,GEO,1967,7.12,2.743
Georgia,GEO,1968,7.12,2.689
Georgia,GEO,1969,7.12,2.687
Georgia,GEO,1970,7.12,2.695
Georgia,GEO,1971,7.12,2.707
Georgia,GEO,1972,7.12,2.674
Georgia,GEO,1973,7.12,2.617
Georgia,GEO,1974,7.12,2.565
Georgia,GEO,1975,7.12,2.552
Georgia,GEO,1976,6.86,2.51
Georgia,GEO,1977,6.61,2.441
Georgia,GEO,1978,6.36,2.417
Georgia,GEO,1979,6.13,2.382
Georgia,GEO,1980,5.9,2.347
Georgia,GEO,1981,5.69,2.33
Georgia,GEO,1982,5.49,2.312
Georgia,GEO,1983,5.31,2.339
Georgia,GEO,1984,5.16,2.378
Georgia,GEO,1985,5.04,2.399
Georgia,GEO,1986,4.94,2.38
Georgia,GEO,1987,4.87,2.319
Georgia,GEO,1988,4.82,2.318
Georgia,GEO,1989,4.78,2.322
Georgia,GEO,1990,4.75,2.306
Georgia,GEO,1991,4.72,2.208
Georgia,GEO,1992,4.68,2.045
Georgia,GEO,1993,4.63,1.912
Georgia,GEO,1994,4.56,1.835
Georgia,GEO,1995,4.47,1.807
Georgia,GEO,1996,4.36,1.759
Georgia,GEO,1997,4.22,1.728
Georgia,GEO,1998,4.05,1.703
Georgia,GEO,1999,3.85,1.643
Georgia,GEO,2000,3.63,1.609
Georgia,GEO,2001,3.39,1.579
Georgia,GEO,2002,3.13,1.571
Georgia,GEO,2003,2.87,1.552
Georgia,GEO,2004,2.6,1.566
Georgia,GEO,2005,2.35,1.583
Georgia,GEO,2006,2.12,1.617
Georgia,GEO,2007,1.9,1.697
Georgia,GEO,2008,1.72,1.832
Georgia,GEO,2009,1.55,1.993
Georgia,GEO,2010,1.41,1.973
Georgia,GEO,2011,1.3,1.915
Georgia,GEO,2012,1.21,1.929
Georgia,GEO,2013,1.14,1.993
Georgia,GEO,2014,1.09,2.18
Georgia,GEO,2015,1.05,2.214
Georgia,GEO,2016,1.02,2.228
Georgia,GEO,2017,1.0,2.136
Georgia,GEO,2018,0.98,2.093
Georgia,GEO,2019,0.97,2.021
Georgia,GEO,2020,0.96,1.976
Georgia,GEO,2021,0.95,1.98
Georgia,GEO,2022,0.93,1.82
Georgia,GEO,2023,0.92,1.81
Germany,DEU,1836,47.42,2.194
Germany,DEU,1837,49.04,2.194
Germany,DEU,1838,48.23,2.194
Germany,DEU,1839,46.28,2.194
Germany,DEU,1840,48.56,2.194
Germany,DEU,1841,48.72,2.194
Germany,DEU,1842,51.64,2.194
Germany,DEU,1843,46.61,2.194
Germany,DEU,1844,46.61,2.194
Germany,DEU,1845,46.93,2.194
Germany,DEU,1846,51.64,2.194
Germany,DEU,1847,46.45,2.194
Germany,DEU,1848,50.67,2.194
Germany,DEU,1849,46.28,2.194
Germany,DEU,1850,48.23,2.194
Germany,DEU,1851,46.61,2.194
Germany,DEU,1852,48.4,2.194
Germany,DEU,1853,46.28,2.194
Germany,DEU,1854,47.26,2.194
Germany,DEU,1855,46.28,2.194
Germany,DEU,1856,41.09,2.194
Germany,DEU,1857,49.86,2.194
Germany,DEU,1858,46.93,2.194
Germany,DEU,1859,52.62,2.194
Germany,DEU,1860,42.22,2.194
Germany,DEU,1863,48.4,2.194
Germany,DEU,1864,48.23,2.194
Germany,DEU,1865,53.92,2.194
Germany,DEU,1866,48.88,2.194
Germany,DEU,1867,50.67,2.194
Germany,DEU,1868,49.86,2.194
Germany,DEU,1869,47.58,2.194
Germany,DEU,1870,48.4,2.194
Germany,DEU,1871,53.59,2.194
Germany,DEU,1872,48.88,2.194
Germany,DEU,1873,49.86,2.194
Germany,DEU,1874,48.23,2.194
Germany,DEU,1875,39.32,2.194
Germany,DEU,1876,37.05,2.194
Germany,DEU,1877,36.57,2.194
Germany,DEU,1878,36.73,2.194
Germany,DEU,1879,35.44,2.194
Germany,DEU,1880,39.0,2.194
Germany,DEU,1881,36.41,2.194
Germany,DEU,1882,37.05,2.194
Germany,DEU,1883,37.7,2.194
Germany,DEU,1884,38.19,2.194
Germany,DEU,1885,36.73,2.194
Germany,DEU,1886,38.19,2.194
Germany,DEU,1887,35.28,2.194
Germany,DEU,1888,35.44,2.194
Germany,DEU,1889,36.73,2.194
Germany,DEU,1890,36.73,2.194
Germany,DEU,1891,35.6,2.194
Germany,DEU,1892,37.38,2.194
Germany,DEU,1893,36.41,2.194
Germany,DEU,1894,35.6,2.194
Germany,DEU,1895,37.38,2.194
Germany,DEU,1896,33.83,2.194
Germany,DEU,1897,36.09,2.194
Germany,DEU,1898,34.15,2.194
Germany,DEU,1899,35.12,2.194
Germany,DEU,1900,37.22,2.194
Germany,DEU,1901,33.66,2.194
Germany,DEU,1902,29.75,2.194
Germany,DEU,1903,33.18,2.194
Germany,DEU,1904,31.88,2.194
Germany,DEU,1905,33.34,2.194
Germany,DEU,1906,30.08,2.194
Germany,DEU,1907,28.6,2.194
Germany,DEU,1908,28.93,2.194
Germany,DEU,1909,27.62,2.194
Germany,DEU,1910,26.35,2.194
Germany,DEU,1911,31.23,2.194
Germany,DEU,1912,23.7,2.194
Germany,DEU,1913,24.43,2.194
Germany,DEU,1914,26.68,2.194
Germany,DEU,1915,23.88,2.194
Germany,DEU,1916,22.41,2.194
Germany,DEU,1917,24.06,2.194
Germany,DEU,1918,25.67,2.194
Germany,DEU,1919,23.33,2.194
Germany,DEU,1920,20.72,2.194
Germany,DEU,1921,21.28,2.194
Germany,DEU,1922,20.53,2.194
Germany,DEU,1923,20.72,2.194
Germany,DEU,1924,16.41,2.194
Germany,DEU,1925,15.85,2.194
Germany,DEU,1926,15.3,2.194
Germany,DEU,1927,14.38,2.194
Germany,DEU,1928,12.94,2.194
Germany,DEU,1929,14.38,2.194
Germany,DEU,1930,12.24,2.194
Germany,DEU,1931,11.89,2.194
Germany,DEU,1932,11.2,2.194
Germany,DEU,1933,10.86,2.194
Germany,DEU,1934,9.04,2.194
Germany,DEU,1935,14.74,2.194
Germany,DEU,1936,9.04,2.194
Germany,DEU,1937,8.72,2.194
Germany,DEU,1938,8.12,2.194
Germany,DEU,1939,10.02,2.194
Germany,DEU,1940,8.72,2.194
Germany,DEU,1950,8.315454545454546,2.194
Germany,DEU,1951,7.910909090909091,2.166
Germany,DEU,1952,7.506363636363637,2.136
Germany,DEU,1953,7.101818181818182,2.129
Germany,DEU,1954,6.697272727272727,2.15
Germany,DEU,1955,6.292727272727273,2.158
Germany,DEU,1956,5.888181818181819,2.206
Germany,DEU,1957,5.483636363636363,2.256
Germany,DEU,1958,5.079090909090908,2.262
Germany,DEU,1959,4.674545454545454,2.359
Germany,DEU,1960,4.27,2.381
Germany,DEU,1961,4.0771428571428565,2.465
Germany,DEU,1962,3.884285714285714,2.462
Germany,DEU,1963,3.6914285714285713,2.523
Germany,DEU,1964,3.498571428571428,2.525
Germany,DEU,1965,3.3057142857142856,2.487
Germany,DEU,1966,3.112857142857143,2.503
Germany,DEU,1967,2.92,2.439
Germany,DEU,1968,2.71,2.341
Germany,DEU,1969,2.64,2.2
Germany,DEU,1970,2.57,2.024
Germany,DEU,1971,2.49,1.951
Germany,DEU,1972,2.4,1.726
Germany,DEU,1973,2.31,1.551
Germany,DEU,1974,2.2,1.521
Germany,DEU,1975,2.08,1.477
Germany,DEU,1976,1.95,1.494
Germany,DEU,1977,1.83,1.498
Germany,DEU,1978,1.71,1.489
Germany,DEU,1979,1.6,1.494
Germany,DEU,1980,1.5,1.556
Germany,DEU,1981,1.41,1.529
Germany,DEU,1982,1.32,1.504
Germany,DEU,1983,1.25,1.43
Germany,DEU,1984,1.18,1.389
Germany,DEU,1985,1.11,1.378
Germany,DEU,1986,1.06,1.417
Germany,DEU,1987,1.01,1.438
Germany,DEU,1988,0.95,1.464
Germany,DEU,1989,0.9,1.433
Germany,DEU,1990,0.85,1.46
Germany,DEU,1991,0.8,1.344
Germany,DEU,1992,0.76,1.305
Germany,DEU,1993,0.72,1.288
Germany,DEU,1994,0.68,1.254
Germany,DEU,1995,0.65,1.262
Germany,DEU,1996,0.62,1.33
Germany,DEU,1997,0.59,1.377
Germany,DEU,1998,0.57,1.364
Germany,DEU,1999,0.55,1.37
Germany,DEU,2000,0.54,1.386
Germany,DEU,2001,0.52,1.354
Germany,DEU,2002,0.51,1.344
Germany,DEU,2003,0.5,1.343
Germany,DEU,2004,0.48,1.361
Germany,DEU,2005,0.47,1.344
Germany,DEU,2006,0.46,1.339
Germany,DEU,2007,0.45,1.378
Germany,DEU,2008,0.44,1.387
Germany,DEU,2009,0.43,1.367
Germany,DEU,2010,0.42,1.4
Germany,DEU,2011,0.41,1.385
Germany,DEU,2012,0.4,1.405
Germany,DEU,2013,0.4,1.415
Germany,DEU,2014,0.4,1.469
Germany,DEU,2015,0.39,1.501
Germany,DEU,2016,0.39,1.591
Germany,DEU,2017,0.38,1.57
Germany,DEU,2018,0.38,1.566
Germany,DEU,2019,0.37,1.541
Germany,DEU,2020,0.37,1.531
Germany,DEU,2021,0.37,1.577
Germany,DEU,2022,0.37,1.46
Germany,DEU,2023,0.37,1.441
Ghana,GHA,1932,36.64,6.7
Ghana,GHA,1933,35.99,6.7
Ghana,GHA,1934,35.32,6.7
Ghana,GHA,1935,34.62,6.7
Ghana,GHA,1936,33.96,6.7
Ghana,GHA,1937,33.31,6.7
Ghana,GHA,1938,32.69,6.7
Ghana,GHA,1939,32.05,6.7
Ghana,GHA,1940,31.37,6.7
Ghana,GHA,1941,30.69,6.7
Ghana,GHA,1942,30.02,6.7
Ghana,GHA,1943,29.4,6.7
Ghana,GHA,1944,28.77,6.7
Ghana,GHA,1945,28.19,6.7
Ghana,GHA,1946,27.61,6.7
Ghana,GHA,1947,27.04,6.7
Ghana,GHA,1948,26.48,6.7
Ghana,GHA,1949,25.89,6.7
Ghana,GHA,1950,25.3,6.7
Ghana,GHA,1951,24.73,6.731
Ghana,GHA,1952,24.17,6.755
Ghana,GHA,1953,23.65,6.777
Ghana,GHA,1954,23.15,6.799
Ghana,GHA,1955,22.67,6.818
Ghana,GHA,1956,22.23,6.843
Ghana,GHA,1957,21.86,6.852
Ghana,GHA,1958,21.51,6.86
Ghana,GHA,1959,21.2,6.874
Ghana,GHA,1960,20.92,6.89
Ghana,GHA,1961,20.7,6.912
Ghana,GHA,1962,20.53,6.942
Ghana,GHA,1963,20.39,6.936
Ghana,GHA,1964,20.31,6.902
Ghana,GHA,1965,20.27,6.88
Ghana,GHA,1966,20.26,6.862
Ghana,GHA,1967,20.27,6.893
Ghana,GHA,1968,20.29,6.892
Ghana,GHA,1969,20.27,6.954
Ghana,GHA,1970,20.23,6.952
Ghana,GHA,1971,20.11,6.946
Ghana,GHA,1972,19.9,6.916
Ghana,GHA,1973,19.59,6.872
Ghana,GHA,1974,19.18,6.822
Ghana,GHA,1975,18.67,6.762
Ghana,GHA,1976,18.15,6.703
Ghana,GHA,1977,17.65,6.637
Ghana,GHA,1978,17.23,6.564
Ghana,GHA,1979,16.91,6.513
Ghana,GHA,1980,16.7,6.474
Ghana,GHA,1981,16.55,6.415
Ghana,GHA,1982,16.39,6.312
Ghana,GHA,1983,16.19,6.227
Ghana,GHA,1984,15.9,6.153
Ghana,GHA,1985,15.51,6.119
Ghana,GHA,1986,15.0,6.084
Ghana,GHA,1987,14.43,6.022
Ghana,GHA,1988,13.83,5.922
Ghana,GHA,1989,13.26,5.818
Ghana,GHA,1990,12.75,5.737
Ghana,GHA,1991,12.33,5.63
Ghana,GHA,1992,12.01,5.517
Ghana,GHA,1993,11.77,5.414
Ghana,GHA,1994,11.6,5.254
Ghana,GHA,1995,11.45,5.106
Ghana,GHA,1996,11.29,4.959
Ghana,GHA,1997,11.06,4.884
Ghana,GHA,1998,10.77,4.829
Ghana,GHA,1999,10.41,4.822
Ghana,GHA,2000,10.02,4.827
Ghana,GHA,2001,9.61,4.768
Ghana,GHA,2002,9.21,4.687
Ghana,GHA,2003,8.85,4.597
Ghana,GHA,2004,8.52,4.504
Ghana,GHA,2005,8.22,4.496
Ghana,GHA,2006,7.93,4.399
Ghana,GHA,2007,7.63,4.288
Ghana,GHA,2008,7.31,4.217
Ghana,GHA,2009,6.99,4.179
Ghana,GHA,2010,6.65,4.181
Ghana,GHA,2011,6.33,4.177
Ghana,GHA,2012,6.02,4.154
Ghana,GHA,2013,5.74,4.114
Ghana,GHA,2014,5.48,4.029
Ghana,GHA,2015,5.25,3.982
Ghana,GHA,2016,5.02,3.873
Ghana,GHA,2017,4.81,3.715
Ghana,GHA,2018,4.6,3.65
Ghana,GHA,2019,4.39,3.593
Ghana,GHA,2020,4.2,3.541
Ghana,GHA,2021,4.02,3.492
Ghana,GHA,2022,3.85,3.434
Ghana,GHA,2023,3.71,3.397
Gibraltar,GIB,1950,7.30375,2.682
Gibraltar,GIB,1951,7.30375,2.761
Gibraltar,GIB,1952,7.30375,2.803
Gibraltar,GIB,1953,7.30375,2.799
Gibraltar,GIB,1954,7.30375,2.768
Gibraltar,GIB,1955,7.30375,2.734
Gibraltar,GIB,1956,7.30375,2.802
Gibraltar,GIB,1957,7.30375,2.874
Gibraltar,GIB,1958,7.30375,2.937
Gibraltar,GIB,1959,7.30375,2.996
Gibraltar,GIB,1960,7.30375,3.102
Gibraltar,GIB,1961,7.30375,3.26
Gibraltar,GIB,1962,7.30375,3.528
Gibraltar,GIB,1963,7.30375,4.061
Gibraltar,GIB,1964,7.30375,4.26
Gibraltar,GIB,1965,7.30375,3.989
Gibraltar,GIB,1966,7.30375,3.604
Gibraltar,GIB,1967,7.30375,3.183
Gibraltar,GIB,1968,7.30375,2.98
Gibraltar,GIB,1969,7.30375,2.949
Gibraltar,GIB,1970,7.30375,2.948
Gibraltar,GIB,1971,7.30375,2.944
Gibraltar,GIB,1972,7.30375,2.788
Gibraltar,GIB,1973,7.30375,2.671
Gibraltar,GIB,1974,7.30375,2.596
Gibraltar,GIB,1975,7.30375,2.527
Gibraltar,GIB,1976,7.30375,2.479
Gibraltar,GIB,1977,7.30375,2.468
Gibraltar,GIB,1978,7.30375,2.486
Gibraltar,GIB,1979,7.30375,2.523
Gibraltar,GIB,1980,7.30375,2.567
Gibraltar,GIB,1981,7.30375,2.534
Gibraltar,GIB,1982,7.30375,2.491
Gibraltar,GIB,1983,7.30375,2.436
Gibraltar,GIB,1984,7.30375,2.398
Gibraltar,GIB,1985,7.30375,2.371
Gibraltar,GIB,1986,7.30375,2.356
Gibraltar,GIB,1987,7.30375,2.35
Gibraltar,GIB,1988,7.30375,2.345
Gibraltar,GIB,1989,7.30375,2.353
Gibraltar,GIB,1990,7.30375,2.39
Gibraltar,GIB,1991,7.30375,2.431
Gibraltar,GIB,1992,7.30375,2.443
Gibraltar,GIB,1993,7.30375,2.42
Gibraltar,GIB,1994,7.30375,2.38
Gibraltar,GIB,1995,7.30375,2.334
Gibraltar,GIB,1996,7.30375,2.251
Gibraltar,GIB,1997,7.30375,2.233
Gibraltar,GIB,1998,7.30375,2.204
Gibraltar,GIB,1999,7.30375,2.189
Gibraltar,GIB,2000,7.30375,2.185
Gibraltar,GIB,2001,7.30375,2.104
Gibraltar,GIB,2002,7.30375,1.683
Gibraltar,GIB,2003,7.30375,1.634
Gibraltar,GIB,2004,7.30375,1.689
Gibraltar,GIB,2005,7.30375,1.754
Gibraltar,GIB,2006,7.30375,1.802
Gibraltar,GIB,2007,7.30375,1.852
Gibraltar,GIB,2008,7.30375,1.903
Gibraltar,GIB,2009,7.30375,1.926
Gibraltar,GIB,2010,7.30375,1.954
Gibraltar,GIB,2011,7.30375,1.974
Gibraltar,GIB,2012,7.30375,1.999
Gibraltar,GIB,2013,7.30375,2.099
Gibraltar,GIB,2014,7.30375,2.084
Gibraltar,GIB,2015,7.30375,2.074
Gibraltar,GIB,2016,7.30375,1.94
Gibraltar,GIB,2017,7.30375,1.93
Gibraltar,GIB,2018,7.30375,1.921
Gibraltar,GIB,2019,7.30375,1.912
Gibraltar,GIB,2020,7.30375,1.907
Gibraltar,GIB,2021,7.30375,1.899
Gibraltar,GIB,2022,7.30375,1.895
Gibraltar,GIB,2023,7.30375,1.888
Greece,GRC,1921,9.36,2.574
Greece,GRC,1922,11.72,2.574
Greece,GRC,1923,13.48,2.574
Greece,GRC,1924,14.56,2.574
Greece,GRC,1925,13.12,2.574
Greece,GRC,1926,10.52,2.574
Greece,GRC,1927,14.93,2.574
Greece,GRC,1928,13.84,2.574
Greece,GRC,1929,16.97,2.574
Greece,GRC,1930,14.74,2.574
Greece,GRC,1931,21.28,2.574
Greece,GRC,1932,19.22,2.574
Greece,GRC,1933,19.22,2.574
Greece,GRC,1934,17.16,2.574
Greece,GRC,1935,17.34,2.574
Greece,GRC,1936,17.53,2.574
Greece,GRC,1937,19.03,2.574
Greece,GRC,1938,14.74,2.574
Greece,GRC,1939,18.28,2.574
Greece,GRC,1940,14.56,2.574
Greece,GRC,1949,5.4,2.574
Greece,GRC,1950,4.41,2.574
Greece,GRC,1951,5.78,2.485
Greece,GRC,1952,5.6,2.416
Greece,GRC,1953,5.43,2.392
Greece,GRC,1954,5.27,2.399
Greece,GRC,1955,5.13,2.42
Greece,GRC,1956,5.02,2.383
Greece,GRC,1957,4.92,2.33
Greece,GRC,1958,4.82,2.308
Greece,GRC,1959,4.72,2.327
Greece,GRC,1960,4.62,2.294
Greece,GRC,1961,4.51,2.239
Greece,GRC,1962,4.39,2.242
Greece,GRC,1963,4.25,2.243
Greece,GRC,1964,4.1,2.313
Greece,GRC,1965,3.97,2.334
Greece,GRC,1966,3.86,2.395
Greece,GRC,1967,3.73,2.484
Greece,GRC,1968,3.54,2.474
Greece,GRC,1969,3.33,2.434
Greece,GRC,1970,3.13,2.435
Greece,GRC,1971,2.96,2.408
Greece,GRC,1972,2.84,2.388
Greece,GRC,1973,2.76,2.365
Greece,GRC,1974,2.7,2.428
Greece,GRC,1975,2.62,2.419
Greece,GRC,1976,2.51,2.42
Greece,GRC,1977,2.38,2.377
Greece,GRC,1978,2.24,2.371
Greece,GRC,1979,2.09,2.356
Greece,GRC,1980,1.96,2.297
Greece,GRC,1981,1.83,2.17
Greece,GRC,1982,1.71,2.082
Greece,GRC,1983,1.62,1.989
Greece,GRC,1984,1.54,1.871
Greece,GRC,1985,1.46,1.744
Greece,GRC,1986,1.37,1.66
Greece,GRC,1987,1.27,1.581
Greece,GRC,1988,1.19,1.542
Greece,GRC,1989,1.11,1.485
Greece,GRC,1990,1.05,1.466
Greece,GRC,1991,0.99,1.459
Greece,GRC,1992,0.95,1.452
Greece,GRC,1993,0.91,1.426
Greece,GRC,1994,0.88,1.414
Greece,GRC,1995,0.85,1.385
Greece,GRC,1996,0.81,1.365
Greece,GRC,1997,0.77,1.357
Greece,GRC,1998,0.73,1.339
Greece,GRC,1999,0.69,1.326
Greece,GRC,2000,0.64,1.331
Greece,GRC,2001,0.6,1.327
Greece,GRC,2002,0.56,1.335
Greece,GRC,2003,0.52,1.333
Greece,GRC,2004,0.49,1.34
Greece,GRC,2005,0.46,1.358
Greece,GRC,2006,0.43,1.403
Greece,GRC,2007,0.41,1.416
Greece,GRC,2008,0.4,1.494
Greece,GRC,2009,0.4,1.507
Greece,GRC,2010,0.39,1.485
Greece,GRC,2011,0.4,1.395
Greece,GRC,2012,0.4,1.345
Greece,GRC,2013,0.41,1.292
Greece,GRC,2014,0.42,1.298
Greece,GRC,2015,0.43,1.328
Greece,GRC,2016,0.43,1.382
Greece,GRC,2017,0.43,1.35
Greece,GRC,2018,0.42,1.35
Greece,GRC,2019,0.41,1.337
Greece,GRC,2020,0.4,1.386
Greece,GRC,2021,0.39,1.432
Greece,GRC,2022,0.38,1.308
Greece,GRC,2023,0.37,1.334
Greenland,GRL,1950,7.30375,5.641
Greenland,GRL,1951,7.30375,5.732
Greenland,GRL,1952,7.30375,5.805
Greenland,GRL,1953,7.30375,5.923
Greenland,GRL,1954,7.30375,6.093
Greenland,GRL,1955,7.30375,6.267
Greenland,GRL,1956,7.30375,6.33
Greenland,GRL,1957,7.30375,6.398
Greenland,GRL,1958,7.30375,6.468
Greenland,GRL,1959,7.30375,6.575
Greenland,GRL,1960,7.30375,6.686
Greenland,GRL,1961,7.30375,6.781
Greenland,GRL,1962,7.30375,6.785
Greenland,GRL,1963,7.30375,6.757
Greenland,GRL,1964,7.30375,6.654
Greenland,GRL,1965,7.30375,6.419
Greenland,GRL,1966,7.30375,6.031
Greenland,GRL,1967,7.30375,5.545
Greenland,GRL,1968,7.30375,4.928
Greenland,GRL,1969,7.30375,4.209
Greenland,GRL,1970,7.30375,3.541
Greenland,GRL,1971,7.30375,3.202
Greenland,GRL,1972,7.30375,3.012
Greenland,GRL,1973,7.30375,2.739
Greenland,GRL,1974,7.30375,2.45
Greenland,GRL,1975,7.30375,2.33
Greenland,GRL,1976,7.30375,2.267
Greenland,GRL,1977,7.30375,2.283
Greenland,GRL,1978,7.30375,2.196
Greenland,GRL,1979,7.30375,2.208
Greenland,GRL,1980,7.30375,2.354
Greenland,GRL,1981,7.30375,2.319
Greenland,GRL,1982,7.30375,2.228
Greenland,GRL,1983,7.30375,2.086
Greenland,GRL,1984,7.30375,2.109
Greenland,GRL,1985,7.30375,2.171
Greenland,GRL,1986,7.30375,2.082
Greenland,GRL,1987,7.30375,2.104
Greenland,GRL,1988,7.30375,2.272
Greenland,GRL,1989,7.30375,2.338
Greenland,GRL,1990,7.30375,2.418
Greenland,GRL,1991,7.30375,2.44
Greenland,GRL,1992,7.30375,2.551
Greenland,GRL,1993,7.30375,2.565
Greenland,GRL,1994,7.30375,2.535
Greenland,GRL,1995,7.30375,2.513
Greenland,GRL,1996,7.30375,2.515
Greenland,GRL,1997,7.30375,2.598
Greenland,GRL,1998,7.30375,2.442
Greenland,GRL,1999,7.30375,2.37
Greenland,GRL,2000,7.30375,2.347
Greenland,GRL,2001,7.30375,2.453
Greenland,GRL,2002,7.30375,2.492
Greenland,GRL,2003,7.30375,2.389
Greenland,GRL,2004,7.30375,2.379
Greenland,GRL,2005,7.30375,2.335
Greenland,GRL,2006,7.30375,2.257
Greenland,GRL,2007,7.30375,2.27
Greenland,GRL,2008,7.30375,2.269
Greenland,GRL,2009,7.30375,2.322
Greenland,GRL,2010,7.30375,2.241
Greenland,GRL,2011,7.30375,2.097
Greenland,GRL,2012,7.30375,2.001
Greenland,GRL,2013,7.30375,2.012
Greenland,GRL,2014,7.30375,2.009
Greenland,GRL,2015,7.30375,2.076
Greenland,GRL,2016,7.30375,2.068
Greenland,GRL,2017,7.30375,2.065
Greenland,GRL,2018,7.30375,2.02
Greenland,GRL,2019,7.30375,2.006
Greenland,GRL,2020,7.30375,1.998
Greenland,GRL,2021,7.30375,1.985
Greenland,GRL,2022,7.30375,1.969
Greenland,GRL,2023,7.30375,1.95
Grenada,GRD,1949,15.46,5.184
Grenada,GRD,1950,14.94,5.184
Grenada,GRD,1951,14.4,5.358
Grenada,GRD,1952,13.86,5.686
Grenada,GRD,1953,13.34,5.974
Grenada,GRD,1954,12.82,6.221
Grenada,GRD,1955,12.32,6.428
Grenada,GRD,1956,11.81,6.59
Grenada,GRD,1957,11.29,6.709
Grenada,GRD,1958,10.74,6.778
Grenada,GRD,1959,10.14,6.792
Grenada,GRD,1960,9.5,6.743
Grenada,GRD,1961,8.83,6.627
Grenada,GRD,1962,8.15,6.442
Grenada,GRD,1963,7.5,6.196
Grenada,GRD,1964,6.91,5.906
Grenada,GRD,1965,6.39,5.597
Grenada,GRD,1966,5.95,5.3
Grenada,GRD,1967,5.59,5.04
Grenada,GRD,1968,5.3,4.835
Grenada,GRD,1969,5.06,4.69
Grenada,GRD,1970,4.87,4.46
Grenada,GRD,1971,4.71,4.307
Grenada,GRD,1972,4.58,4.175
Grenada,GRD,1973,4.47,4.046
Grenada,GRD,1974,4.36,3.92
Grenada,GRD,1975,4.25,3.754
Grenada,GRD,1976,4.15,3.597
Grenada,GRD,1977,4.03,3.457
Grenada,GRD,1978,3.9,3.351
Grenada,GRD,1979,3.77,3.344
Grenada,GRD,1980,3.62,3.298
Grenada,GRD,1981,3.46,2.989
Grenada,GRD,1982,3.3,3.154
Grenada,GRD,1983,3.15,3.306
Grenada,GRD,1984,2.99,3.224
Grenada,GRD,1985,2.85,3.478
Grenada,GRD,1986,2.71,3.584
Grenada,GRD,1987,2.58,3.581
Grenada,GRD,1988,2.46,3.193
Grenada,GRD,1989,2.35,3.233
Grenada,GRD,1990,2.24,3.058
Grenada,GRD,1991,2.13,3.106
Grenada,GRD,1992,2.04,2.97
Grenada,GRD,1993,1.95,2.805
Grenada,GRD,1994,1.87,2.794
Grenada,GRD,1995,1.79,2.822
Grenada,GRD,1996,1.73,2.848
Grenada,GRD,1997,1.67,2.803
Grenada,GRD,1998,1.62,2.494
Grenada,GRD,1999,1.58,2.392
Grenada,GRD,2000,1.55,2.441
Grenada,GRD,2001,1.52,2.421
Grenada,GRD,2002,1.5,2.378
Grenada,GRD,2003,1.49,2.332
Grenada,GRD,2004,1.49,2.285
Grenada,GRD,2005,1.48,2.242
Grenada,GRD,2006,1.49,2.195
Grenada,GRD,2007,1.5,2.154
Grenada,GRD,2008,1.51,2.116
Grenada,GRD,2009,1.54,2.078
Grenada,GRD,2010,1.57,2.038
Grenada,GRD,2011,1.6,2.006
Grenada,GRD,2012,1.64,1.967
Grenada,GRD,2013,1.68,1.913
Grenada,GRD,2014,1.72,1.799
Grenada,GRD,2015,1.75,1.715
Grenada,GRD,2016,1.79,1.616
Grenada,GRD,2017,1.81,1.438
Grenada,GRD,2018,1.83,1.53
Grenada,GRD,2019,1.85,1.542
Grenada,GRD,2020,1.87,1.532
Grenada,GRD,2021,1.87,1.517
Grenada,GRD,2022,1.85,1.502
Grenada,GRD,2023,1.83,1.487
Guadeloupe,GLP,1950,7.30375,5.592
Guadeloupe,GLP,1951,7.30375,5.636
Guadeloupe,GLP,1952,7.30375,5.662
Guadeloupe,GLP,1953,7.30375,5.686
Guadeloupe,GLP,1954,7.30375,5.702
Guadeloupe,GLP,1955,7.30375,5.773
Guadeloupe,GLP,1956,7.30375,5.715
Guadeloupe,GLP,1957,7.30375,5.6
Guadeloupe,GLP,1958,7.30375,5.634
Guadeloupe,GLP,1959,7.30375,5.632
Guadeloupe,GLP,1960,7.30375,5.771
Guadeloupe,GLP,1961,7.30375,5.666
Guadeloupe,GLP,1962,7.30375,5.856
Guadeloupe,GLP,1963,7.30375,5.709
Guadeloupe,GLP,1964,7.30375,5.58
Guadeloupe,GLP,1965,7.30375,5.593
Guadeloupe,GLP,1966,7.30375,5.581
Guadeloupe,GLP,1967,7.30375,5.429
Guadeloupe,GLP,1968,7.30375,5.218
Guadeloupe,GLP,1969,7.30375,4.979
Guadeloupe,GLP,1970,7.30375,4.758
Guadeloupe,GLP,1971,7.30375,4.557
Guadeloupe,GLP,1972,7.30375,4.349
Guadeloupe,GLP,1973,7.30375,4.172
Guadeloupe,GLP,1974,7.30375,3.988
Guadeloupe,GLP,1975,7.30375,3.752
Guadeloupe,GLP,1976,7.30375,3.343
Guadeloupe,GLP,1977,7.30375,2.927
Guadeloupe,GLP,1978,7.30375,2.584
Guadeloupe,GLP,1979,7.30375,2.463
Guadeloupe,GLP,1980,7.30375,2.466
Guadeloupe,GLP,1981,7.30375,2.46
Guadeloupe,GLP,1982,7.30375,2.457
Guadeloupe,GLP,1983,7.30375,2.464
Guadeloupe,GLP,1984,7.30375,2.447
Guadeloupe,GLP,1985,7.30375,2.432
Guadeloupe,GLP,1986,7.30375,2.373
Guadeloupe,GLP,1987,7.30375,2.315
Guadeloupe,GLP,1988,7.30375,2.275
Guadeloupe,GLP,1989,7.30375,2.257
Guadeloupe,GLP,1990,7.30375,2.242
Guadeloupe,GLP,1991,7.30375,2.228
Guadeloupe,GLP,1992,7.30375,2.199
Guadeloupe,GLP,1993,7.30375,2.156
Guadeloupe,GLP,1994,7.30375,2.134
Guadeloupe,GLP,1995,7.30375,2.121
Guadeloupe,GLP,1996,7.30375,2.121
Guadeloupe,GLP,1997,7.30375,2.132
Guadeloupe,GLP,1998,7.30375,2.147
Guadeloupe,GLP,1999,7.30375,2.178
Guadeloupe,GLP,2000,7.30375,2.221
Guadeloupe,GLP,2001,7.30375,2.234
Guadeloupe,GLP,2002,7.30375,2.218
Guadeloupe,GLP,2003,7.30375,2.223
Guadeloupe,GLP,2004,7.30375,2.233
Guadeloupe,GLP,2005,7.30375,2.301
Guadeloupe,GLP,2006,7.30375,2.285
Guadeloupe,GLP,2007,7.30375,2.23
Guadeloupe,GLP,2008,7.30375,2.163
Guadeloupe,GLP,2009,7.30375,2.115
Guadeloupe,GLP,2010,7.30375,2.137
Guadeloupe,GLP,2011,7.30375,2.17
Guadeloupe,GLP,2012,7.30375,2.195
Guadeloupe,GLP,2013,7.30375,2.216
Guadeloupe,GLP,2014,7.30375,2.213
Guadeloupe,GLP,2015,7.30375,2.179
Guadeloupe,GLP,2016,7.30375,2.141
Guadeloupe,GLP,2017,7.30375,2.082
Guadeloupe,GLP,2018,7.30375,2.096
Guadeloupe,GLP,2019,7.30375,2.149
Guadeloupe,GLP,2020,7.30375,2.167
Guadeloupe,GLP,2021,7.30375,2.131
Guadeloupe,GLP,2022,7.30375,2.11
Guadeloupe,GLP,2023,7.30375,2.089
Guam,GUM,1950,7.30375,5.21
Guam,GUM,1951,7.30375,5.3
Guam,GUM,1952,7.30375,5.59
Guam,GUM,1953,7.30375,5.75
Guam,GUM,1954,7.30375,5.893
Guam,GUM,1955,7.30375,6.215
Guam,GUM,1956,7.30375,6.224
Guam,GUM,1957,7.30375,6.45
Guam,GUM,1958,7.30375,6.118
Guam,GUM,1959,7.30375,6.047
Guam,GUM,1960,7.30375,5.969
Guam,GUM,1961,7.30375,5.948
Guam,GUM,1962,7.30375,5.899
Guam,GUM,1963,7.30375,5.571
Guam,GUM,1964,7.30375,5.393
Guam,GUM,1965,7.30375,5.137
Guam,GUM,1966,7.30375,5.072
Guam,GUM,1967,7.30375,4.646
Guam,GUM,1968,7.30375,4.346
Guam,GUM,1969,7.30375,4.44
Guam,GUM,1970,7.30375,4.343
Guam,GUM,1971,7.30375,4.202
Guam,GUM,1972,7.30375,4.046
Guam,GUM,1973,7.30375,3.89
Guam,GUM,1974,7.30375,3.764
Guam,GUM,1975,7.30375,3.658
Guam,GUM,1976,7.30375,3.534
Guam,GUM,1977,7.30375,3.363
Guam,GUM,1978,7.30375,3.105
Guam,GUM,1979,7.30375,3.033
Guam,GUM,1980,7.30375,3.039
Guam,GUM,1981,7.30375,2.969
Guam,GUM,1982,7.30375,2.912
Guam,GUM,1983,7.30375,3.029
Guam,GUM,1984,7.30375,2.855
Guam,GUM,1985,7.30375,2.905
Guam,GUM,1986,7.30375,2.934
Guam,GUM,1987,7.30375,2.966
Guam,GUM,1988,7.30375,2.986
Guam,GUM,1989,7.30375,3.001
Guam,GUM,1990,7.30375,3.015
Guam,GUM,1991,7.30375,3.028
Guam,GUM,1992,7.30375,3.042
Guam,GUM,1993,7.30375,3.054
Guam,GUM,1994,7.30375,3.044
Guam,GUM,1995,7.30375,3.04
Guam,GUM,1996,7.30375,3.033
Guam,GUM,1997,7.30375,3.023
Guam,GUM,1998,7.30375,3.008
Guam,GUM,1999,7.30375,2.969
Guam,GUM,2000,7.30375,2.915
Guam,GUM,2001,7.30375,2.817
Guam,GUM,2002,7.30375,2.582
Guam,GUM,2003,7.30375,2.657
Guam,GUM,2004,7.30375,2.772
Guam,GUM,2005,7.30375,2.638
Guam,GUM,2006,7.30375,2.807
Guam,GUM,2007,7.30375,2.905
Guam,GUM,2008,7.30375,2.905
Guam,GUM,2009,7.30375,2.891
Guam,GUM,2010,7.30375,2.973
Guam,GUM,2011,7.30375,2.876
Guam,GUM,2012,7.30375,3.117
Guam,GUM,2013,7.30375,2.883
Guam,GUM,2014,7.30375,2.946
Guam,GUM,2015,7.30375,2.933
Guam,GUM,2016,7.30375,3.171
Guam,GUM,2017,7.30375,3.088
Guam,GUM,2018,7.30375,2.995
Guam,GUM,2019,7.30375,2.938
Guam,GUM,2020,7.30375,2.895
Guam,GUM,2021,7.30375,2.856
Guam,GUM,2022,7.30375,2.819
Guam,GUM,2023,7.30375,2.781
Guatemala,GTM,1950,23.79,6.804
Guatemala,GTM,1951,23.79,6.841
Guatemala,GTM,1952,23.79,6.876
Guatemala,GTM,1953,23.79,6.898
Guatemala,GTM,1954,23.79,6.923
Guatemala,GTM,1955,23.79,6.95
Guatemala,GTM,1956,23.79,6.977
Guatemala,GTM,1957,23.79,7.015
Guatemala,GTM,1958,23.23,7.006
Guatemala,GTM,1959,22.68,7.006
Guatemala,GTM,1960,22.15,6.999
Guatemala,GTM,1961,21.63,6.979
Guatemala,GTM,1962,21.11,6.934
Guatemala,GTM,1963,20.61,6.899
Guatemala,GTM,1964,20.11,6.871
Guatemala,GTM,1965,19.63,6.839
Guatemala,GTM,1966,19.12,6.802
Guatemala,GTM,1967,18.63,6.755
Guatemala,GTM,1968,18.13,6.699
Guatemala,GTM,1969,17.63,6.646
Guatemala,GTM,1970,17.12,6.6
Guatemala,GTM,1971,16.6,6.546
Guatemala,GTM,1972,16.09,6.511
Guatemala,GTM,1973,15.59,6.487
Guatemala,GTM,1974,15.08,6.458
Guatemala,GTM,1975,14.59,6.41
Guatemala,GTM,1976,16.51,6.368
Guatemala,GTM,1977,13.63,6.319
Guatemala,GTM,1978,13.16,6.261
Guatemala,GTM,1979,12.69,6.216
Guatemala,GTM,1980,12.23,6.171
Guatemala,GTM,1981,11.77,6.121
Guatemala,GTM,1982,13.57,6.057
Guatemala,GTM,1983,10.88,5.976
Guatemala,GTM,1984,10.45,5.855
Guatemala,GTM,1985,10.02,5.729
Guatemala,GTM,1986,9.6,5.663
Guatemala,GTM,1987,9.19,5.639
Guatemala,GTM,1988,8.79,5.621
Guatemala,GTM,1989,8.41,5.559
Guatemala,GTM,1990,8.04,5.48
Guatemala,GTM,1991,7.68,5.377
Guatemala,GTM,1992,7.34,5.314
Guatemala,GTM,1993,7.02,5.254
Guatemala,GTM,1994,6.71,5.191
Guatemala,GTM,1995,6.42,5.105
Guatemala,GTM,1996,6.15,5.008
Guatemala,GTM,1997,5.89,4.906
Guatemala,GTM,1998,5.65,4.8
Guatemala,GTM,1999,5.42,4.687
Guatemala,GTM,2000,5.21,4.583
Guatemala,GTM,2001,5.0,4.502
Guatemala,GTM,2002,4.8,4.371
Guatemala,GTM,2003,4.61,4.25
Guatemala,GTM,2004,4.43,4.134
Guatemala,GTM,2005,4.26,3.974
Guatemala,GTM,2006,4.1,3.845
Guatemala,GTM,2007,3.93,3.716
Guatemala,GTM,2008,3.78,3.571
Guatemala,GTM,2009,3.62,3.465
Guatemala,GTM,2010,3.48,3.375
Guatemala,GTM,2011,3.33,3.292
Guatemala,GTM,2012,3.2,3.219
Guatemala,GTM,2013,3.07,3.151
Guatemala,GTM,2014,2.94,3.088
Guatemala,GTM,2015,2.83,3.029
Guatemala,GTM,2016,2.72,2.973
Guatemala,GTM,2017,2.63,2.857
Guatemala,GTM,2018,2.54,2.743
Guatemala,GTM,2019,2.45,2.593
Guatemala,GTM,2020,2.37,2.47
Guatemala,GTM,2021,2.28,2.388
Guatemala,GTM,2022,2.21,2.343
Guatemala,GTM,2023,2.14,2.311
Guernsey,GGY,1950,7.30375,2.328
Guernsey,GGY,1951,7.30375,2.259
Guernsey,GGY,1952,7.30375,2.184
Guernsey,GGY,1953,7.30375,2.126
Guernsey,GGY,1954,7.30375,2.088
Guernsey,GGY,1955,7.30375,2.076
Guernsey,GGY,1956,7.30375,2.088
Guernsey,GGY,1957,7.30375,2.121
Guernsey,GGY,1958,7.30375,2.147
Guernsey,GGY,1959,7.30375,2.187
Guernsey,GGY,1960,7.30375,2.236
Guernsey,GGY,1961,7.30375,2.273
Guernsey,GGY,1962,7.30375,2.374
Guernsey,GGY,1963,7.30375,2.474
Guernsey,GGY,1964,7.30375,2.475
Guernsey,GGY,1965,7.30375,2.348
Guernsey,GGY,1966,7.30375,2.225
Guernsey,GGY,1967,7.30375,2.146
Guernsey,GGY,1968,7.30375,2.134
Guernsey,GGY,1969,7.30375,2.164
Guernsey,GGY,1970,7.30375,2.105
Guernsey,GGY,1971,7.30375,2.018
Guernsey,GGY,1972,7.30375,1.942
Guernsey,GGY,1973,7.30375,1.818
Guernsey,GGY,1974,7.30375,1.734
Guernsey,GGY,1975,7.30375,1.652
Guernsey,GGY,1976,7.30375,1.6
Guernsey,GGY,1977,7.30375,1.566
Guernsey,GGY,1978,7.30375,1.566
Guernsey,GGY,1979,7.30375,1.593
Guernsey,GGY,1980,7.30375,1.595
Guernsey,GGY,1981,7.30375,1.571
Guernsey,GGY,1982,7.30375,1.495
Guernsey,GGY,1983,7.30375,1.619
Guernsey,GGY,1984,7.30375,1.472
Guernsey,GGY,1985,7.30375,1.551
Guernsey,GGY,1986,7.30375,1.593
Guernsey,GGY,1987,7.30375,1.575
Guernsey,GGY,1988,7.30375,1.54
Guernsey,GGY,1989,7.30375,1.551
Guernsey,GGY,1990,7.30375,1.605
Guernsey,GGY,1991,7.30375,1.56
Guernsey,GGY,1992,7.30375,1.481
Guernsey,GGY,1993,7.30375,1.436
Guernsey,GGY,1994,7.30375,1.419
Guernsey,GGY,1995,7.30375,1.336
Guernsey,GGY,1996,7.30375,1.409
Guernsey,GGY,1997,7.30375,1.473
Guernsey,GGY,1998,7.30375,1.476
Guernsey,GGY,1999,7.30375,1.499
Guernsey,GGY,2000,7.30375,1.468
Guernsey,GGY,2001,7.30375,1.454
Guernsey,GGY,2002,7.30375,1.45
Guernsey,GGY,2003,7.30375,1.456
Guernsey,GGY,2004,7.30375,1.467
Guernsey,GGY,2005,7.30375,1.491
Guernsey,GGY,2006,7.30375,1.513
Guernsey,GGY,2007,7.30375,1.534
Guernsey,GGY,2008,7.30375,1.548
Guernsey,GGY,2009,7.30375,1.55
Guernsey,GGY,2010,7.30375,1.559
Guernsey,GGY,2011,7.30375,1.564
Guernsey,GGY,2012,7.30375,1.557
Guernsey,GGY,2013,7.30375,1.542
Guernsey,GGY,2014,7.30375,1.51
Guernsey,GGY,2015,7.30375,1.473
Guernsey,GGY,2016,7.30375,1.435
Guernsey,GGY,2017,7.30375,1.383
Guernsey,GGY,2018,7.30375,1.339
Guernsey,GGY,2019,7.30375,1.323
Guernsey,GGY,2020,7.30375,1.33
Guernsey,GGY,2021,7.30375,1.362
Guernsey,GGY,2022,7.30375,1.367
Guernsey,GGY,2023,7.30375,1.362
Guinea,GIN,1937,34.79,5.971
Guinea,GIN,1938,34.92,5.971
Guinea,GIN,1939,34.96,5.971
Guinea,GIN,1940,35.04,5.971
Guinea,GIN,1941,35.12,5.971
Guinea,GIN,1942,35.22,5.971
Guinea,GIN,1943,35.34,5.971
Guinea,GIN,1944,35.42,5.971
Guinea,GIN,1945,35.51,5.971
Guinea,GIN,1946,35.59,5.971
Guinea,GIN,1947,35.68,5.971
Guinea,GIN,1948,35.74,5.971
Guinea,GIN,1949,35.79,5.971
Guinea,GIN,1950,35.82,5.971
Guinea,GIN,1951,35.86,5.978
Guinea,GIN,1952,35.91,5.993
Guinea,GIN,1953,35.89,6.007
Guinea,GIN,1954,35.84,6.022
Guinea,GIN,1955,35.79,6.037
Guinea,GIN,1956,35.68,6.052
Guinea,GIN,1957,35.55,6.067
Guinea,GIN,1958,35.35,6.082
Guinea,GIN,1959,35.15,6.097
Guinea,GIN,1960,34.95,6.112
Guinea,GIN,1961,34.72,6.126
Guinea,GIN,1962,34.43,6.14
Guinea,GIN,1963,34.18,6.153
Guinea,GIN,1964,33.93,6.166
Guinea,GIN,1965,33.64,6.178
Guinea,GIN,1966,33.36,6.19
Guinea,GIN,1967,33.09,6.202
Guinea,GIN,1968,32.78,6.214
Guinea,GIN,1969,32.48,6.228
Guinea,GIN,1970,32.2,6.243
Guinea,GIN,1971,31.91,6.262
Guinea,GIN,1972,31.59,6.283
Guinea,GIN,1973,31.27,6.308
Guinea,GIN,1974,30.92,6.336
Guinea,GIN,1975,30.55,6.367
Guinea,GIN,1976,30.12,6.4
Guinea,GIN,1977,29.66,6.434
Guinea,GIN,1978,29.18,6.44
Guinea,GIN,1979,28.67,6.45
Guinea,GIN,1980,28.15,6.459
Guinea,GIN,1981,27.65,6.459
Guinea,GIN,1982,27.18,6.487
Guinea,GIN,1983,26.71,6.487
Guinea,GIN,1984,26.23,6.512
Guinea,GIN,1985,25.76,6.527
Guinea,GIN,1986,25.29,6.548
Guinea,GIN,1987,24.84,6.571
Guinea,GIN,1988,24.37,6.561
Guinea,GIN,1989,23.86,6.548
Guinea,GIN,1990,23.31,6.515
Guinea,GIN,1991,22.71,6.484
Guinea,GIN,1992,22.07,6.453
Guinea,GIN,1993,21.39,6.409
Guinea,GIN,1994,20.7,6.358
Guinea,GIN,1995,20.0,6.288
Guinea,GIN,1996,19.3,6.205
Guinea,GIN,1997,18.61,6.123
Guinea,GIN,1998,17.92,6.051
Guinea,GIN,1999,17.23,5.985
Guinea,GIN,2000,16.54,5.918
Guinea,GIN,2001,15.86,5.834
Guinea,GIN,2002,15.22,5.781
Guinea,GIN,2003,14.64,5.744
Guinea,GIN,2004,14.12,5.733
Guinea,GIN,2005,13.66,5.727
Guinea,GIN,2006,13.27,5.704
Guinea,GIN,2007,12.94,5.664
Guinea,GIN,2008,12.66,5.596
Guinea,GIN,2009,12.41,5.528
Guinea,GIN,2010,12.2,5.435
Guinea,GIN,2011,12.01,5.337
Guinea,GIN,2012,11.84,5.232
Guinea,GIN,2013,11.67,5.151
Guinea,GIN,2014,11.56,5.07
Guinea,GIN,2015,11.41,5.002
Guinea,GIN,2016,11.17,4.915
Guinea,GIN,2017,10.99,4.793
Guinea,GIN,2018,10.8,4.669
Guinea,GIN,2019,10.57,4.576
Guinea,GIN,2020,10.32,4.489
Guinea,GIN,2021,10.05,4.399
Guinea,GIN,2022,9.78,4.303
Guinea,GIN,2023,9.5,4.217
Guinea-Bissau,GNB,1950,28.61,5.914
Guinea-Bissau,GNB,1951,28.62,5.909
Guinea-Bissau,GNB,1952,28.64,5.901
Guinea-Bissau,GNB,1953,28.66,5.895
Guinea-Bissau,GNB,1954,28.69,5.892
Guinea-Bissau,GNB,1955,28.72,5.892
Guinea-Bissau,GNB,1956,28.71,5.893
Guinea-Bissau,GNB,1957,28.71,5.898
Guinea-Bissau,GNB,1958,28.69,5.904
Guinea-Bissau,GNB,1959,28.67,5.912
Guinea-Bissau,GNB,1960,28.65,5.921
Guinea-Bissau,GNB,1961,28.61,5.931
Guinea-Bissau,GNB,1962,28.55,5.941
Guinea-Bissau,GNB,1963,28.48,5.951
Guinea-Bissau,GNB,1964,28.35,5.961
Guinea-Bissau,GNB,1965,28.27,5.971
Guinea-Bissau,GNB,1966,28.19,5.982
Guinea-Bissau,GNB,1967,28.1,5.994
Guinea-Bissau,GNB,1968,27.97,6.008
Guinea-Bissau,GNB,1969,27.84,6.024
Guinea-Bissau,GNB,1970,27.68,6.041
Guinea-Bissau,GNB,1971,27.51,6.06
Guinea-Bissau,GNB,1972,27.32,6.078
Guinea-Bissau,GNB,1973,27.15,6.098
Guinea-Bissau,GNB,1974,26.96,6.12
Guinea-Bissau,GNB,1975,26.76,6.15
Guinea-Bissau,GNB,1976,26.56,6.192
Guinea-Bissau,GNB,1977,26.35,6.249
Guinea-Bissau,GNB,1978,26.13,6.32
Guinea-Bissau,GNB,1979,25.86,6.401
Guinea-Bissau,GNB,1980,25.58,6.487
Guinea-Bissau,GNB,1981,25.31,6.569
Guinea-Bissau,GNB,1982,25.04,6.64
Guinea-Bissau,GNB,1983,24.75,6.694
Guinea-Bissau,GNB,1984,24.46,6.727
Guinea-Bissau,GNB,1985,24.41,6.739
Guinea-Bissau,GNB,1986,23.95,6.734
Guinea-Bissau,GNB,1987,23.49,6.717
Guinea-Bissau,GNB,1988,23.07,6.693
Guinea-Bissau,GNB,1989,22.66,6.663
Guinea-Bissau,GNB,1990,22.23,6.501
Guinea-Bissau,GNB,1991,21.79,6.474
Guinea-Bissau,GNB,1992,21.34,6.435
Guinea-Bissau,GNB,1993,20.86,6.369
Guinea-Bissau,GNB,1994,20.41,6.299
Guinea-Bissau,GNB,1995,19.93,6.223
Guinea-Bissau,GNB,1996,19.43,6.141
Guinea-Bissau,GNB,1997,18.92,6.06
Guinea-Bissau,GNB,1998,18.42,5.97
Guinea-Bissau,GNB,1999,17.9,5.871
Guinea-Bissau,GNB,2000,17.38,5.786
Guinea-Bissau,GNB,2001,16.84,5.688
Guinea-Bissau,GNB,2002,16.28,5.634
Guinea-Bissau,GNB,2003,15.7,5.577
Guinea-Bissau,GNB,2004,15.11,5.5
Guinea-Bissau,GNB,2005,14.49,5.46
Guinea-Bissau,GNB,2006,13.86,5.406
Guinea-Bissau,GNB,2007,13.22,5.365
Guinea-Bissau,GNB,2008,12.61,5.266
Guinea-Bissau,GNB,2009,12.0,5.176
Guinea-Bissau,GNB,2010,11.42,5.111
Guinea-Bissau,GNB,2011,10.87,5.067
Guinea-Bissau,GNB,2012,10.37,5.003
Guinea-Bissau,GNB,2013,9.93,4.93
Guinea-Bissau,GNB,2014,9.53,4.79
Guinea-Bissau,GNB,2015,9.18,4.661
Guinea-Bissau,GNB,2016,8.84,4.519
Guinea-Bissau,GNB,2017,8.53,4.347
Guinea-Bissau,GNB,2018,8.21,4.241
Guinea-Bissau,GNB,2019,7.91,4.153
Guinea-Bissau,GNB,2020,7.66,4.075
Guinea-Bissau,GNB,2021,7.41,3.998
Guinea-Bissau,GNB,2022,7.16,3.911
Guinea-Bissau,GNB,2023,6.93,3.836
Guyana,GUY,1903,33.34,5.834
Guyana,GUY,1904,32.69,5.834
Guyana,GUY,1905,30.41,5.834
Guyana,GUY,1906,32.69,5.834
Guyana,GUY,1907,41.57,5.834
Guyana,GUY,1908,32.2,5.834
Guyana,GUY,1909,33.99,5.834
Guyana,GUY,1910,38.19,5.834
Guyana,GUY,1911,37.22,5.834
Guyana,GUY,1912,30.9,5.834
Guyana,GUY,1913,29.1,5.834
Guyana,GUY,1914,27.62,5.834
Guyana,GUY,1915,29.91,5.834
Guyana,GUY,1916,30.9,5.834
Guyana,GUY,1917,32.36,5.834
Guyana,GUY,1918,36.25,5.834
Guyana,GUY,1919,30.08,5.834
Guyana,GUY,1920,23.88,5.834
Guyana,GUY,1921,31.71,5.834
Guyana,GUY,1922,30.24,5.834
Guyana,GUY,1923,28.77,5.834
Guyana,GUY,1924,26.85,5.834
Guyana,GUY,1925,25.15,5.834
Guyana,GUY,1926,25.85,5.834
Guyana,GUY,1927,25.67,5.834
Guyana,GUY,1928,30.08,5.834
Guyana,GUY,1929,23.52,5.834
Guyana,GUY,1930,23.52,5.834
Guyana,GUY,1931,22.22,5.834
Guyana,GUY,1932,22.22,5.834
Guyana,GUY,1933,24.97,5.834
Guyana,GUY,1934,27.32,5.834
Guyana,GUY,1935,19.03,5.834
Guyana,GUY,1936,18.66,5.834
Guyana,GUY,1937,18.84,5.834
Guyana,GUY,1938,27.0,5.834
Guyana,GUY,1939,18.66,5.834
Guyana,GUY,1940,15.66,5.834
Guyana,GUY,1941,12.06,5.834
Guyana,GUY,1942,14.38,5.834
Guyana,GUY,1943,22.59,5.834
Guyana,GUY,1944,21.66,5.834
Guyana,GUY,1945,15.11,5.834
Guyana,GUY,1946,12.59,5.834
Guyana,GUY,1947,12.24,5.834
Guyana,GUY,1948,12.16,5.834
Guyana,GUY,1949,15.99,5.834
Guyana,GUY,1950,15.26,5.834
Guyana,GUY,1951,14.57,5.916
Guyana,GUY,1952,13.9,5.993
Guyana,GUY,1953,13.23,6.073
Guyana,GUY,1954,12.56,6.149
Guyana,GUY,1955,11.91,6.218
Guyana,GUY,1956,11.29,6.267
Guyana,GUY,1957,10.69,6.311
Guyana,GUY,1958,10.14,6.308
Guyana,GUY,1959,9.64,6.314
Guyana,GUY,1960,9.19,6.331
Guyana,GUY,1961,8.81,6.339
Guyana,GUY,1962,8.49,6.333
Guyana,GUY,1963,8.21,6.307
Guyana,GUY,1964,7.99,6.232
Guyana,GUY,1965,7.8,6.135
Guyana,GUY,1966,7.66,6.021
Guyana,GUY,1967,7.56,5.888
Guyana,GUY,1968,7.48,5.751
Guyana,GUY,1969,7.43,5.581
Guyana,GUY,1970,7.39,5.411
Guyana,GUY,1971,7.37,5.257
Guyana,GUY,1972,7.35,5.077
Guyana,GUY,1973,7.33,4.866
Guyana,GUY,1974,7.31,4.638
Guyana,GUY,1975,7.27,4.45
Guyana,GUY,1976,7.24,4.28
Guyana,GUY,1977,7.19,4.116
Guyana,GUY,1978,7.14,3.967
Guyana,GUY,1979,7.08,3.86
Guyana,GUY,1980,7.02,3.77
Guyana,GUY,1981,6.96,3.719
Guyana,GUY,1982,6.89,3.678
Guyana,GUY,1983,6.82,3.637
Guyana,GUY,1984,6.74,3.541
Guyana,GUY,1985,6.66,3.47
Guyana,GUY,1986,6.57,3.381
Guyana,GUY,1987,6.47,3.305
Guyana,GUY,1988,6.35,3.228
Guyana,GUY,1989,6.22,3.186
Guyana,GUY,1990,6.08,3.181
Guyana,GUY,1991,5.92,3.183
Guyana,GUY,1992,5.77,3.188
Guyana,GUY,1993,5.6,3.199
Guyana,GUY,1994,5.45,3.226
Guyana,GUY,1995,5.3,3.238
Guyana,GUY,1996,5.16,3.23
Guyana,GUY,1997,5.02,3.221
Guyana,GUY,1998,4.89,3.182
Guyana,GUY,1999,4.77,3.125
Guyana,GUY,2000,4.65,3.057
Guyana,GUY,2001,4.53,2.958
Guyana,GUY,2002,4.42,2.844
Guyana,GUY,2003,4.32,2.75
Guyana,GUY,2004,4.23,2.681
Guyana,GUY,2005,4.14,2.648
Guyana,GUY,2006,4.05,2.659
Guyana,GUY,2007,3.97,2.681
Guyana,GUY,2008,3.89,2.697
Guyana,GUY,2009,3.81,2.694
Guyana,GUY,2010,3.73,2.684
Guyana,GUY,2011,3.65,2.694
Guyana,GUY,2012,3.58,2.701
Guyana,GUY,2013,3.49,2.711
Guyana,GUY,2014,3.4,2.695
Guyana,GUY,2015,3.31,2.667
Guyana,GUY,2016,3.21,2.634
Guyana,GUY,2017,3.11,2.593
Guyana,GUY,2018,3.02,2.553
Guyana,GUY,2019,2.93,2.521
Guyana,GUY,2020,2.84,2.491
Guyana,GUY,2021,2.75,2.462
Guyana,GUY,2022,2.66,2.437
Guyana,GUY,2023,2.57,2.412
Haiti,HTI,1950,31.29,6.251
Haiti,HTI,1951,31.29,6.241
Haiti,HTI,1952,31.29,6.241
Haiti,HTI,1953,31.29,6.233
Haiti,HTI,1954,31.29,6.223
Haiti,HTI,1955,31.29,6.23
Haiti,HTI,1956,31.29,6.232
Haiti,HTI,1957,30.76,6.199
Haiti,HTI,1958,30.22,6.196
Haiti,HTI,1959,29.71,6.198
Haiti,HTI,1960,29.23,6.178
Haiti,HTI,1961,28.77,6.179
Haiti,HTI,1962,28.33,6.175
Haiti,HTI,1963,27.87,6.173
Haiti,HTI,1964,27.42,6.164
Haiti,HTI,1965,26.96,6.129
Haiti,HTI,1966,26.48,6.093
Haiti,HTI,1967,25.99,6.051
Haiti,HTI,1968,25.49,6.009
Haiti,HTI,1969,24.97,5.957
Haiti,HTI,1970,24.45,5.911
Haiti,HTI,1971,23.91,5.877
Haiti,HTI,1972,23.37,5.849
Haiti,HTI,1973,22.83,5.811
Haiti,HTI,1974,22.29,5.781
Haiti,HTI,1975,21.73,5.748
Haiti,HTI,1976,21.18,5.71
Haiti,HTI,1977,20.63,5.674
Haiti,HTI,1978,20.1,5.642
Haiti,HTI,1979,19.58,5.594
Haiti,HTI,1980,19.07,5.557
Haiti,HTI,1981,18.57,5.533
Haiti,HTI,1982,18.07,5.526
Haiti,HTI,1983,17.58,5.513
Haiti,HTI,1984,17.11,5.505
Haiti,HTI,1985,16.64,5.495
Haiti,HTI,1986,16.18,5.479
Haiti,HTI,1987,15.75,5.471
Haiti,HTI,1988,15.32,5.472
Haiti,HTI,1989,14.91,5.444
Haiti,HTI,1990,14.49,5.414
Haiti,HTI,1991,14.08,5.317
Haiti,HTI,1992,13.66,5.208
Haiti,HTI,1993,13.24,5.099
Haiti,HTI,1994,12.8,4.991
Haiti,HTI,1995,12.37,4.884
Haiti,HTI,1996,11.95,4.777
Haiti,HTI,1997,11.53,4.669
Haiti,HTI,1998,11.12,4.561
Haiti,HTI,1999,10.72,4.452
Haiti,HTI,2000,10.35,4.39
Haiti,HTI,2001,10.0,4.248
Haiti,HTI,2002,9.68,4.125
Haiti,HTI,2003,9.4,4.047
Haiti,HTI,2004,9.14,3.943
Haiti,HTI,2005,8.91,3.835
Haiti,HTI,2006,8.69,3.761
Haiti,HTI,2007,8.49,3.687
Haiti,HTI,2008,8.29,3.621
Haiti,HTI,2009,8.11,3.565
Haiti,HTI,2010,13.67,3.497
Haiti,HTI,2011,7.74,3.431
Haiti,HTI,2012,7.56,3.321
Haiti,HTI,2013,7.38,3.221
Haiti,HTI,2014,7.19,3.164
Haiti,HTI,2015,6.99,3.11
Haiti,HTI,2016,6.79,3.054
Haiti,HTI,2017,6.61,2.985
Haiti,HTI,2018,6.42,2.924
Haiti,HTI,2019,6.23,2.862
Haiti,HTI,2020,6.04,2.804
Haiti,HTI,2021,5.85,2.748
Haiti,HTI,2022,5.69,2.699
Haiti,HTI,2023,5.51,2.656
High-income countries,OWID_HIC,1950,2.06,3.038
High-income countries,OWID_HIC,1951,2.06,2.99
High-income countries,OWID_HIC,1952,2.06,2.978
High-income countries,OWID_HIC,1953,2.06,2.954
High-income countries,OWID_HIC,1954,2.06,2.963
High-income countries,OWID_HIC,1955,2.06,2.97
High-income countries,OWID_HIC,1956,2.06,2.983
High-income countries,OWID_HIC,1957,2.06,2.995
High-income countries,OWID_HIC,1958,2.06,3.011
High-income countries,OWID_HIC,1959,2.06,3.015
High-income countries,OWID_HIC,1960,2.06,3.001
High-income countries,OWID_HIC,1961,2.06,2.995
High-income countries,OWID_HIC,1962,2.06,2.948
High-income countries,OWID_HIC,1963,2.06,2.934
High-income countries,OWID_HIC,1964,2.06,2.913
High-income countries,OWID_HIC,1965,2.06,2.831
High-income countries,OWID_HIC,1966,2.06,2.678
High-income countries,OWID_HIC,1967,2.06,2.712
High-income countries,OWID_HIC,1968,2.06,2.628
High-income countries,OWID_HIC,1969,2.06,2.577
High-income countries,OWID_HIC,1970,2.06,2.536
High-income countries,OWID_HIC,1971,2.06,2.471
High-income countries,OWID_HIC,1972,2.06,2.348
High-income countries,OWID_HIC,1973,2.06,2.26
High-income countries,OWID_HIC,1974,2.06,2.208
High-income countries,OWID_HIC,1975,2.06,2.12
High-income countries,OWID_HIC,1976,2.06,2.069
High-income countries,OWID_HIC,1977,2.06,2.037
High-income countries,OWID_HIC,1978,2.06,1.999
High-income countries,OWID_HIC,1979,2.06,1.998
High-income countries,OWID_HIC,1980,2.06,1.987
High-income countries,OWID_HIC,1981,1.98,1.95
High-income countries,OWID_HIC,1982,1.9,1.925
High-income countries,OWID_HIC,1983,1.83,1.875
High-income countries,OWID_HIC,1984,1.76,1.848
High-income countries,OWID_HIC,1985,1.7,1.831
High-income countries,OWID_HIC,1986,1.64,1.808
High-income countries,OWID_HIC,1987,1.59,1.802
High-income countries,OWID_HIC,1988,1.52,1.817
High-income countries,OWID_HIC,1989,1.45,1.811
High-income countries,OWID_HIC,1990,1.38,1.821
High-income countries,OWID_HIC,1991,1.32,1.798
High-income countries,OWID_HIC,1992,1.26,1.775
High-income countries,OWID_HIC,1993,1.21,1.738
High-income countries,OWID_HIC,1994,1.16,1.718
High-income countries,OWID_HIC,1995,1.11,1.691
High-income countries,OWID_HIC,1996,1.07,1.687
High-income countries,OWID_HIC,1997,1.02,1.678
High-income countries,OWID_HIC,1998,0.99,1.67
High-income countries,OWID_HIC,1999,0.95,1.669
High-income countries,OWID_HIC,2000,0.91,1.688
High-income countries,OWID_HIC,2001,0.89,1.662
High-income countries,OWID_HIC,2002,0.86,1.648
High-income countries,OWID_HIC,2003,0.83,1.654
High-income countries,OWID_HIC,2004,0.81,1.664
High-income countries,OWID_HIC,2005,0.78,1.667
High-income countries,OWID_HIC,2006,0.75,1.703
High-income countries,OWID_HIC,2007,0.73,1.729
High-income countries,OWID_HIC,2008,0.7,1.741
High-income countries,OWID_HIC,2009,0.68,1.72
High-income countries,OWID_HIC,2010,0.66,1.706
High-income countries,OWID_HIC,2011,0.65,1.689
High-income countries,OWID_HIC,2012,0.63,1.692
High-income countries,OWID_HIC,2013,0.62,1.667
High-income countries,OWID_HIC,2014,0.6,1.678
High-income countries,OWID_HIC,2015,0.58,1.675
High-income countries,OWID_HIC,2016,0.57,1.669
High-income countries,OWID_HIC,2017,0.55,1.636
High-income countries,OWID_HIC,2018,0.53,1.603
High-income countries,OWID_HIC,2019,0.52,1.564
High-income countries,OWID_HIC,2020,0.51,1.513
High-income countries,OWID_HIC,2021,0.5,1.516
High-income countries,OWID_HIC,2022,0.5,1.495
High-income countries,OWID_HIC,2023,0.5,1.467
Honduras,HND,1950,23.59,7.469
Honduras,HND,1951,23.59,7.479
Honduras,HND,1952,23.59,7.496
Honduras,HND,1953,23.59,7.507
Honduras,HND,1954,23.59,7.512
Honduras,HND,1955,23.59,7.513
Honduras,HND,1956,23.59,7.508
Honduras,HND,1957,22.84,7.498
Honduras,HND,1958,22.09,7.485
Honduras,HND,1959,21.37,7.471
Honduras,HND,1960,20.69,7.458
Honduras,HND,1961,20.02,7.448
Honduras,HND,1962,19.37,7.443
Honduras,HND,1963,18.74,7.441
Honduras,HND,1964,18.12,7.443
Honduras,HND,1965,17.51,7.442
Honduras,HND,1966,16.91,7.41
Honduras,HND,1967,16.31,7.359
Honduras,HND,1968,15.74,7.295
Honduras,HND,1969,15.16,7.228
Honduras,HND,1970,14.59,7.172
Honduras,HND,1971,14.04,7.113
Honduras,HND,1972,13.49,7.058
Honduras,HND,1973,12.94,6.985
Honduras,HND,1974,14.91,6.913
Honduras,HND,1975,11.9,6.866
Honduras,HND,1976,11.39,6.814
Honduras,HND,1977,10.89,6.732
Honduras,HND,1978,10.41,6.634
Honduras,HND,1979,9.94,6.531
Honduras,HND,1980,9.48,6.418
Honduras,HND,1981,9.05,6.301
Honduras,HND,1982,8.62,6.179
Honduras,HND,1983,8.2,6.059
Honduras,HND,1984,7.81,5.935
Honduras,HND,1985,7.43,5.816
Honduras,HND,1986,7.07,5.7
Honduras,HND,1987,6.73,5.581
Honduras,HND,1988,6.4,5.468
Honduras,HND,1989,6.1,5.354
Honduras,HND,1990,5.81,5.271
Honduras,HND,1991,5.54,5.191
Honduras,HND,1992,5.29,5.113
Honduras,HND,1993,5.06,5.028
Honduras,HND,1994,4.84,4.935
Honduras,HND,1995,4.64,4.835
Honduras,HND,1996,4.44,4.713
Honduras,HND,1997,4.25,4.59
Honduras,HND,1998,6.49,4.473
Honduras,HND,1999,3.9,4.366
Honduras,HND,2000,3.73,4.289
Honduras,HND,2001,3.57,4.153
Honduras,HND,2002,3.41,4.0
Honduras,HND,2003,3.26,3.844
Honduras,HND,2004,3.11,3.71
Honduras,HND,2005,2.98,3.577
Honduras,HND,2006,2.86,3.449
Honduras,HND,2007,2.75,3.351
Honduras,HND,2008,2.65,3.26
Honduras,HND,2009,2.55,3.173
Honduras,HND,2010,2.46,3.078
Honduras,HND,2011,2.37,2.998
Honduras,HND,2012,2.28,2.927
Honduras,HND,2013,2.2,2.855
Honduras,HND,2014,2.12,2.793
Honduras,HND,2015,2.05,2.746
Honduras,HND,2016,1.98,2.704
Honduras,HND,2017,1.91,2.663
Honduras,HND,2018,1.84,2.645
Honduras,HND,2019,1.78,2.611
Honduras,HND,2020,1.72,2.577
Honduras,HND,2021,1.66,2.548
Honduras,HND,2022,1.6,2.522
Honduras,HND,2023,1.55,2.5
Hong Kong,HKG,1950,7.30375,4.255
Hong Kong,HKG,1951,7.30375,4.349
Hong Kong,HKG,1952,7.30375,4.389
Hong Kong,HKG,1953,7.30375,4.427
Hong Kong,HKG,1954,7.30375,4.461
Hong Kong,HKG,1955,7.30375,4.55
Hong Kong,HKG,1956,7.30375,4.64
Hong Kong,HKG,1957,7.30375,4.763
Hong Kong,HKG,1958,7.30375,4.88
Hong Kong,HKG,1959,7.30375,4.998
Hong Kong,HKG,1960,7.30375,5.085
Hong Kong,HKG,1961,7.30375,5.169
Hong Kong,HKG,1962,7.30375,5.177
Hong Kong,HKG,1963,7.30375,5.152
Hong Kong,HKG,1964,7.30375,5.085
Hong Kong,HKG,1965,7.30375,4.923
Hong Kong,HKG,1966,7.30375,4.464
Hong Kong,HKG,1967,7.30375,4.123
Hong Kong,HKG,1968,7.30375,3.783
Hong Kong,HKG,1969,7.30375,3.599
Hong Kong,HKG,1970,7.30375,3.386
Hong Kong,HKG,1971,7.30375,3.4
Hong Kong,HKG,1972,7.30375,3.254
Hong Kong,HKG,1973,7.30375,3.135
Hong Kong,HKG,1974,7.30375,2.954
Hong Kong,HKG,1975,7.30375,2.627
Hong Kong,HKG,1976,7.30375,2.421
Hong Kong,HKG,1977,7.30375,2.308
Hong Kong,HKG,1978,7.30375,2.205
Hong Kong,HKG,1979,7.30375,2.117
Hong Kong,HKG,1980,7.30375,2.061
Hong Kong,HKG,1981,7.30375,1.953
Hong Kong,HKG,1982,7.30375,1.872
Hong Kong,HKG,1983,7.30375,1.745
Hong Kong,HKG,1984,7.30375,1.585
Hong Kong,HKG,1985,7.30375,1.504
Hong Kong,HKG,1986,7.30375,1.391
Hong Kong,HKG,1987,7.30375,1.339
Hong Kong,HKG,1988,7.30375,1.403
Hong Kong,HKG,1989,7.30375,1.316
Hong Kong,HKG,1990,7.30375,1.283
Hong Kong,HKG,1991,7.30375,1.299
Hong Kong,HKG,1992,7.30375,1.359
Hong Kong,HKG,1993,7.30375,1.359
Hong Kong,HKG,1994,7.30375,1.368
Hong Kong,HKG,1995,7.30375,1.304
Hong Kong,HKG,1996,7.30375,1.203
Hong Kong,HKG,1997,7.30375,1.123
Hong Kong,HKG,1998,7.30375,1.025
Hong Kong,HKG,1999,7.30375,0.994
Hong Kong,HKG,2000,7.30375,1.027
Hong Kong,HKG,2001,7.30375,0.941
Hong Kong,HKG,2002,7.30375,0.932
Hong Kong,HKG,2003,7.30375,0.904
Hong Kong,HKG,2004,7.30375,0.921
Hong Kong,HKG,2005,7.30375,0.957
Hong Kong,HKG,2006,7.30375,0.987
Hong Kong,HKG,2007,7.30375,1.03
Hong Kong,HKG,2008,7.30375,1.054
Hong Kong,HKG,2009,7.30375,1.05
Hong Kong,HKG,2010,7.30375,1.12
Hong Kong,HKG,2011,7.30375,1.136
Hong Kong,HKG,2012,7.30375,1.207
Hong Kong,HKG,2013,7.30375,1.265
Hong Kong,HKG,2014,7.30375,1.201
Hong Kong,HKG,2015,7.30375,1.227
Hong Kong,HKG,2016,7.30375,1.205
Hong Kong,HKG,2017,7.30375,1.136
Hong Kong,HKG,2018,7.30375,1.086
Hong Kong,HKG,2019,7.30375,1.055
Hong Kong,HKG,2020,7.30375,0.892
Hong Kong,HKG,2021,7.30375,0.778
Hong Kong,HKG,2022,7.30375,0.708
Hong Kong,HKG,2023,7.30375,0.717
Hungary,HUN,1852,37.22,2.615
Hungary,HUN,1853,42.71,2.615
Hungary,HUN,1854,42.87,2.615
Hungary,HUN,1855,43.52,2.615
Hungary,HUN,1856,39.8,2.615
Hungary,HUN,1857,41.41,2.615
Hungary,HUN,1858,39.97,2.615
Hungary,HUN,1859,40.45,2.615
Hungary,HUN,1864,41.57,2.615
Hungary,HUN,1865,36.41,2.615
Hungary,HUN,1891,42.06,2.615
Hungary,HUN,1892,44.66,2.615
Hungary,HUN,1893,39.0,2.615
Hungary,HUN,1894,40.13,2.615
Hungary,HUN,1895,39.32,2.615
Hungary,HUN,1896,36.73,2.615
Hungary,HUN,1897,36.25,2.615
Hungary,HUN,1898,36.73,2.615
Hungary,HUN,1899,33.99,2.615
Hungary,HUN,1900,36.25,2.615
Hungary,HUN,1901,33.66,2.615
Hungary,HUN,1902,35.6,2.615
Hungary,HUN,1903,33.18,2.615
Hungary,HUN,1904,32.04,2.615
Hungary,HUN,1905,37.7,2.615
Hungary,HUN,1906,33.66,2.615
Hungary,HUN,1907,34.47,2.615
Hungary,HUN,1908,32.69,2.615
Hungary,HUN,1909,34.8,2.615
Hungary,HUN,1910,31.71,2.615
Hungary,HUN,1911,33.83,2.615
Hungary,HUN,1912,46.45,2.615
Hungary,HUN,1913,32.69,2.615
Hungary,HUN,1914,32.04,2.615
Hungary,HUN,1915,42.87,2.615
Hungary,HUN,1916,35.6,2.615
Hungary,HUN,1917,35.12,2.615
Hungary,HUN,1918,35.28,2.615
Hungary,HUN,1919,26.68,2.615
Hungary,HUN,1920,31.88,2.615
Hungary,HUN,1921,31.39,2.615
Hungary,HUN,1922,32.2,2.615
Hungary,HUN,1923,29.91,2.615
Hungary,HUN,1924,31.39,2.615
Hungary,HUN,1925,27.32,2.615
Hungary,HUN,1926,27.16,2.615
Hungary,HUN,1927,30.08,2.615
Hungary,HUN,1928,28.77,2.615
Hungary,HUN,1929,29.1,2.615
Hungary,HUN,1930,24.79,2.615
Hungary,HUN,1931,26.35,2.615
Hungary,HUN,1932,29.91,2.615
Hungary,HUN,1933,21.66,2.615
Hungary,HUN,1934,23.88,2.615
Hungary,HUN,1935,24.61,2.615
Hungary,HUN,1936,22.22,2.615
Hungary,HUN,1937,21.1,2.615
Hungary,HUN,1938,20.72,2.615
Hungary,HUN,1939,18.84,2.615
Hungary,HUN,1940,20.53,2.615
Hungary,HUN,1941,17.91,2.615
Hungary,HUN,1942,21.1,2.615
Hungary,HUN,1943,17.91,2.615
Hungary,HUN,1945,27.47,2.615
Hungary,HUN,1946,18.09,2.615
Hungary,HUN,1947,15.48,2.615
Hungary,HUN,1948,13.84,2.615
Hungary,HUN,1949,11.08,2.615
Hungary,HUN,1950,10.02,2.615
Hungary,HUN,1951,9.06,2.544
Hungary,HUN,1952,8.24,2.484
Hungary,HUN,1953,7.56,2.75
Hungary,HUN,1954,7.06,2.964
Hungary,HUN,1955,6.76,2.817
Hungary,HUN,1956,6.56,2.607
Hungary,HUN,1957,6.34,2.296
Hungary,HUN,1958,6.04,2.176
Hungary,HUN,1959,5.71,2.079
Hungary,HUN,1960,5.41,2.021
Hungary,HUN,1961,5.16,1.937
Hungary,HUN,1962,4.94,1.801
Hungary,HUN,1963,4.75,1.82
Hungary,HUN,1964,4.59,1.814
Hungary,HUN,1965,4.45,1.82
Hungary,HUN,1966,4.32,1.89
Hungary,HUN,1967,4.2,2.013
Hungary,HUN,1968,4.08,2.067
Hungary,HUN,1969,3.98,2.041
Hungary,HUN,1970,3.89,1.98
Hungary,HUN,1971,3.83,1.931
Hungary,HUN,1972,3.82,1.931
Hungary,HUN,1973,3.83,1.952
Hungary,HUN,1974,3.77,2.284
Hungary,HUN,1975,3.55,2.363
Hungary,HUN,1976,3.23,2.251
Hungary,HUN,1977,2.93,2.164
Hungary,HUN,1978,2.7,2.077
Hungary,HUN,1979,2.52,2.018
Hungary,HUN,1980,2.37,1.92
Hungary,HUN,1981,2.26,1.877
Hungary,HUN,1982,2.2,1.796
Hungary,HUN,1983,2.2,1.745
Hungary,HUN,1984,2.2,1.757
Hungary,HUN,1985,2.15,1.847
Hungary,HUN,1986,2.07,1.846
Hungary,HUN,1987,1.97,1.829
Hungary,HUN,1988,1.87,1.816
Hungary,HUN,1989,1.78,1.819
Hungary,HUN,1990,1.72,1.857
Hungary,HUN,1991,1.65,1.863
Hungary,HUN,1992,1.57,1.77
Hungary,HUN,1993,1.45,1.686
Hungary,HUN,1994,1.34,1.64
Hungary,HUN,1995,1.25,1.568
Hungary,HUN,1996,1.19,1.458
Hungary,HUN,1997,1.15,1.377
Hungary,HUN,1998,1.11,1.326
Hungary,HUN,1999,1.06,1.29
Hungary,HUN,2000,1.01,1.32
Hungary,HUN,2001,0.95,1.312
Hungary,HUN,2002,0.9,1.303
Hungary,HUN,2003,0.84,1.275
Hungary,HUN,2004,0.8,1.281
Hungary,HUN,2005,0.75,1.312
Hungary,HUN,2006,0.72,1.341
Hungary,HUN,2007,0.68,1.322
Hungary,HUN,2008,0.65,1.346
Hungary,HUN,2009,0.62,1.321
Hungary,HUN,2010,0.6,1.257
Hungary,HUN,2011,0.59,1.25
Hungary,HUN,2012,0.57,1.334
Hungary,HUN,2013,0.56,1.35
Hungary,HUN,2014,0.53,1.424
Hungary,HUN,2015,0.51,1.446
Hungary,HUN,2016,0.47,1.514
Hungary,HUN,2017,0.45,1.524
Hungary,HUN,2018,0.43,1.522
Hungary,HUN,2019,0.41,1.531
Hungary,HUN,2020,0.4,1.576
Hungary,HUN,2021,0.4,1.605
Hungary,HUN,2022,0.39,1.55
Hungary,HUN,2023,0.38,1.486
Iceland,ISL,1838,38.32,3.854
Iceland,ISL,1839,43.86,3.854
Iceland,ISL,1840,41.45,3.854
Iceland,ISL,1841,32.38,3.854
Iceland,ISL,1842,27.0,3.854
Iceland,ISL,1843,42.11,3.854
Iceland,ISL,1844,25.77,3.854
Iceland,ISL,1845,27.93,3.854
Iceland,ISL,1846,60.83,3.854
Iceland,ISL,1847,41.6,3.854
Iceland,ISL,1848,30.35,3.854
Iceland,ISL,1849,39.24,3.854
Iceland,ISL,1850,40.5,3.854
Iceland,ISL,1851,43.92,3.854
Iceland,ISL,1852,27.94,3.854
Iceland,ISL,1853,22.77,3.854
Iceland,ISL,1854,26.4,3.854
Iceland,ISL,1855,28.95,3.854
Iceland,ISL,1856,28.98,3.854
Iceland,ISL,1857,32.47,3.854
Iceland,ISL,1858,35.06,3.854
Iceland,ISL,1859,38.84,3.854
Iceland,ISL,1860,53.04,3.854
Iceland,ISL,1861,43.83,3.854
Iceland,ISL,1862,42.07,3.854
Iceland,ISL,1863,29.2,3.854
Iceland,ISL,1864,32.67,3.854
Iceland,ISL,1865,32.99,3.854
Iceland,ISL,1866,38.36,3.854
Iceland,ISL,1867,33.03,3.854
Iceland,ISL,1868,34.13,3.854
Iceland,ISL,1869,42.7,3.854
Iceland,ISL,1870,28.76,3.854
Iceland,ISL,1871,34.07,3.854
Iceland,ISL,1872,49.05,3.854
Iceland,ISL,1873,29.05,3.854
Iceland,ISL,1874,29.9,3.854
Iceland,ISL,1875,33.98,3.854
Iceland,ISL,1876,30.24,3.854
Iceland,ISL,1877,24.41,3.854
Iceland,ISL,1878,27.74,3.854
Iceland,ISL,1879,23.03,3.854
Iceland,ISL,1880,26.86,3.854
Iceland,ISL,1881,36.47,3.854
Iceland,ISL,1882,58.75,3.854
Iceland,ISL,1883,40.54,3.854
Iceland,ISL,1884,24.83,3.854
Iceland,ISL,1885,22.86,3.854
Iceland,ISL,1886,21.76,3.854
Iceland,ISL,1887,23.89,3.854
Iceland,ISL,1888,18.27,3.854
Iceland,ISL,1889,13.03,3.854
Iceland,ISL,1890,34.07,3.854
Iceland,ISL,1891,21.68,3.854
Iceland,ISL,1892,13.54,3.854
Iceland,ISL,1893,11.84,3.854
Iceland,ISL,1894,16.13,3.854
Iceland,ISL,1895,16.79,3.854
Iceland,ISL,1896,15.08,3.854
Iceland,ISL,1897,18.31,3.854
Iceland,ISL,1898,21.24,3.854
Iceland,ISL,1899,13.66,3.854
Iceland,ISL,1900,16.82,3.854
Iceland,ISL,1901,12.11,3.854
Iceland,ISL,1902,18.47,3.854
Iceland,ISL,1903,20.8,3.854
Iceland,ISL,1904,12.58,3.854
Iceland,ISL,1905,14.8,3.854
Iceland,ISL,1906,11.37,3.854
Iceland,ISL,1907,16.42,3.854
Iceland,ISL,1908,22.85,3.854
Iceland,ISL,1909,17.41,3.854
Iceland,ISL,1910,14.16,3.854
Iceland,ISL,1911,11.77,3.854
Iceland,ISL,1912,9.48,3.854
Iceland,ISL,1913,8.58,3.854
Iceland,ISL,1914,14.21,3.854
Iceland,ISL,1915,10.01,3.854
Iceland,ISL,1916,12.4,3.854
Iceland,ISL,1917,8.17,3.854
Iceland,ISL,1918,7.9,3.854
Iceland,ISL,1919,9.15,3.854
Iceland,ISL,1920,13.54,3.854
Iceland,ISL,1921,9.31,3.854
Iceland,ISL,1922,8.77,3.854
Iceland,ISL,1923,8.06,3.854
Iceland,ISL,1924,9.91,3.854
Iceland,ISL,1925,6.73,3.854
Iceland,ISL,1926,6.69,3.854
Iceland,ISL,1927,11.67,3.854
Iceland,ISL,1928,6.2,3.854
Iceland,ISL,1929,6.33,3.854
Iceland,ISL,1930,6.39,3.854
Iceland,ISL,1931,6.95,3.854
Iceland,ISL,1932,6.02,3.854
Iceland,ISL,1933,5.47,3.854
Iceland,ISL,1934,7.02,3.854
Iceland,ISL,1935,9.9,3.854
Iceland,ISL,1936,6.77,3.854
Iceland,ISL,1937,4.55,3.854
Iceland,ISL,1938,4.09,3.854
Iceland,ISL,1939,4.92,3.854
Iceland,ISL,1940,5.02,3.854
Iceland,ISL,1941,4.82,3.854
Iceland,ISL,1942,6.76,3.854
Iceland,ISL,1943,4.28,3.854
Iceland,ISL,1944,4.96,3.854
Iceland,ISL,1945,4.46,3.854
Iceland,ISL,1946,3.91,3.854
Iceland,ISL,1947,3.22,3.854
Iceland,ISL,1948,3.4,3.854
Iceland,ISL,1949,3.22,3.854
Iceland,ISL,1950,3.06,3.854
Iceland,ISL,1951,2.91,3.721
Iceland,ISL,1952,2.77,3.788
Iceland,ISL,1953,2.65,3.933
Iceland,ISL,1954,2.53,3.913
Iceland,ISL,1955,2.44,4.036
Iceland,ISL,1956,2.36,4.111
Iceland,ISL,1957,2.29,4.173
Iceland,ISL,1958,2.23,4.072
Iceland,ISL,1959,2.18,4.213
Iceland,ISL,1960,2.14,4.259
Iceland,ISL,1961,2.11,3.913
Iceland,ISL,1962,2.07,3.979
Iceland,ISL,1963,2.02,3.984
Iceland,ISL,1964,1.97,3.87
Iceland,ISL,1965,1.92,3.72
Iceland,ISL,1966,1.85,3.578
Iceland,ISL,1967,1.79,3.282
Iceland,ISL,1968,1.72,3.063
Iceland,ISL,1969,1.66,2.984
Iceland,ISL,1970,1.6,2.815
Iceland,ISL,1971,1.54,2.917
Iceland,ISL,1972,1.48,3.085
Iceland,ISL,1973,1.41,2.941
Iceland,ISL,1974,1.35,2.661
Iceland,ISL,1975,1.29,2.64
Iceland,ISL,1976,1.22,2.522
Iceland,ISL,1977,1.15,2.32
Iceland,ISL,1978,1.09,2.352
Iceland,ISL,1979,1.03,2.487
Iceland,ISL,1980,0.97,2.478
Iceland,ISL,1981,0.92,2.337
Iceland,ISL,1982,0.87,2.272
Iceland,ISL,1983,0.83,2.246
Iceland,ISL,1984,0.79,2.083
Iceland,ISL,1985,0.75,1.942
Iceland,ISL,1986,0.73,1.935
Iceland,ISL,1987,0.7,2.069
Iceland,ISL,1988,0.67,2.258
Iceland,ISL,1989,0.65,2.208
Iceland,ISL,1990,0.63,2.302
Iceland,ISL,1991,0.61,2.196
Iceland,ISL,1992,0.58,2.214
Iceland,ISL,1993,0.56,2.221
Iceland,ISL,1994,0.54,2.144
Iceland,ISL,1995,0.52,2.083
Iceland,ISL,1996,0.49,2.111
Iceland,ISL,1997,0.47,2.04
Iceland,ISL,1998,0.45,2.043
Iceland,ISL,1999,0.42,1.997
Iceland,ISL,2000,0.4,2.071
Iceland,ISL,2001,0.38,1.955
Iceland,ISL,2002,0.36,1.936
Iceland,ISL,2003,0.34,1.991
Iceland,ISL,2004,0.33,2.037
Iceland,ISL,2005,0.31,2.046
Iceland,ISL,2006,0.3,2.075
Iceland,ISL,2007,0.29,2.089
Iceland,ISL,2008,0.28,2.156
Iceland,ISL,2009,0.27,2.227
Iceland,ISL,2010,0.27,2.192
Iceland,ISL,2011,0.27,2.023
Iceland,ISL,2012,0.26,2.034
Iceland,ISL,2013,0.26,1.938
Iceland,ISL,2014,0.26,1.928
Iceland,ISL,2015,0.26,1.809
Iceland,ISL,2016,0.26,1.744
Iceland,ISL,2017,0.26,1.711
Iceland,ISL,2018,0.27,1.71
Iceland,ISL,2019,0.27,1.744
Iceland,ISL,2020,0.27,1.718
Iceland,ISL,2021,0.27,1.818
Iceland,ISL,2022,0.26,1.589
Iceland,ISL,2023,0.26,1.54
India,IND,1911,33.34,5.732
India,IND,1912,33.83,5.732
India,IND,1913,31.71,5.732
India,IND,1914,34.47,5.732
India,IND,1915,32.85,5.732
India,IND,1916,32.85,5.732
India,IND,1917,33.34,5.732
India,IND,1918,43.36,5.732
India,IND,1919,36.41,5.732
India,IND,1920,31.71,5.732
India,IND,1921,32.2,5.732
India,IND,1922,28.44,5.732
India,IND,1923,28.6,5.732
India,IND,1924,30.73,5.732
India,IND,1925,28.27,5.732
India,IND,1926,30.73,5.732
India,IND,1927,27.16,5.732
India,IND,1928,28.11,5.732
India,IND,1929,28.93,5.732
India,IND,1930,29.42,5.732
India,IND,1931,29.1,5.732
India,IND,1932,27.47,5.732
India,IND,1933,27.78,5.732
India,IND,1934,30.41,5.732
India,IND,1935,26.68,5.732
India,IND,1936,26.35,5.732
India,IND,1937,26.35,5.732
India,IND,1938,27.16,5.732
India,IND,1939,25.32,5.732
India,IND,1940,26.02,5.732
India,IND,1941,25.67,5.732
India,IND,1942,26.52,5.732
India,IND,1943,26.85,5.732
India,IND,1944,27.47,5.732
India,IND,1945,24.43,5.732
India,IND,1950,26.68,5.732
India,IND,1951,26.753333333333334,5.772
India,IND,1952,26.826666666666664,5.821
India,IND,1953,26.9,5.865
India,IND,1954,26.45,5.906
India,IND,1955,26.04,5.911
India,IND,1956,25.61,5.913
India,IND,1957,25.22,5.913
India,IND,1958,24.83,5.903
India,IND,1959,24.46,5.892
India,IND,1960,24.11,5.921
India,IND,1961,23.79,5.937
India,IND,1962,23.48,5.953
India,IND,1963,23.2,5.969
India,IND,1964,22.93,5.979
India,IND,1965,22.69,5.941
India,IND,1966,22.44,5.881
India,IND,1967,22.2,5.825
India,IND,1968,21.97,5.76
India,IND,1969,21.72,5.684
India,IND,1970,21.45,5.624
India,IND,1971,21.15,5.565
India,IND,1972,20.83,5.482
India,IND,1973,20.47,5.402
India,IND,1974,20.07,5.325
India,IND,1975,19.61,5.195
India,IND,1976,19.12,5.13
India,IND,1977,18.58,5.007
India,IND,1978,18.02,4.888
India,IND,1979,17.45,4.808
India,IND,1980,16.91,4.775
India,IND,1981,16.38,4.698
India,IND,1982,15.9,4.62
India,IND,1983,15.45,4.565
India,IND,1984,15.03,4.516
India,IND,1985,14.62,4.432
India,IND,1986,14.22,4.399
India,IND,1987,13.82,4.311
India,IND,1988,13.42,4.222
India,IND,1989,13.03,4.132
India,IND,1990,12.65,4.045
India,IND,1991,12.29,3.959
India,IND,1992,11.95,3.877
India,IND,1993,11.61,3.799
India,IND,1994,11.28,3.723
India,IND,1995,10.95,3.651
India,IND,1996,10.6,3.582
India,IND,1997,10.25,3.514
India,IND,1998,9.89,3.446
India,IND,1999,9.53,3.383
India,IND,2000,9.16,3.35
India,IND,2001,8.8,3.303
India,IND,2002,8.45,3.217
India,IND,2003,8.11,3.122
India,IND,2004,7.77,3.046
India,IND,2005,7.44,2.958
India,IND,2006,7.11,2.867
India,IND,2007,6.79,2.775
India,IND,2008,6.46,2.711
India,IND,2009,6.14,2.674
India,IND,2010,5.82,2.598
India,IND,2011,5.5,2.532
India,IND,2012,5.2,2.47
India,IND,2013,4.91,2.399
India,IND,2014,4.63,2.293
India,IND,2015,4.36,2.289
India,IND,2016,4.11,2.284
India,IND,2017,3.87,2.193
India,IND,2018,3.64,2.184
India,IND,2019,3.43,2.12
India,IND,2020,3.24,2.047
India,IND,2021,3.06,2.014
India,IND,2022,2.91,1.994
India,IND,2023,2.77,1.975
Indonesia,IDN,1950,29.21,5.109
Indonesia,IDN,1951,29.21,5.159
Indonesia,IDN,1952,28.36,5.21
Indonesia,IDN,1953,27.53,5.256
Indonesia,IDN,1954,26.73,5.314
Indonesia,IDN,1955,25.93,5.362
Indonesia,IDN,1956,25.16,5.393
Indonesia,IDN,1957,24.41,5.418
Indonesia,IDN,1958,23.7,5.448
Indonesia,IDN,1959,23.02,5.476
Indonesia,IDN,1960,22.38,5.505
Indonesia,IDN,1961,21.77,5.522
Indonesia,IDN,1962,21.18,5.534
Indonesia,IDN,1963,20.6,5.551
Indonesia,IDN,1964,20.03,5.568
Indonesia,IDN,1965,22.91,5.593
Indonesia,IDN,1966,18.89,5.593
Indonesia,IDN,1967,18.31,5.583
Indonesia,IDN,1968,17.73,5.568
Indonesia,IDN,1969,17.16,5.553
Indonesia,IDN,1970,16.6,5.488
Indonesia,IDN,1971,16.07,5.397
Indonesia,IDN,1972,15.54,5.315
Indonesia,IDN,1973,15.04,5.246
Indonesia,IDN,1974,14.55,5.089
Indonesia,IDN,1975,14.09,5.032
Indonesia,IDN,1976,13.65,4.921
Indonesia,IDN,1977,13.24,4.807
Indonesia,IDN,1978,12.84,4.732
Indonesia,IDN,1979,12.45,4.625
Indonesia,IDN,1980,12.07,4.495
Indonesia,IDN,1981,11.7,4.356
Indonesia,IDN,1982,11.33,4.247
Indonesia,IDN,1983,10.97,4.109
Indonesia,IDN,1984,10.61,3.956
Indonesia,IDN,1985,10.24,3.725
Indonesia,IDN,1986,9.88,3.53
Indonesia,IDN,1987,9.51,3.42
Indonesia,IDN,1988,9.14,3.353
Indonesia,IDN,1989,8.76,3.247
Indonesia,IDN,1990,8.39,3.114
Indonesia,IDN,1991,8.01,3.058
Indonesia,IDN,1992,7.64,2.95
Indonesia,IDN,1993,7.28,2.9
Indonesia,IDN,1994,6.94,2.851
Indonesia,IDN,1995,6.61,2.809
Indonesia,IDN,1996,6.29,2.782
Indonesia,IDN,1997,5.99,2.742
Indonesia,IDN,1998,5.71,2.66
Indonesia,IDN,1999,5.44,2.568
Indonesia,IDN,2000,5.19,2.503
Indonesia,IDN,2001,4.96,2.466
Indonesia,IDN,2002,4.73,2.436
Indonesia,IDN,2003,4.52,2.41
Indonesia,IDN,2004,4.91,2.415
Indonesia,IDN,2005,4.14,2.452
Indonesia,IDN,2006,3.96,2.457
Indonesia,IDN,2007,3.8,2.476
Indonesia,IDN,2008,3.64,2.44
Indonesia,IDN,2009,3.5,2.442
Indonesia,IDN,2010,3.36,2.462
Indonesia,IDN,2011,3.22,2.515
Indonesia,IDN,2012,3.1,2.514
Indonesia,IDN,2013,2.97,2.441
Indonesia,IDN,2014,2.86,2.393
Indonesia,IDN,2015,2.74,2.346
Indonesia,IDN,2016,2.64,2.311
Indonesia,IDN,2017,2.54,2.253
Indonesia,IDN,2018,2.45,2.219
Indonesia,IDN,2019,2.36,2.205
Indonesia,IDN,2020,2.28,2.189
Indonesia,IDN,2021,2.2,2.166
Indonesia,IDN,2022,2.13,2.149
Indonesia,IDN,2023,2.06,2.127
Iran,IRN,1950,33.9,6.97
Iran,IRN,1951,33.9,6.977
Iran,IRN,1952,33.9,7.005
Iran,IRN,1953,33.9,7.026
Iran,IRN,1954,33.9,7.048
Iran,IRN,1955,33.9,7.151
Iran,IRN,1956,33.9,7.249
Iran,IRN,1957,33.9,7.354
Iran,IRN,1958,33.9,7.458
Iran,IRN,1959,33.33222222222222,7.571
Iran,IRN,1960,32.76444444444444,7.519
Iran,IRN,1961,32.196666666666665,7.459
Iran,IRN,1962,31.628888888888888,7.401
Iran,IRN,1963,31.06111111111111,7.317
Iran,IRN,1964,30.493333333333332,7.237
Iran,IRN,1965,29.925555555555555,7.222
Iran,IRN,1966,29.357777777777777,7.214
Iran,IRN,1967,28.79,7.19
Iran,IRN,1968,26.61,7.119
Iran,IRN,1969,24.59,7.007
Iran,IRN,1970,22.73,6.798
Iran,IRN,1971,18.89,6.549
Iran,IRN,1972,17.97,6.257
Iran,IRN,1973,17.09,6.061
Iran,IRN,1974,16.22,5.968
Iran,IRN,1975,15.34,5.947
Iran,IRN,1976,14.44,6.066
Iran,IRN,1977,13.54,6.179
Iran,IRN,1978,12.61,6.344
Iran,IRN,1979,11.71,6.549
Iran,IRN,1980,10.84,6.63
Iran,IRN,1981,10.03,6.618
Iran,IRN,1982,9.3,6.586
Iran,IRN,1983,8.67,6.528
Iran,IRN,1984,8.13,6.433
Iran,IRN,1985,7.64,6.242
Iran,IRN,1986,7.2,6.011
Iran,IRN,1987,6.8,5.719
Iran,IRN,1988,6.42,5.434
Iran,IRN,1989,6.07,5.172
Iran,IRN,1990,5.76,4.934
Iran,IRN,1991,5.48,4.568
Iran,IRN,1992,5.22,4.099
Iran,IRN,1993,5.0,3.674
Iran,IRN,1994,4.79,3.244
Iran,IRN,1995,4.59,2.852
Iran,IRN,1996,4.4,2.542
Iran,IRN,1997,4.21,2.323
Iran,IRN,1998,4.02,2.19
Iran,IRN,1999,3.83,2.089
Iran,IRN,2000,3.63,1.999
Iran,IRN,2001,3.42,1.918
Iran,IRN,2002,3.22,1.836
Iran,IRN,2003,3.02,1.801
Iran,IRN,2004,2.83,1.78
Iran,IRN,2005,2.65,1.756
Iran,IRN,2006,2.48,1.755
Iran,IRN,2007,2.32,1.748
Iran,IRN,2008,2.17,1.743
Iran,IRN,2009,2.04,1.74
Iran,IRN,2010,1.93,1.749
Iran,IRN,2011,1.84,1.792
Iran,IRN,2012,1.75,1.851
Iran,IRN,2013,1.68,1.913
Iran,IRN,2014,1.61,1.975
Iran,IRN,2015,1.55,2.017
Iran,IRN,2016,1.5,2.054
Iran,IRN,2017,1.45,2.023
Iran,IRN,2018,1.39,1.919
Iran,IRN,2019,1.35,1.766
Iran,IRN,2020,1.3,1.7
Iran,IRN,2021,1.26,1.709
Iran,IRN,2022,1.22,1.704
Iran,IRN,2023,1.18,1.695
Iraq,IRQ,1942,57.11,6.2
Iraq,IRQ,1943,53.8,6.2
Iraq,IRQ,1944,50.75,6.2
Iraq,IRQ,1945,47.91,6.2
Iraq,IRQ,1946,45.21,6.2
Iraq,IRQ,1947,42.64,6.2
Iraq,IRQ,1948,40.18,6.2
Iraq,IRQ,1949,37.81,6.2
Iraq,IRQ,1950,35.52,6.2
Iraq,IRQ,1951,33.38,6.4
Iraq,IRQ,1952,31.36,6.837
Iraq,IRQ,1953,29.46,6.844
Iraq,IRQ,1954,27.65,6.758
Iraq,IRQ,1955,25.94,6.0
Iraq,IRQ,1956,24.33,6.0
Iraq,IRQ,1957,22.84,4.8
Iraq,IRQ,1958,21.48,4.8
Iraq,IRQ,1959,20.2,5.3
Iraq,IRQ,1960,19.01,5.3
Iraq,IRQ,1961,17.92,5.8
Iraq,IRQ,1962,16.93,6.991
Iraq,IRQ,1963,15.99,7.005
Iraq,IRQ,1964,15.14,7.01
Iraq,IRQ,1965,14.36,7.02
Iraq,IRQ,1966,13.64,7.022
Iraq,IRQ,1967,12.98,7.029
Iraq,IRQ,1968,12.37,7.056
Iraq,IRQ,1969,11.78,7.083
Iraq,IRQ,1970,11.24,7.071
Iraq,IRQ,1971,10.73,7.055
Iraq,IRQ,1972,10.25,7.024
Iraq,IRQ,1973,9.79,6.986
Iraq,IRQ,1974,9.35,6.952
Iraq,IRQ,1975,8.93,6.913
Iraq,IRQ,1976,8.54,6.856
Iraq,IRQ,1977,8.17,6.795
Iraq,IRQ,1978,7.83,6.726
Iraq,IRQ,1979,7.52,6.662
Iraq,IRQ,1980,7.23,6.593
Iraq,IRQ,1981,6.96,6.526
Iraq,IRQ,1982,6.71,6.46
Iraq,IRQ,1983,6.49,6.387
Iraq,IRQ,1984,6.28,6.321
Iraq,IRQ,1985,6.09,6.246
Iraq,IRQ,1986,5.91,6.182
Iraq,IRQ,1987,5.75,6.114
Iraq,IRQ,1988,6.92,6.052
Iraq,IRQ,1989,8.12,5.988
Iraq,IRQ,1990,7.97,5.929
Iraq,IRQ,1991,6.49,5.833
Iraq,IRQ,1992,5.17,5.718
Iraq,IRQ,1993,5.07,5.609
Iraq,IRQ,1994,4.98,5.488
Iraq,IRQ,1995,4.89,5.36
Iraq,IRQ,1996,4.8,5.249
Iraq,IRQ,1997,4.71,5.194
Iraq,IRQ,1998,4.61,5.112
Iraq,IRQ,1999,4.52,5.035
Iraq,IRQ,2000,4.43,4.92
Iraq,IRQ,2001,4.33,4.799
Iraq,IRQ,2002,4.24,4.668
Iraq,IRQ,2003,4.16,4.581
Iraq,IRQ,2004,4.07,4.527
Iraq,IRQ,2005,3.97,4.446
Iraq,IRQ,2006,3.88,4.459
Iraq,IRQ,2007,3.78,4.404
Iraq,IRQ,2008,3.67,4.373
Iraq,IRQ,2009,3.56,4.378
Iraq,IRQ,2010,3.46,4.457
Iraq,IRQ,2011,3.35,4.588
Iraq,IRQ,2012,3.24,4.544
Iraq,IRQ,2013,3.14,4.441
Iraq,IRQ,2014,3.04,4.31
Iraq,IRQ,2015,2.94,4.08
Iraq,IRQ,2016,2.84,3.843
Iraq,IRQ,2017,2.75,3.64
Iraq,IRQ,2018,2.66,3.547
Iraq,IRQ,2019,2.57,3.48
Iraq,IRQ,2020,2.49,3.419
Iraq,IRQ,2021,2.41,3.358
Iraq,IRQ,2022,2.33,3.294
Iraq,IRQ,2023,2.26,3.249
Ireland,IRL,1864,14.56,3.497
Ireland,IRL,1865,14.56,3.497
Ireland,IRL,1866,13.84,3.497
Ireland,IRL,1867,14.38,3.497
Ireland,IRL,1868,14.02,3.497
Ireland,IRL,1869,13.66,3.497
Ireland,IRL,1870,14.02,3.497
Ireland,IRL,1871,13.3,3.497
Ireland,IRL,1872,14.38,3.497
Ireland,IRL,1873,14.2,3.497
Ireland,IRL,1874,13.84,3.497
Ireland,IRL,1875,14.02,3.497
Ireland,IRL,1876,13.84,3.497
Ireland,IRL,1877,13.48,3.497
Ireland,IRL,1878,14.38,3.497
Ireland,IRL,1879,15.11,3.497
Ireland,IRL,1880,17.16,3.497
Ireland,IRL,1881,13.3,3.497
Ireland,IRL,1882,14.02,3.497
Ireland,IRL,1883,14.56,3.497
Ireland,IRL,1884,13.48,3.497
Ireland,IRL,1885,14.02,3.497
Ireland,IRL,1886,13.84,3.497
Ireland,IRL,1887,14.02,3.497
Ireland,IRL,1888,14.38,3.497
Ireland,IRL,1889,13.84,3.497
Ireland,IRL,1890,14.02,3.497
Ireland,IRL,1891,14.02,3.497
Ireland,IRL,1892,15.85,3.497
Ireland,IRL,1893,15.3,3.497
Ireland,IRL,1894,15.3,3.497
Ireland,IRL,1895,15.66,3.497
Ireland,IRL,1896,14.02,3.497
Ireland,IRL,1897,16.59,3.497
Ireland,IRL,1898,16.78,3.497
Ireland,IRL,1899,16.41,3.497
Ireland,IRL,1900,16.59,3.497
Ireland,IRL,1901,15.11,3.497
Ireland,IRL,1902,14.93,3.497
Ireland,IRL,1903,14.2,3.497
Ireland,IRL,1904,14.93,3.497
Ireland,IRL,1905,14.02,3.497
Ireland,IRL,1906,13.66,3.497
Ireland,IRL,1907,13.48,3.497
Ireland,IRL,1908,14.38,3.497
Ireland,IRL,1909,13.48,3.497
Ireland,IRL,1910,14.02,3.497
Ireland,IRL,1911,13.84,3.497
Ireland,IRL,1912,12.41,3.497
Ireland,IRL,1913,14.38,3.497
Ireland,IRL,1914,12.59,3.497
Ireland,IRL,1915,13.48,3.497
Ireland,IRL,1916,11.89,3.497
Ireland,IRL,1917,12.77,3.497
Ireland,IRL,1918,12.41,3.497
Ireland,IRL,1919,12.77,3.497
Ireland,IRL,1920,11.89,3.497
Ireland,IRL,1922,9.52,3.497
Ireland,IRL,1923,9.04,3.497
Ireland,IRL,1924,10.02,3.497
Ireland,IRL,1925,9.36,3.497
Ireland,IRL,1926,10.35,3.497
Ireland,IRL,1927,9.85,3.497
Ireland,IRL,1928,9.36,3.497
Ireland,IRL,1929,9.69,3.497
Ireland,IRL,1930,9.36,3.497
Ireland,IRL,1931,9.52,3.497
Ireland,IRL,1932,10.02,3.497
Ireland,IRL,1933,8.88,3.497
Ireland,IRL,1934,8.57,3.497
Ireland,IRL,1935,9.36,3.497
Ireland,IRL,1936,10.35,3.497
Ireland,IRL,1937,10.18,3.497
Ireland,IRL,1938,9.2,3.497
Ireland,IRL,1939,9.04,3.497
Ireland,IRL,1940,9.04,3.497
Ireland,IRL,1941,10.35,3.497
Ireland,IRL,1942,9.52,3.497
Ireland,IRL,1943,11.89,3.497
Ireland,IRL,1944,11.2,3.497
Ireland,IRL,1945,9.85,3.497
Ireland,IRL,1946,8.88,3.497
Ireland,IRL,1947,9.36,3.497
Ireland,IRL,1948,5.93,3.497
Ireland,IRL,1949,5.63,3.497
Ireland,IRL,1950,5.42,3.497
Ireland,IRL,1951,5.2,3.548
Ireland,IRL,1952,4.96,3.56
Ireland,IRL,1953,4.72,3.535
Ireland,IRL,1954,4.49,3.467
Ireland,IRL,1955,4.29,3.366
Ireland,IRL,1956,4.12,3.382
Ireland,IRL,1957,3.98,3.479
Ireland,IRL,1958,3.83,3.465
Ireland,IRL,1959,3.68,3.602
Ireland,IRL,1960,3.53,3.755
Ireland,IRL,1961,3.38,3.784
Ireland,IRL,1962,3.25,3.93
Ireland,IRL,1963,3.13,4.027
Ireland,IRL,1964,3.01,4.079
Ireland,IRL,1965,2.87,4.04
Ireland,IRL,1966,2.71,3.942
Ireland,IRL,1967,2.55,3.843
Ireland,IRL,1968,2.41,3.77
Ireland,IRL,1969,2.3,3.824
Ireland,IRL,1970,2.22,3.85
Ireland,IRL,1971,2.17,3.934
Ireland,IRL,1972,2.14,3.849
Ireland,IRL,1973,2.11,3.713
Ireland,IRL,1974,2.06,3.588
Ireland,IRL,1975,2.0,3.372
Ireland,IRL,1976,1.91,3.287
Ireland,IRL,1977,1.81,3.242
Ireland,IRL,1978,1.69,3.211
Ireland,IRL,1979,1.56,3.214
Ireland,IRL,1980,1.43,3.205
Ireland,IRL,1981,1.32,3.059
Ireland,IRL,1982,1.23,2.947
Ireland,IRL,1983,1.17,2.749
Ireland,IRL,1984,1.11,2.586
Ireland,IRL,1985,1.07,2.492
Ireland,IRL,1986,1.04,2.441
Ireland,IRL,1987,1.02,2.315
Ireland,IRL,1988,0.99,2.173
Ireland,IRL,1989,0.96,2.081
Ireland,IRL,1990,0.92,2.11
Ireland,IRL,1991,0.87,2.077
Ireland,IRL,1992,0.81,1.991
Ireland,IRL,1993,0.77,1.904
Ireland,IRL,1994,0.74,1.848
Ireland,IRL,1995,0.73,1.843
Ireland,IRL,1996,0.73,1.883
Ireland,IRL,1997,0.73,1.932
Ireland,IRL,1998,0.73,1.941
Ireland,IRL,1999,0.73,1.903
Ireland,IRL,2000,0.72,1.893
Ireland,IRL,2001,0.69,1.94
Ireland,IRL,2002,0.65,1.971
Ireland,IRL,2003,0.6,1.96
Ireland,IRL,2004,0.56,1.93
Ireland,IRL,2005,0.52,1.865
Ireland,IRL,2006,0.49,1.915
Ireland,IRL,2007,0.46,2.011
Ireland,IRL,2008,0.44,2.065
Ireland,IRL,2009,0.43,2.063
Ireland,IRL,2010,0.42,2.056
Ireland,IRL,2011,0.41,2.033
Ireland,IRL,2012,0.4,1.99
Ireland,IRL,2013,0.39,1.934
Ireland,IRL,2014,0.38,1.9
Ireland,IRL,2015,0.37,1.861
Ireland,IRL,2016,0.36,1.816
Ireland,IRL,2017,0.35,1.772
Ireland,IRL,2018,0.34,1.761
Ireland,IRL,2019,0.34,1.718
Ireland,IRL,2020,0.35,1.653
Ireland,IRL,2021,0.36,1.777
Ireland,IRL,2022,0.37,1.594
Ireland,IRL,2023,0.38,1.598
Isle of Man,IMN,1950,7.30375,2.407
Isle of Man,IMN,1951,7.30375,2.357
Isle of Man,IMN,1952,7.30375,2.279
Isle of Man,IMN,1953,7.30375,2.173
Isle of Man,IMN,1954,7.30375,2.062
Isle of Man,IMN,1955,7.30375,1.949
Isle of Man,IMN,1956,7.30375,2.071
Isle of Man,IMN,1957,7.30375,2.171
Isle of Man,IMN,1958,7.30375,2.364
Isle of Man,IMN,1959,7.30375,2.42
Isle of Man,IMN,1960,7.30375,2.682
Isle of Man,IMN,1961,7.30375,2.688
Isle of Man,IMN,1962,7.30375,2.634
Isle of Man,IMN,1963,7.30375,2.624
Isle of Man,IMN,1964,7.30375,2.627
Isle of Man,IMN,1965,7.30375,2.539
Isle of Man,IMN,1966,7.30375,2.462
Isle of Man,IMN,1967,7.30375,2.447
Isle of Man,IMN,1968,7.30375,2.447
Isle of Man,IMN,1969,7.30375,2.512
Isle of Man,IMN,1970,7.30375,2.566
Isle of Man,IMN,1971,7.30375,2.512
Isle of Man,IMN,1972,7.30375,2.454
Isle of Man,IMN,1973,7.30375,2.364
Isle of Man,IMN,1974,7.30375,2.263
Isle of Man,IMN,1975,7.30375,2.16
Isle of Man,IMN,1976,7.30375,2.083
Isle of Man,IMN,1977,7.30375,2.023
Isle of Man,IMN,1978,7.30375,1.988
Isle of Man,IMN,1979,7.30375,1.96
Isle of Man,IMN,1980,7.30375,1.954
Isle of Man,IMN,1981,7.30375,1.941
Isle of Man,IMN,1982,7.30375,1.915
Isle of Man,IMN,1983,7.30375,1.888
Isle of Man,IMN,1984,7.30375,1.865
Isle of Man,IMN,1985,7.30375,1.88
Isle of Man,IMN,1986,7.30375,1.892
Isle of Man,IMN,1987,7.30375,1.909
Isle of Man,IMN,1988,7.30375,1.921
Isle of Man,IMN,1989,7.30375,1.926
Isle of Man,IMN,1990,7.30375,1.959
Isle of Man,IMN,1991,7.30375,1.978
Isle of Man,IMN,1992,7.30375,1.974
Isle of Man,IMN,1993,7.30375,1.946
Isle of Man,IMN,1994,7.30375,1.915
Isle of Man,IMN,1995,7.30375,1.923
Isle of Man,IMN,1996,7.30375,1.931
Isle of Man,IMN,1997,7.30375,1.926
Isle of Man,IMN,1998,7.30375,1.901
Isle of Man,IMN,1999,7.30375,1.858
Isle of Man,IMN,2000,7.30375,1.866
Isle of Man,IMN,2001,7.30375,1.87
Isle of Man,IMN,2002,7.30375,1.863
Isle of Man,IMN,2003,7.30375,1.84
Isle of Man,IMN,2004,7.30375,1.826
Isle of Man,IMN,2005,7.30375,1.863
Isle of Man,IMN,2006,7.30375,1.905
Isle of Man,IMN,2007,7.30375,1.927
Isle of Man,IMN,2008,7.30375,1.941
Isle of Man,IMN,2009,7.30375,1.937
Isle of Man,IMN,2010,7.30375,1.928
Isle of Man,IMN,2011,7.30375,1.903
Isle of Man,IMN,2012,7.30375,1.864
Isle of Man,IMN,2013,7.30375,1.824
Isle of Man,IMN,2014,7.30375,1.79
Isle of Man,IMN,2015,7.30375,1.748
Isle of Man,IMN,2016,7.30375,1.713
Isle of Man,IMN,2017,7.30375,1.674
Isle of Man,IMN,2018,7.30375,1.636
Isle of Man,IMN,2019,7.30375,1.606
Isle of Man,IMN,2020,7.30375,1.585
Isle of Man,IMN,2021,7.30375,1.569
Isle of Man,IMN,2022,7.30375,1.556
Isle of Man,IMN,2023,7.30375,1.548
Israel,ISR,1922,23.15,4.571
Israel,ISR,1923,19.78,4.571
Israel,ISR,1924,16.04,4.571
Israel,ISR,1925,20.91,4.571
Israel,ISR,1926,16.41,4.571
Israel,ISR,1927,17.72,4.571
Israel,ISR,1928,14.2,4.571
Israel,ISR,1929,13.12,4.571
Israel,ISR,1930,9.52,4.571
Israel,ISR,1931,11.72,4.571
Israel,ISR,1932,12.41,4.571
Israel,ISR,1933,11.54,4.571
Israel,ISR,1934,11.03,4.571
Israel,ISR,1935,8.72,4.571
Israel,ISR,1936,9.52,4.571
Israel,ISR,1937,7.66,4.571
Israel,ISR,1938,7.97,4.571
Israel,ISR,1939,7.19,4.571
Israel,ISR,1940,7.97,4.571
Israel,ISR,1941,7.5,4.571
Israel,ISR,1942,7.81,4.571
Israel,ISR,1943,5.69,4.571
Israel,ISR,1944,4.55,4.571
Israel,ISR,1945,4.55,4.571
Israel,ISR,1946,4.01,4.571
Israel,ISR,1947,3.73,4.571
Israel,ISR,1948,4.55,4.571
Israel,ISR,1949,6.88,4.571
Israel,ISR,1950,6.13,4.571
Israel,ISR,1951,5.25,4.666
Israel,ISR,1952,6.65,4.741
Israel,ISR,1953,6.4,4.722
Israel,ISR,1954,6.15,4.341
Israel,ISR,1955,5.91,4.387
Israel,ISR,1956,5.67,4.436
Israel,ISR,1957,5.43,4.382
Israel,ISR,1958,5.18,4.326
Israel,ISR,1959,4.94,4.364
Israel,ISR,1960,4.71,4.366
Israel,ISR,1961,4.48,4.148
Israel,ISR,1962,4.26,4.086
Israel,ISR,1963,4.06,4.087
Israel,ISR,1964,3.86,4.163
Israel,ISR,1965,3.68,4.125
Israel,ISR,1966,3.52,3.96
Israel,ISR,1967,3.36,3.824
Israel,ISR,1968,3.23,3.711
Israel,ISR,1969,3.11,3.676
Israel,ISR,1970,3.01,3.786
Israel,ISR,1971,2.91,3.849
Israel,ISR,1972,2.82,3.798
Israel,ISR,1973,2.72,3.606
Israel,ISR,1974,2.61,3.641
Israel,ISR,1975,2.48,3.614
Israel,ISR,1976,2.33,3.622
Israel,ISR,1977,2.19,3.47
Israel,ISR,1978,2.05,3.245
Israel,ISR,1979,1.93,3.203
Israel,ISR,1980,1.82,3.153
Israel,ISR,1981,1.74,3.073
Israel,ISR,1982,1.66,3.131
Israel,ISR,1983,1.59,3.143
Israel,ISR,1984,1.51,3.077
Israel,ISR,1985,1.44,3.039
Israel,ISR,1986,1.37,2.991
Israel,ISR,1987,1.31,2.923
Israel,ISR,1988,1.26,2.896
Israel,ISR,1989,1.21,2.84
Israel,ISR,1990,1.15,2.84
Israel,ISR,1991,1.1,2.832
Israel,ISR,1992,1.04,2.87
Israel,ISR,1993,0.98,2.866
Israel,ISR,1994,0.92,2.837
Israel,ISR,1995,0.87,2.823
Israel,ISR,1996,0.82,2.862
Israel,ISR,1997,0.78,2.876
Israel,ISR,1998,0.75,2.922
Israel,ISR,1999,0.72,2.888
Israel,ISR,2000,0.69,2.921
Israel,ISR,2001,0.66,2.868
Israel,ISR,2002,0.63,2.877
Israel,ISR,2003,0.61,2.919
Israel,ISR,2004,0.58,2.848
Israel,ISR,2005,0.56,2.793
Israel,ISR,2006,0.53,2.828
Israel,ISR,2007,0.51,2.852
Israel,ISR,2008,0.49,2.903
Israel,ISR,2009,0.47,2.944
Israel,ISR,2010,0.46,3.028
Israel,ISR,2011,0.44,3.01
Israel,ISR,2012,0.43,3.05
Israel,ISR,2013,0.41,3.036
Israel,ISR,2014,0.4,3.081
Israel,ISR,2015,0.39,3.093
Israel,ISR,2016,0.38,3.113
Israel,ISR,2017,0.37,3.123
Israel,ISR,2018,0.37,3.103
Israel,ISR,2019,0.36,3.034
Israel,ISR,2020,0.35,2.937
Israel,ISR,2021,0.35,3.019
Israel,ISR,2022,0.34,2.936
Israel,ISR,2023,0.34,2.83
Italy,ITA,1872,44.5,2.523
Italy,ITA,1873,40.99,2.523
Italy,ITA,1874,40.54,2.523
Italy,ITA,1875,40.42,2.523
Italy,ITA,1876,37.76,2.523
Italy,ITA,1877,36.66,2.523
Italy,ITA,1878,37.09,2.523
Italy,ITA,1879,37.32,2.523
Italy,ITA,1880,38.65,2.523
Italy,ITA,1881,38.58,2.523
Italy,ITA,1882,39.11,2.523
Italy,ITA,1883,37.49,2.523
Italy,ITA,1884,35.13,2.523
Italy,ITA,1885,35.65,2.523
Italy,ITA,1886,36.54,2.523
Italy,ITA,1887,35.86,2.523
Italy,ITA,1888,34.84,2.523
Italy,ITA,1889,32.91,2.523
Italy,ITA,1890,33.29,2.523
Italy,ITA,1891,33.64,2.523
Italy,ITA,1892,32.39,2.523
Italy,ITA,1893,31.65,2.523
Italy,ITA,1894,31.62,2.523
Italy,ITA,1895,32.23,2.523
Italy,ITA,1896,30.85,2.523
Italy,ITA,1897,28.24,2.523
Italy,ITA,1898,29.06,2.523
Italy,ITA,1899,27.29,2.523
Italy,ITA,1900,29.66,2.523
Italy,ITA,1901,27.7,2.523
Italy,ITA,1902,29.2,2.523
Italy,ITA,1903,28.0,2.523
Italy,ITA,1904,26.84,2.523
Italy,ITA,1905,27.3,2.523
Italy,ITA,1906,26.6,2.523
Italy,ITA,1907,25.47,2.523
Italy,ITA,1908,27.59,2.523
Italy,ITA,1909,26.15,2.523
Italy,ITA,1910,24.34,2.523
Italy,ITA,1911,26.01,2.523
Italy,ITA,1912,22.15,2.523
Italy,ITA,1913,22.89,2.523
Italy,ITA,1914,20.95,2.523
Italy,ITA,1915,24.57,2.523
Italy,ITA,1916,25.52,2.523
Italy,ITA,1917,23.35,2.523
Italy,ITA,1918,35.5,2.523
Italy,ITA,1919,24.29,2.523
Italy,ITA,1920,24.35,2.523
Italy,ITA,1921,21.99,2.523
Italy,ITA,1922,20.55,2.523
Italy,ITA,1923,19.82,2.523
Italy,ITA,1924,19.0,2.523
Italy,ITA,1925,19.21,2.523
Italy,ITA,1926,20.09,2.523
Italy,ITA,1927,18.56,2.523
Italy,ITA,1928,18.52,2.523
Italy,ITA,1929,18.59,2.523
Italy,ITA,1930,16.59,2.523
Italy,ITA,1931,16.48,2.523
Italy,ITA,1932,16.34,2.523
Italy,ITA,1933,14.99,2.523
Italy,ITA,1934,14.83,2.523
Italy,ITA,1935,15.06,2.523
Italy,ITA,1936,14.53,2.523
Italy,ITA,1937,16.16,2.523
Italy,ITA,1938,15.71,2.523
Italy,ITA,1939,14.04,2.523
Italy,ITA,1940,14.21,2.523
Italy,ITA,1941,15.31,2.523
Italy,ITA,1942,15.38,2.523
Italy,ITA,1943,15.72,2.523
Italy,ITA,1944,13.71,2.523
Italy,ITA,1945,14.15,2.523
Italy,ITA,1946,13.81,2.523
Italy,ITA,1947,11.24,2.523
Italy,ITA,1948,9.48,2.523
Italy,ITA,1949,9.35,2.523
Italy,ITA,1950,8.86,2.523
Italy,ITA,1951,8.16,2.376
Italy,ITA,1952,7.53,2.323
Italy,ITA,1953,6.98,2.285
Italy,ITA,1954,6.53,2.349
Italy,ITA,1955,6.2,2.343
Italy,ITA,1956,5.95,2.351
Italy,ITA,1957,5.75,2.348
Italy,ITA,1958,5.57,2.326
Italy,ITA,1959,5.39,2.387
Italy,ITA,1960,5.19,2.384
Italy,ITA,1961,4.98,2.42
Italy,ITA,1962,4.76,2.451
Italy,ITA,1963,4.53,2.52
Italy,ITA,1964,4.31,2.662
Italy,ITA,1965,4.11,2.617
Italy,ITA,1966,3.93,2.588
Italy,ITA,1967,3.78,2.509
Italy,ITA,1968,3.64,2.49
Italy,ITA,1969,3.51,2.47
Italy,ITA,1970,3.36,2.396
Italy,ITA,1971,3.18,2.398
Italy,ITA,1972,2.98,2.351
Italy,ITA,1973,2.76,2.315
Italy,ITA,1974,2.53,2.292
Italy,ITA,1975,2.31,2.177
Italy,ITA,1976,2.11,2.056
Italy,ITA,1977,1.95,1.939
Italy,ITA,1978,1.82,1.841
Italy,ITA,1979,1.7,1.733
Italy,ITA,1980,1.61,1.647
Italy,ITA,1981,1.52,1.582
Italy,ITA,1982,1.43,1.561
Italy,ITA,1983,1.35,1.506
Italy,ITA,1984,1.27,1.458
Italy,ITA,1985,1.2,1.416
Italy,ITA,1986,1.14,1.351
Italy,ITA,1987,1.08,1.33
Italy,ITA,1988,1.04,1.355
Italy,ITA,1989,1.0,1.328
Italy,ITA,1990,0.97,1.331
Italy,ITA,1991,0.93,1.303
Italy,ITA,1992,0.89,1.296
Italy,ITA,1993,0.85,1.249
Italy,ITA,1994,0.8,1.208
Italy,ITA,1995,0.75,1.188
Italy,ITA,1996,0.7,1.197
Italy,ITA,1997,0.66,1.21
Italy,ITA,1998,0.62,1.21
Italy,ITA,1999,0.59,1.228
Italy,ITA,2000,0.56,1.249
Italy,ITA,2001,0.53,1.247
Italy,ITA,2002,0.51,1.264
Italy,ITA,2003,0.48,1.285
Italy,ITA,2004,0.46,1.337
Italy,ITA,2005,0.45,1.332
Italy,ITA,2006,0.43,1.364
Italy,ITA,2007,0.42,1.393
Italy,ITA,2008,0.41,1.435
Italy,ITA,2009,0.41,1.439
Italy,ITA,2010,0.4,1.443
Italy,ITA,2011,0.39,1.427
Italy,ITA,2012,0.38,1.416
Italy,ITA,2013,0.37,1.38
Italy,ITA,2014,0.36,1.364
Italy,ITA,2015,0.35,1.344
Italy,ITA,2016,0.34,1.336
Italy,ITA,2017,0.33,1.317
Italy,ITA,2018,0.32,1.286
Italy,ITA,2019,0.31,1.259
Italy,ITA,2020,0.3,1.242
Italy,ITA,2021,0.29,1.252
Italy,ITA,2022,0.28,1.24
Italy,ITA,2023,0.28,1.198
Jamaica,JAM,1879,26.52,3.923
Jamaica,JAM,1880,32.04,3.923
Jamaica,JAM,1881,28.11,3.923
Jamaica,JAM,1882,22.59,3.923
Jamaica,JAM,1883,24.79,3.923
Jamaica,JAM,1884,27.0,3.923
Jamaica,JAM,1885,25.85,3.923
Jamaica,JAM,1886,24.97,3.923
Jamaica,JAM,1887,27.62,3.923
Jamaica,JAM,1888,26.35,3.923
Jamaica,JAM,1889,28.44,3.923
Jamaica,JAM,1890,30.57,3.923
Jamaica,JAM,1891,28.44,3.923
Jamaica,JAM,1892,26.68,3.923
Jamaica,JAM,1893,27.47,3.923
Jamaica,JAM,1894,27.32,3.923
Jamaica,JAM,1895,28.93,3.923
Jamaica,JAM,1896,28.6,3.923
Jamaica,JAM,1897,28.77,3.923
Jamaica,JAM,1898,28.44,3.923
Jamaica,JAM,1899,27.62,3.923
Jamaica,JAM,1900,28.27,3.923
Jamaica,JAM,1901,26.52,3.923
Jamaica,JAM,1902,26.35,3.923
Jamaica,JAM,1903,30.41,3.923
Jamaica,JAM,1904,31.39,3.923
Jamaica,JAM,1905,26.85,3.923
Jamaica,JAM,1906,32.2,3.923
Jamaica,JAM,1907,36.41,3.923
Jamaica,JAM,1908,27.94,3.923
Jamaica,JAM,1909,28.44,3.923
Jamaica,JAM,1910,28.93,3.923
Jamaica,JAM,1911,30.57,3.923
Jamaica,JAM,1912,31.55,3.923
Jamaica,JAM,1913,27.94,3.923
Jamaica,JAM,1914,27.16,3.923
Jamaica,JAM,1915,28.6,3.923
Jamaica,JAM,1916,28.6,3.923
Jamaica,JAM,1917,30.08,3.923
Jamaica,JAM,1918,28.6,3.923
Jamaica,JAM,1919,26.35,3.923
Jamaica,JAM,1920,28.11,3.923
Jamaica,JAM,1921,32.04,3.923
Jamaica,JAM,1922,28.77,3.923
Jamaica,JAM,1923,27.78,3.923
Jamaica,JAM,1924,26.19,3.923
Jamaica,JAM,1925,28.11,3.923
Jamaica,JAM,1926,27.32,3.923
Jamaica,JAM,1927,28.11,3.923
Jamaica,JAM,1928,25.5,3.923
Jamaica,JAM,1929,26.02,3.923
Jamaica,JAM,1930,22.59,3.923
Jamaica,JAM,1931,24.97,3.923
Jamaica,JAM,1932,22.59,3.923
Jamaica,JAM,1933,24.25,3.923
Jamaica,JAM,1934,20.91,3.923
Jamaica,JAM,1935,22.03,3.923
Jamaica,JAM,1936,20.72,3.923
Jamaica,JAM,1937,18.28,3.923
Jamaica,JAM,1938,20.35,3.923
Jamaica,JAM,1939,18.84,3.923
Jamaica,JAM,1940,17.16,3.923
Jamaica,JAM,1941,15.66,3.923
Jamaica,JAM,1942,14.56,3.923
Jamaica,JAM,1943,13.66,3.923
Jamaica,JAM,1944,14.74,3.923
Jamaica,JAM,1945,15.3,3.923
Jamaica,JAM,1946,14.51,3.923
Jamaica,JAM,1947,13.96,3.923
Jamaica,JAM,1948,13.43,3.923
Jamaica,JAM,1949,13.0,3.923
Jamaica,JAM,1950,14.05,3.923
Jamaica,JAM,1951,13.32,4.013
Jamaica,JAM,1952,12.51,4.054
Jamaica,JAM,1953,11.87,4.184
Jamaica,JAM,1954,11.25,4.333
Jamaica,JAM,1955,10.67,4.524
Jamaica,JAM,1956,10.11,4.741
Jamaica,JAM,1957,9.58,4.963
Jamaica,JAM,1958,9.06,5.192
Jamaica,JAM,1959,8.59,5.323
Jamaica,JAM,1960,8.17,5.538
Jamaica,JAM,1961,7.79,5.597
Jamaica,JAM,1962,7.45,5.635
Jamaica,JAM,1963,7.17,5.731
Jamaica,JAM,1964,6.91,5.79
Jamaica,JAM,1965,6.69,5.719
Jamaica,JAM,1966,6.49,5.692
Jamaica,JAM,1967,6.28,5.668
Jamaica,JAM,1968,6.08,5.576
Jamaica,JAM,1969,5.87,5.468
Jamaica,JAM,1970,5.64,5.349
Jamaica,JAM,1971,5.41,5.212
Jamaica,JAM,1972,5.18,5.06
Jamaica,JAM,1973,4.95,4.995
Jamaica,JAM,1974,4.74,4.665
Jamaica,JAM,1975,4.55,4.436
Jamaica,JAM,1976,4.37,4.213
Jamaica,JAM,1977,4.21,4.004
Jamaica,JAM,1978,4.06,3.838
Jamaica,JAM,1979,3.92,3.719
Jamaica,JAM,1980,3.78,3.588
Jamaica,JAM,1981,3.66,3.51
Jamaica,JAM,1982,3.54,3.458
Jamaica,JAM,1983,3.43,3.411
Jamaica,JAM,1984,3.32,3.324
Jamaica,JAM,1985,3.22,3.212
Jamaica,JAM,1986,3.13,3.106
Jamaica,JAM,1987,3.04,3.024
Jamaica,JAM,1988,2.96,2.982
Jamaica,JAM,1989,2.88,2.93
Jamaica,JAM,1990,2.8,2.955
Jamaica,JAM,1991,2.73,2.997
Jamaica,JAM,1992,2.66,3.026
Jamaica,JAM,1993,2.58,2.987
Jamaica,JAM,1994,2.51,2.93
Jamaica,JAM,1995,2.43,2.851
Jamaica,JAM,1996,2.35,2.77
Jamaica,JAM,1997,2.27,2.677
Jamaica,JAM,1998,2.19,2.574
Jamaica,JAM,1999,2.12,2.465
Jamaica,JAM,2000,2.06,2.345
Jamaica,JAM,2001,2.0,2.296
Jamaica,JAM,2002,1.97,2.271
Jamaica,JAM,2003,1.94,2.244
Jamaica,JAM,2004,1.92,2.198
Jamaica,JAM,2005,1.92,2.148
Jamaica,JAM,2006,1.91,2.089
Jamaica,JAM,2007,1.92,2.023
Jamaica,JAM,2008,1.92,1.953
Jamaica,JAM,2009,1.91,1.879
Jamaica,JAM,2010,1.91,1.799
Jamaica,JAM,2011,1.9,1.717
Jamaica,JAM,2012,1.89,1.648
Jamaica,JAM,2013,1.88,1.591
Jamaica,JAM,2014,1.87,1.544
Jamaica,JAM,2015,1.87,1.508
Jamaica,JAM,2016,1.86,1.464
Jamaica,JAM,2017,1.86,1.428
Jamaica,JAM,2018,1.87,1.4
Jamaica,JAM,2019,1.88,1.39
Jamaica,JAM,2020,1.9,1.383
Jamaica,JAM,2021,1.91,1.378
Jamaica,JAM,2022,1.93,1.372
Jamaica,JAM,2023,1.93,1.358
Japan,JPN,1920,27.0,4.614
Japan,JPN,1921,28.6,4.614
Japan,JPN,1922,27.0,4.614
Japan,JPN,1923,26.52,4.614
Japan,JPN,1924,25.32,4.614
Japan,JPN,1925,22.78,4.614
Japan,JPN,1926,21.85,4.614
Japan,JPN,1927,22.78,4.614
Japan,JPN,1928,22.03,4.614
Japan,JPN,1929,22.78,4.614
Japan,JPN,1930,19.6,4.614
Japan,JPN,1931,20.91,4.614
Japan,JPN,1932,18.28,4.614
Japan,JPN,1933,19.03,4.614
Japan,JPN,1934,19.6,4.614
Japan,JPN,1935,16.22,4.614
Japan,JPN,1936,18.09,4.614
Japan,JPN,1937,16.04,4.614
Japan,JPN,1938,17.72,4.614
Japan,JPN,1939,16.22,4.614
Japan,JPN,1940,13.12,4.614
Japan,JPN,1941,12.06,4.614
Japan,JPN,1942,12.41,4.614
Japan,JPN,1943,12.59,4.614
Japan,JPN,1947,14.76,4.614
Japan,JPN,1948,9.92,4.463
Japan,JPN,1949,10.12,4.373
Japan,JPN,1950,9.14,3.615
Japan,JPN,1951,8.26,3.225
Japan,JPN,1952,7.49,2.947
Japan,JPN,1953,6.83,2.673
Japan,JPN,1954,6.27,2.468
Japan,JPN,1955,5.8,2.349
Japan,JPN,1956,5.4,2.206
Japan,JPN,1957,5.03,2.036
Japan,JPN,1958,4.68,2.097
Japan,JPN,1959,4.33,2.035
Japan,JPN,1960,3.97,1.981
Japan,JPN,1961,3.62,1.928
Japan,JPN,1962,3.29,1.928
Japan,JPN,1963,2.98,1.951
Japan,JPN,1964,2.7,1.998
Japan,JPN,1965,2.46,2.089
Japan,JPN,1966,2.26,1.632
Japan,JPN,1967,2.1,2.158
Japan,JPN,1968,1.96,2.065
Japan,JPN,1969,1.85,2.026
Japan,JPN,1970,1.75,2.035
Japan,JPN,1971,1.65,2.089
Japan,JPN,1972,1.57,2.114
Japan,JPN,1973,1.49,2.145
Japan,JPN,1974,1.41,2.065
Japan,JPN,1975,1.33,1.921
Japan,JPN,1976,1.25,1.841
Japan,JPN,1977,1.18,1.789
Japan,JPN,1978,1.11,1.786
Japan,JPN,1979,1.05,1.769
Japan,JPN,1980,0.99,1.739
Japan,JPN,1981,0.93,1.718
Japan,JPN,1982,0.88,1.738
Japan,JPN,1983,0.83,1.77
Japan,JPN,1984,0.79,1.78
Japan,JPN,1985,0.75,1.736
Japan,JPN,1986,0.71,1.698
Japan,JPN,1987,0.68,1.666
Japan,JPN,1988,0.66,1.625
Japan,JPN,1989,0.64,1.547
Japan,JPN,1990,0.63,1.509
Japan,JPN,1991,0.62,1.504
Japan,JPN,1992,0.61,1.478
Japan,JPN,1993,0.6,1.44
Japan,JPN,1994,0.59,1.468
Japan,JPN,1995,0.57,1.407
Japan,JPN,1996,0.55,1.403
Japan,JPN,1997,0.52,1.376
Japan,JPN,1998,0.5,1.371
Japan,JPN,1999,0.47,1.34
Japan,JPN,2000,0.45,1.346
Japan,JPN,2001,0.43,1.325
Japan,JPN,2002,0.41,1.308
Japan,JPN,2003,0.4,1.285
Japan,JPN,2004,0.39,1.277
Japan,JPN,2005,0.37,1.245
Japan,JPN,2006,0.36,1.285
Japan,JPN,2007,0.35,1.305
Japan,JPN,2008,0.34,1.33
Japan,JPN,2009,0.34,1.333
Japan,JPN,2010,0.33,1.357
Japan,JPN,2011,0.33,1.363
Japan,JPN,2012,0.31,1.376
Japan,JPN,2013,0.3,1.389
Japan,JPN,2014,0.29,1.388
Japan,JPN,2015,0.28,1.415
Japan,JPN,2016,0.27,1.408
Japan,JPN,2017,0.26,1.39
Japan,JPN,2018,0.25,1.373
Japan,JPN,2019,0.25,1.323
Japan,JPN,2020,0.24,1.304
Japan,JPN,2021,0.24,1.275
Japan,JPN,2022,0.24,1.256
Japan,JPN,2023,0.24,1.208
Jersey,JEY,1950,7.30375,2.177
Jersey,JEY,1951,7.30375,2.091
Jersey,JEY,1952,7.30375,2.047
Jersey,JEY,1953,7.30375,2.002
Jersey,JEY,1954,7.30375,1.984
Jersey,JEY,1955,7.30375,1.946
Jersey,JEY,1956,7.30375,1.981
Jersey,JEY,1957,7.30375,2.05
Jersey,JEY,1958,7.30375,2.159
Jersey,JEY,1959,7.30375,2.263
Jersey,JEY,1960,7.30375,2.412
Jersey,JEY,1961,7.30375,2.498
Jersey,JEY,1962,7.30375,2.626
Jersey,JEY,1963,7.30375,2.743
Jersey,JEY,1964,7.30375,2.786
Jersey,JEY,1965,7.30375,2.73
Jersey,JEY,1966,7.30375,2.57
Jersey,JEY,1967,7.30375,2.386
Jersey,JEY,1968,7.30375,2.259
Jersey,JEY,1969,7.30375,2.105
Jersey,JEY,1970,7.30375,1.933
Jersey,JEY,1971,7.30375,1.899
Jersey,JEY,1972,7.30375,1.636
Jersey,JEY,1973,7.30375,1.552
Jersey,JEY,1974,7.30375,1.472
Jersey,JEY,1975,7.30375,1.416
Jersey,JEY,1976,7.30375,1.338
Jersey,JEY,1977,7.30375,1.409
Jersey,JEY,1978,7.30375,1.389
Jersey,JEY,1979,7.30375,1.396
Jersey,JEY,1980,7.30375,1.353
Jersey,JEY,1981,7.30375,1.322
Jersey,JEY,1982,7.30375,1.325
Jersey,JEY,1983,7.30375,1.327
Jersey,JEY,1984,7.30375,1.356
Jersey,JEY,1985,7.30375,1.299
Jersey,JEY,1986,7.30375,1.321
Jersey,JEY,1987,7.30375,1.386
Jersey,JEY,1988,7.30375,1.445
Jersey,JEY,1989,7.30375,1.454
Jersey,JEY,1990,7.30375,1.452
Jersey,JEY,1991,7.30375,1.405
Jersey,JEY,1992,7.30375,1.469
Jersey,JEY,1993,7.30375,1.414
Jersey,JEY,1994,7.30375,1.496
Jersey,JEY,1995,7.30375,1.519
Jersey,JEY,1996,7.30375,1.535
Jersey,JEY,1997,7.30375,1.538
Jersey,JEY,1998,7.30375,1.531
Jersey,JEY,1999,7.30375,1.518
Jersey,JEY,2000,7.30375,1.508
Jersey,JEY,2001,7.30375,1.491
Jersey,JEY,2002,7.30375,1.477
Jersey,JEY,2003,7.30375,1.538
Jersey,JEY,2004,7.30375,1.515
Jersey,JEY,2005,7.30375,1.434
Jersey,JEY,2006,7.30375,1.44
Jersey,JEY,2007,7.30375,1.53
Jersey,JEY,2008,7.30375,1.563
Jersey,JEY,2009,7.30375,1.576
Jersey,JEY,2010,7.30375,1.593
Jersey,JEY,2011,7.30375,1.598
Jersey,JEY,2012,7.30375,1.595
Jersey,JEY,2013,7.30375,1.569
Jersey,JEY,2014,7.30375,1.552
Jersey,JEY,2015,7.30375,1.51
Jersey,JEY,2016,7.30375,1.468
Jersey,JEY,2017,7.30375,1.419
Jersey,JEY,2018,7.30375,1.385
Jersey,JEY,2019,7.30375,1.36
Jersey,JEY,2020,7.30375,1.337
Jersey,JEY,2021,7.30375,1.356
Jersey,JEY,2022,7.30375,1.365
Jersey,JEY,2023,7.30375,1.371
Jordan,JOR,1945,36.19,7.444
Jordan,JOR,1946,34.27,7.444
Jordan,JOR,1947,32.45,7.444
Jordan,JOR,1948,30.75,7.444
Jordan,JOR,1949,29.13,7.444
Jordan,JOR,1950,27.59,7.444
Jordan,JOR,1951,26.12,7.44
Jordan,JOR,1952,24.73,7.422
Jordan,JOR,1953,23.39,7.41
Jordan,JOR,1954,22.12,7.399
Jordan,JOR,1955,20.88,7.42
Jordan,JOR,1956,19.7,7.441
Jordan,JOR,1957,18.57,7.46
Jordan,JOR,1958,17.5,7.479
Jordan,JOR,1959,16.47,7.512
Jordan,JOR,1960,15.51,7.599
Jordan,JOR,1961,14.61,7.699
Jordan,JOR,1962,13.77,7.785
Jordan,JOR,1963,12.99,7.854
Jordan,JOR,1964,12.27,7.913
Jordan,JOR,1965,11.6,7.932
Jordan,JOR,1966,10.98,7.992
Jordan,JOR,1967,10.41,8.059
Jordan,JOR,1968,9.87,8.135
Jordan,JOR,1969,9.38,8.192
Jordan,JOR,1970,8.91,8.181
Jordan,JOR,1971,8.48,8.15
Jordan,JOR,1972,8.06,8.117
Jordan,JOR,1973,7.67,8.062
Jordan,JOR,1974,7.31,7.997
Jordan,JOR,1975,6.96,7.925
Jordan,JOR,1976,6.63,7.832
Jordan,JOR,1977,6.31,7.723
Jordan,JOR,1978,6.02,7.594
Jordan,JOR,1979,5.74,7.448
Jordan,JOR,1980,5.48,7.287
Jordan,JOR,1981,5.22,7.121
Jordan,JOR,1982,4.99,6.959
Jordan,JOR,1983,4.76,6.812
Jordan,JOR,1984,4.55,6.671
Jordan,JOR,1985,4.34,6.534
Jordan,JOR,1986,4.16,6.387
Jordan,JOR,1987,3.98,6.196
Jordan,JOR,1988,3.82,6.011
Jordan,JOR,1989,3.68,5.798
Jordan,JOR,1990,3.54,5.544
Jordan,JOR,1991,3.42,5.33
Jordan,JOR,1992,3.31,5.137
Jordan,JOR,1993,3.2,4.972
Jordan,JOR,1994,3.1,4.819
Jordan,JOR,1995,3.01,4.676
Jordan,JOR,1996,2.91,4.508
Jordan,JOR,1997,2.83,4.318
Jordan,JOR,1998,2.74,4.112
Jordan,JOR,1999,2.66,3.971
Jordan,JOR,2000,2.58,3.864
Jordan,JOR,2001,2.5,3.803
Jordan,JOR,2002,2.42,3.805
Jordan,JOR,2003,2.35,3.816
Jordan,JOR,2004,2.27,3.729
Jordan,JOR,2005,2.2,3.653
Jordan,JOR,2006,2.13,3.711
Jordan,JOR,2007,2.07,3.797
Jordan,JOR,2008,2.0,3.876
Jordan,JOR,2009,1.94,3.841
Jordan,JOR,2010,1.89,3.78
Jordan,JOR,2011,1.83,3.69
Jordan,JOR,2012,1.78,3.568
Jordan,JOR,2013,1.74,3.449
Jordan,JOR,2014,1.69,3.302
Jordan,JOR,2015,1.65,3.141
Jordan,JOR,2016,1.6,3.072
Jordan,JOR,2017,1.56,2.994
Jordan,JOR,2018,1.52,2.923
Jordan,JOR,2019,1.48,2.855
Jordan,JOR,2020,1.44,2.791
Jordan,JOR,2021,1.4,2.735
Jordan,JOR,2022,1.36,2.679
Jordan,JOR,2023,1.32,2.639
Kazakhstan,KAZ,1950,8.54,4.56
Kazakhstan,KAZ,1951,8.54,4.539
Kazakhstan,KAZ,1952,8.54,4.511
Kazakhstan,KAZ,1953,8.54,4.496
Kazakhstan,KAZ,1954,8.54,4.482
Kazakhstan,KAZ,1955,8.54,4.506
Kazakhstan,KAZ,1956,8.54,4.571
Kazakhstan,KAZ,1957,8.54,4.638
Kazakhstan,KAZ,1958,8.54,4.678
Kazakhstan,KAZ,1959,8.54,4.569
Kazakhstan,KAZ,1960,8.54,4.495
Kazakhstan,KAZ,1961,8.54,4.424
Kazakhstan,KAZ,1962,8.54,4.357
Kazakhstan,KAZ,1963,8.54,4.264
Kazakhstan,KAZ,1964,8.54,4.071
Kazakhstan,KAZ,1965,8.54,3.881
Kazakhstan,KAZ,1966,8.54,3.819
Kazakhstan,KAZ,1967,8.54,3.769
Kazakhstan,KAZ,1968,8.54,3.629
Kazakhstan,KAZ,1969,8.54,3.509
Kazakhstan,KAZ,1970,8.54,3.505
Kazakhstan,KAZ,1971,8.54,3.534
Kazakhstan,KAZ,1972,8.33,3.553
Kazakhstan,KAZ,1973,8.14,3.508
Kazakhstan,KAZ,1974,7.96,3.453
Kazakhstan,KAZ,1975,7.8,3.398
Kazakhstan,KAZ,1976,7.66,3.332
Kazakhstan,KAZ,1977,7.53,3.257
Kazakhstan,KAZ,1978,7.39,3.156
Kazakhstan,KAZ,1979,7.24,3.137
Kazakhstan,KAZ,1980,7.05,3.092
Kazakhstan,KAZ,1981,6.83,3.052
Kazakhstan,KAZ,1982,6.6,3.02
Kazakhstan,KAZ,1983,6.38,3.068
Kazakhstan,KAZ,1984,6.16,3.146
Kazakhstan,KAZ,1985,5.94,3.208
Kazakhstan,KAZ,1986,5.73,3.189
Kazakhstan,KAZ,1987,5.54,3.122
Kazakhstan,KAZ,1988,5.37,3.001
Kazakhstan,KAZ,1989,5.23,2.866
Kazakhstan,KAZ,1990,5.16,2.745
Kazakhstan,KAZ,1991,5.13,2.677
Kazakhstan,KAZ,1992,5.16,2.584
Kazakhstan,KAZ,1993,5.23,2.483
Kazakhstan,KAZ,1994,5.28,2.378
Kazakhstan,KAZ,1995,5.26,2.253
Kazakhstan,KAZ,1996,5.16,2.084
Kazakhstan,KAZ,1997,4.99,1.97
Kazakhstan,KAZ,1998,4.76,1.938
Kazakhstan,KAZ,1999,4.51,1.902
Kazakhstan,KAZ,2000,4.25,1.898
Kazakhstan,KAZ,2001,3.99,1.906
Kazakhstan,KAZ,2002,3.76,1.956
Kazakhstan,KAZ,2003,3.54,2.075
Kazakhstan,KAZ,2004,3.33,2.201
Kazakhstan,KAZ,2005,3.12,2.274
Kazakhstan,KAZ,2006,2.9,2.38
Kazakhstan,KAZ,2007,2.69,2.49
Kazakhstan,KAZ,2008,2.47,2.616
Kazakhstan,KAZ,2009,2.25,2.58
Kazakhstan,KAZ,2010,2.04,2.61
Kazakhstan,KAZ,2011,1.83,2.605
Kazakhstan,KAZ,2012,1.63,2.64
Kazakhstan,KAZ,2013,1.46,2.67
Kazakhstan,KAZ,2014,1.3,2.76
Kazakhstan,KAZ,2015,1.19,2.755
Kazakhstan,KAZ,2016,1.1,2.795
Kazakhstan,KAZ,2017,1.05,2.745
Kazakhstan,KAZ,2018,1.03,2.845
Kazakhstan,KAZ,2019,1.02,2.89
Kazakhstan,KAZ,2020,1.01,3.13
Kazakhstan,KAZ,2021,1.0,3.32
Kazakhstan,KAZ,2022,0.98,3.05
Kazakhstan,KAZ,2023,0.96,3.012
Kenya,KEN,1950,31.98,7.389
Kenya,KEN,1951,30.54,7.4
Kenya,KEN,1952,29.74,7.41
Kenya,KEN,1953,28.09,7.426
Kenya,KEN,1954,26.58,7.434
Kenya,KEN,1955,25.16,7.46
Kenya,KEN,1956,23.84,7.513
Kenya,KEN,1957,22.64,7.571
Kenya,KEN,1958,21.54,7.604
Kenya,KEN,1959,20.54,7.643
Kenya,KEN,1960,19.63,7.651
Kenya,KEN,1961,18.83,7.715
Kenya,KEN,1962,18.11,7.769
Kenya,KEN,1963,17.5,7.817
Kenya,KEN,1964,17.0,7.869
Kenya,KEN,1965,16.59,7.923
Kenya,KEN,1966,16.25,7.955
Kenya,KEN,1967,15.95,7.953
Kenya,KEN,1968,15.66,7.948
Kenya,KEN,1969,15.35,7.947
Kenya,KEN,1970,15.03,7.943
Kenya,KEN,1971,14.69,7.922
Kenya,KEN,1972,14.33,7.894
Kenya,KEN,1973,13.95,7.86
Kenya,KEN,1974,13.54,7.822
Kenya,KEN,1975,13.12,7.795
Kenya,KEN,1976,12.67,7.767
Kenya,KEN,1977,12.23,7.729
Kenya,KEN,1978,11.78,7.666
Kenya,KEN,1979,11.35,7.598
Kenya,KEN,1980,10.96,7.531
Kenya,KEN,1981,10.59,7.454
Kenya,KEN,1982,10.26,7.345
Kenya,KEN,1983,9.98,7.218
Kenya,KEN,1984,9.74,7.083
Kenya,KEN,1985,9.57,6.96
Kenya,KEN,1986,9.49,6.84
Kenya,KEN,1987,9.51,6.686
Kenya,KEN,1988,9.63,6.515
Kenya,KEN,1989,9.85,6.332
Kenya,KEN,1990,10.14,6.135
Kenya,KEN,1991,10.46,5.94
Kenya,KEN,1992,10.74,5.74
Kenya,KEN,1993,10.93,5.569
Kenya,KEN,1994,11.02,5.438
Kenya,KEN,1995,11.0,5.372
Kenya,KEN,1996,10.89,5.307
Kenya,KEN,1997,10.7,5.268
Kenya,KEN,1998,10.42,5.244
Kenya,KEN,1999,10.06,5.177
Kenya,KEN,2000,9.63,5.136
Kenya,KEN,2001,9.16,5.094
Kenya,KEN,2002,8.66,5.027
Kenya,KEN,2003,8.16,4.937
Kenya,KEN,2004,7.66,4.861
Kenya,KEN,2005,7.15,4.801
Kenya,KEN,2006,6.71,4.754
Kenya,KEN,2007,6.32,4.718
Kenya,KEN,2008,5.82,4.66
Kenya,KEN,2009,5.54,4.567
Kenya,KEN,2010,5.35,4.446
Kenya,KEN,2011,5.22,4.284
Kenya,KEN,2012,5.12,4.116
Kenya,KEN,2013,5.0,3.955
Kenya,KEN,2014,4.88,3.843
Kenya,KEN,2015,4.74,3.766
Kenya,KEN,2016,4.6,3.689
Kenya,KEN,2017,4.53,3.609
Kenya,KEN,2018,4.43,3.536
Kenya,KEN,2019,4.33,3.433
Kenya,KEN,2020,4.28,3.364
Kenya,KEN,2021,4.19,3.312
Kenya,KEN,2022,4.11,3.262
Kenya,KEN,2023,3.99,3.208
Kiribati,KIR,1946,22.3,6.13
Kiribati,KIR,1947,22.22,6.13
Kiribati,KIR,1948,22.16,6.13
Kiribati,KIR,1949,22.06,6.13
Kiribati,KIR,1950,22.01,6.13
Kiribati,KIR,1951,21.92,6.172
Kiribati,KIR,1952,21.85,6.212
Kiribati,KIR,1953,21.77,6.262
Kiribati,KIR,1954,21.65,6.303
Kiribati,KIR,1955,21.51,6.324
Kiribati,KIR,1956,21.29,6.343
Kiribati,KIR,1957,21.03,6.364
Kiribati,KIR,1958,20.74,6.376
Kiribati,KIR,1959,20.38,6.4
Kiribati,KIR,1960,19.93,6.441
Kiribati,KIR,1961,19.45,6.477
Kiribati,KIR,1962,18.9,6.415
Kiribati,KIR,1963,18.33,6.35
Kiribati,KIR,1964,17.7,6.289
Kiribati,KIR,1965,17.05,6.262
Kiribati,KIR,1966,16.4,6.225
Kiribati,KIR,1967,15.77,6.112
Kiribati,KIR,1968,15.18,5.984
Kiribati,KIR,1969,14.63,5.848
Kiribati,KIR,1970,14.11,5.706
Kiribati,KIR,1971,13.67,5.554
Kiribati,KIR,1972,13.27,5.374
Kiribati,KIR,1973,12.95,5.199
Kiribati,KIR,1974,12.72,5.094
Kiribati,KIR,1975,12.54,5.019
Kiribati,KIR,1976,12.41,4.964
Kiribati,KIR,1977,12.29,4.957
Kiribati,KIR,1978,12.17,4.969
Kiribati,KIR,1979,12.04,4.965
Kiribati,KIR,1980,11.91,4.964
Kiribati,KIR,1981,11.74,4.961
Kiribati,KIR,1982,11.56,4.952
Kiribati,KIR,1983,11.35,4.914
Kiribati,KIR,1984,11.12,4.91
Kiribati,KIR,1985,10.85,4.911
Kiribati,KIR,1986,10.55,4.871
Kiribati,KIR,1987,10.22,4.806
Kiribati,KIR,1988,9.87,4.733
Kiribati,KIR,1989,9.5,4.693
Kiribati,KIR,1990,9.13,4.668
Kiribati,KIR,1991,8.77,4.642
Kiribati,KIR,1992,8.44,4.568
Kiribati,KIR,1993,8.13,4.487
Kiribati,KIR,1994,7.87,4.442
Kiribati,KIR,1995,7.64,4.419
Kiribati,KIR,1996,7.42,4.425
Kiribati,KIR,1997,7.22,4.368
Kiribati,KIR,1998,7.02,4.29
Kiribati,KIR,1999,6.83,4.185
Kiribati,KIR,2000,6.64,4.071
Kiribati,KIR,2001,6.46,3.957
Kiribati,KIR,2002,6.31,3.814
Kiribati,KIR,2003,6.2,3.702
Kiribati,KIR,2004,6.13,3.734
Kiribati,KIR,2005,6.07,3.76
Kiribati,KIR,2006,6.03,3.815
Kiribati,KIR,2007,5.99,3.865
Kiribati,KIR,2008,5.93,3.899
Kiribati,KIR,2009,5.87,3.905
Kiribati,KIR,2010,5.82,3.898
Kiribati,KIR,2011,5.79,3.878
Kiribati,KIR,2012,5.78,3.768
Kiribati,KIR,2013,5.8,3.643
Kiribati,KIR,2014,5.84,3.521
Kiribati,KIR,2015,5.89,3.438
Kiribati,KIR,2016,5.95,3.375
Kiribati,KIR,2017,5.99,3.339
Kiribati,KIR,2018,5.98,3.318
Kiribati,KIR,2019,5.93,3.29
Kiribati,KIR,2020,5.86,3.254
Kiribati,KIR,2021,5.76,3.219
Kiribati,KIR,2022,5.65,3.182
Kiribati,KIR,2023,5.51,3.147
Kosovo,OWID_KOS,1950,14.6,6.953
Kosovo,OWID_KOS,1951,14.6,6.946
Kosovo,OWID_KOS,1952,14.6,6.941
Kosovo,OWID_KOS,1953,14.6,6.91
Kosovo,OWID_KOS,1954,14.6,6.833
Kosovo,OWID_KOS,1955,14.6,6.741
Kosovo,OWID_KOS,1956,14.6,6.631
Kosovo,OWID_KOS,1957,14.6,6.517
Kosovo,OWID_KOS,1958,14.6,6.404
Kosovo,OWID_KOS,1959,14.6,6.374
Kosovo,OWID_KOS,1960,14.6,6.359
Kosovo,OWID_KOS,1961,14.6,6.314
Kosovo,OWID_KOS,1962,14.6,6.244
Kosovo,OWID_KOS,1963,14.6,6.176
Kosovo,OWID_KOS,1964,14.6,6.112
Kosovo,OWID_KOS,1965,14.6,6.035
Kosovo,OWID_KOS,1966,14.6,5.947
Kosovo,OWID_KOS,1967,14.6,5.877
Kosovo,OWID_KOS,1968,14.6,5.812
Kosovo,OWID_KOS,1969,14.6,5.731
Kosovo,OWID_KOS,1970,14.6,5.624
Kosovo,OWID_KOS,1971,14.6,5.556
Kosovo,OWID_KOS,1972,14.6,5.488
Kosovo,OWID_KOS,1973,14.6,5.418
Kosovo,OWID_KOS,1974,14.6,5.373
Kosovo,OWID_KOS,1975,14.6,5.283
Kosovo,OWID_KOS,1976,14.6,5.185
Kosovo,OWID_KOS,1977,14.6,5.012
Kosovo,OWID_KOS,1978,14.6,4.831
Kosovo,OWID_KOS,1979,14.6,4.697
Kosovo,OWID_KOS,1980,14.6,4.658
Kosovo,OWID_KOS,1981,14.6,4.501
Kosovo,OWID_KOS,1982,14.6,4.493
Kosovo,OWID_KOS,1983,14.6,4.462
Kosovo,OWID_KOS,1984,14.6,4.406
Kosovo,OWID_KOS,1985,14.6,4.197
Kosovo,OWID_KOS,1986,13.62,4.115
Kosovo,OWID_KOS,1987,12.73,4.098
Kosovo,OWID_KOS,1988,11.89,3.967
Kosovo,OWID_KOS,1989,11.11,3.672
Kosovo,OWID_KOS,1990,10.38,3.666
Kosovo,OWID_KOS,1991,9.71,3.373
Kosovo,OWID_KOS,1992,9.06,2.765
Kosovo,OWID_KOS,1993,8.46,2.65
Kosovo,OWID_KOS,1994,7.88,2.524
Kosovo,OWID_KOS,1995,7.31,2.524
Kosovo,OWID_KOS,1996,6.77,2.536
Kosovo,OWID_KOS,1997,6.25,2.312
Kosovo,OWID_KOS,1998,5.75,2.35
Kosovo,OWID_KOS,1999,5.28,2.634
Kosovo,OWID_KOS,2000,4.83,2.698
Kosovo,OWID_KOS,2001,4.41,2.765
Kosovo,OWID_KOS,2002,4.02,2.791
Kosovo,OWID_KOS,2003,3.66,2.67
Kosovo,OWID_KOS,2004,3.34,2.65
Kosovo,OWID_KOS,2005,3.05,2.623
Kosovo,OWID_KOS,2006,2.79,2.494
Kosovo,OWID_KOS,2007,2.56,2.393
Kosovo,OWID_KOS,2008,2.36,2.359
Kosovo,OWID_KOS,2009,2.17,2.317
Kosovo,OWID_KOS,2010,2.01,2.223
Kosovo,OWID_KOS,2011,1.87,2.038
Kosovo,OWID_KOS,2012,1.74,1.969
Kosovo,OWID_KOS,2013,1.63,1.953
Kosovo,OWID_KOS,2014,1.52,1.87
Kosovo,OWID_KOS,2015,1.43,1.763
Kosovo,OWID_KOS,2016,1.34,1.641
Kosovo,OWID_KOS,2017,1.26,1.618
Kosovo,OWID_KOS,2018,1.19,1.581
Kosovo,OWID_KOS,2019,1.12,1.575
Kosovo,OWID_KOS,2020,1.05,1.567
Kosovo,OWID_KOS,2021,1.0,1.561
Kosovo,OWID_KOS,2022,0.95,1.555
Kosovo,OWID_KOS,2023,0.91,1.545
Kuwait,KWT,1950,15.22,7.115
Kuwait,KWT,1951,15.22,7.121
Kuwait,KWT,1952,15.22,7.127
Kuwait,KWT,1953,15.22,7.136
Kuwait,KWT,1954,15.22,7.135
Kuwait,KWT,1955,15.22,7.14
Kuwait,KWT,1956,15.22,7.154
Kuwait,KWT,1957,15.22,7.167
Kuwait,KWT,1958,15.22,7.188
Kuwait,KWT,1959,15.22,7.203
Kuwait,KWT,1960,14.19,7.223
Kuwait,KWT,1961,13.22,7.248
Kuwait,KWT,1962,12.3,7.254
Kuwait,KWT,1963,11.44,7.275
Kuwait,KWT,1964,10.61,7.286
Kuwait,KWT,1965,9.86,7.314
Kuwait,KWT,1966,9.17,7.34
Kuwait,KWT,1967,8.55,7.326
Kuwait,KWT,1968,7.98,7.278
Kuwait,KWT,1969,7.47,7.181
Kuwait,KWT,1970,7.0,7.025
Kuwait,KWT,1971,6.57,6.839
Kuwait,KWT,1972,6.17,6.637
Kuwait,KWT,1973,5.8,6.43
Kuwait,KWT,1974,5.45,6.233
Kuwait,KWT,1975,5.12,6.059
Kuwait,KWT,1976,4.8,5.896
Kuwait,KWT,1977,4.49,5.712
Kuwait,KWT,1978,4.19,5.521
Kuwait,KWT,1979,3.89,5.333
Kuwait,KWT,1980,3.59,5.184
Kuwait,KWT,1981,3.29,5.021
Kuwait,KWT,1982,3.0,4.848
Kuwait,KWT,1983,2.72,4.658
Kuwait,KWT,1984,2.48,4.452
Kuwait,KWT,1985,2.3,4.218
Kuwait,KWT,1986,2.16,4.003
Kuwait,KWT,1987,2.04,3.827
Kuwait,KWT,1988,1.93,3.702
Kuwait,KWT,1989,1.83,3.593
Kuwait,KWT,1990,1.73,3.487
Kuwait,KWT,1991,1.64,3.398
Kuwait,KWT,1992,1.57,3.353
Kuwait,KWT,1993,1.52,3.313
Kuwait,KWT,1994,1.49,3.272
Kuwait,KWT,1995,1.46,3.248
Kuwait,KWT,1996,1.42,3.223
Kuwait,KWT,1997,1.38,3.135
Kuwait,KWT,1998,1.34,3.039
Kuwait,KWT,1999,1.3,2.952
Kuwait,KWT,2000,1.27,2.887
Kuwait,KWT,2001,1.25,2.839
Kuwait,KWT,2002,1.23,2.795
Kuwait,KWT,2003,1.21,2.771
Kuwait,KWT,2004,1.19,2.762
Kuwait,KWT,2005,1.17,2.731
Kuwait,KWT,2006,1.16,2.589
Kuwait,KWT,2007,1.14,2.412
Kuwait,KWT,2008,1.12,2.266
Kuwait,KWT,2009,1.1,2.155
Kuwait,KWT,2010,1.07,2.044
Kuwait,KWT,2011,1.03,1.956
Kuwait,KWT,2012,0.99,1.99
Kuwait,KWT,2013,0.96,1.968
Kuwait,KWT,2014,0.93,2.06
Kuwait,KWT,2015,0.91,2.03
Kuwait,KWT,2016,0.9,2.061
Kuwait,KWT,2017,0.89,2.16
Kuwait,KWT,2018,0.89,2.118
Kuwait,KWT,2019,0.89,2.087
Kuwait,KWT,2020,0.89,2.099
Kuwait,KWT,2021,0.89,1.82
Kuwait,KWT,2022,0.88,1.547
Kuwait,KWT,2023,0.88,1.525
Kyrgyzstan,KGZ,1950,12.03,4.626
Kyrgyzstan,KGZ,1951,12.03,4.629
Kyrgyzstan,KGZ,1952,12.03,4.676
Kyrgyzstan,KGZ,1953,12.03,4.727
Kyrgyzstan,KGZ,1954,12.03,4.78
Kyrgyzstan,KGZ,1955,12.03,4.841
Kyrgyzstan,KGZ,1956,12.03,4.896
Kyrgyzstan,KGZ,1957,12.03,4.993
Kyrgyzstan,KGZ,1958,12.03,5.141
Kyrgyzstan,KGZ,1959,12.03,5.229
Kyrgyzstan,KGZ,1960,12.03,5.309
Kyrgyzstan,KGZ,1961,12.03,5.364
Kyrgyzstan,KGZ,1962,12.03,5.421
Kyrgyzstan,KGZ,1963,12.03,5.479
Kyrgyzstan,KGZ,1964,12.03,5.433
Kyrgyzstan,KGZ,1965,12.03,5.375
Kyrgyzstan,KGZ,1966,12.03,5.321
Kyrgyzstan,KGZ,1967,12.03,5.255
Kyrgyzstan,KGZ,1968,12.03,5.182
Kyrgyzstan,KGZ,1969,12.03,5.183
Kyrgyzstan,KGZ,1970,12.03,5.203
Kyrgyzstan,KGZ,1971,11.79,5.181
Kyrgyzstan,KGZ,1972,11.57,5.137
Kyrgyzstan,KGZ,1973,11.38,5.024
Kyrgyzstan,KGZ,1974,11.2,4.891
Kyrgyzstan,KGZ,1975,11.46,4.764
Kyrgyzstan,KGZ,1976,11.17,4.676
Kyrgyzstan,KGZ,1977,10.87,4.593
Kyrgyzstan,KGZ,1978,10.57,4.526
Kyrgyzstan,KGZ,1979,10.26,4.377
Kyrgyzstan,KGZ,1980,9.92,4.225
Kyrgyzstan,KGZ,1981,9.56,4.188
Kyrgyzstan,KGZ,1982,9.17,4.198
Kyrgyzstan,KGZ,1983,8.75,4.165
Kyrgyzstan,KGZ,1984,8.34,4.198
Kyrgyzstan,KGZ,1985,7.92,4.203
Kyrgyzstan,KGZ,1986,7.54,4.221
Kyrgyzstan,KGZ,1987,7.18,4.163
Kyrgyzstan,KGZ,1988,6.87,4.031
Kyrgyzstan,KGZ,1989,6.64,3.907
Kyrgyzstan,KGZ,1990,6.52,3.798
Kyrgyzstan,KGZ,1991,6.47,3.737
Kyrgyzstan,KGZ,1992,6.47,3.637
Kyrgyzstan,KGZ,1993,6.49,3.41
Kyrgyzstan,KGZ,1994,6.48,3.283
Kyrgyzstan,KGZ,1995,6.36,3.291
Kyrgyzstan,KGZ,1996,6.17,3.092
Kyrgyzstan,KGZ,1997,5.92,2.88
Kyrgyzstan,KGZ,1998,5.63,2.795
Kyrgyzstan,KGZ,1999,5.35,2.714
Kyrgyzstan,KGZ,2000,5.08,2.576
Kyrgyzstan,KGZ,2001,4.81,2.546
Kyrgyzstan,KGZ,2002,4.57,2.566
Kyrgyzstan,KGZ,2003,4.33,2.595
Kyrgyzstan,KGZ,2004,4.12,2.631
Kyrgyzstan,KGZ,2005,3.93,2.645
Kyrgyzstan,KGZ,2006,3.76,2.744
Kyrgyzstan,KGZ,2007,3.57,2.781
Kyrgyzstan,KGZ,2008,3.37,2.838
Kyrgyzstan,KGZ,2009,3.16,2.955
Kyrgyzstan,KGZ,2010,2.96,3.096
Kyrgyzstan,KGZ,2011,2.77,3.14
Kyrgyzstan,KGZ,2012,2.6,3.183
Kyrgyzstan,KGZ,2013,2.47,3.15
Kyrgyzstan,KGZ,2014,2.35,3.21
Kyrgyzstan,KGZ,2015,2.22,3.208
Kyrgyzstan,KGZ,2016,2.11,3.104
Kyrgyzstan,KGZ,2017,2.0,3.044
Kyrgyzstan,KGZ,2018,1.91,3.28
Kyrgyzstan,KGZ,2019,1.84,3.33
Kyrgyzstan,KGZ,2020,1.78,3.05
Kyrgyzstan,KGZ,2021,1.75,2.89
Kyrgyzstan,KGZ,2022,1.72,2.81
Kyrgyzstan,KGZ,2023,1.7,2.8
Laos,LAO,1950,25.15,6.248
Laos,LAO,1951,25.15,6.233
Laos,LAO,1952,25.15,6.243
Laos,LAO,1953,25.15,6.254
Laos,LAO,1954,25.15,6.245
Laos,LAO,1955,25.15,6.258
Laos,LAO,1956,25.15,6.27
Laos,LAO,1957,25.15,6.268
Laos,LAO,1958,25.15,6.278
Laos,LAO,1959,25.15,6.289
Laos,LAO,1960,25.15,6.292
Laos,LAO,1961,24.960555555555555,6.31
Laos,LAO,1962,24.77111111111111,6.313
Laos,LAO,1963,24.581666666666663,6.318
Laos,LAO,1964,24.39222222222222,6.313
Laos,LAO,1965,24.202777777777776,6.316
Laos,LAO,1966,24.013333333333332,6.307
Laos,LAO,1967,23.823888888888888,6.306
Laos,LAO,1968,23.634444444444444,6.298
Laos,LAO,1969,23.445,6.301
Laos,LAO,1970,23.255555555555553,6.31
Laos,LAO,1971,23.06611111111111,6.295
Laos,LAO,1972,22.876666666666665,6.284
Laos,LAO,1973,22.68722222222222,6.281
Laos,LAO,1974,22.497777777777777,6.289
Laos,LAO,1975,22.30833333333333,6.287
Laos,LAO,1976,22.118888888888886,6.289
Laos,LAO,1977,21.929444444444442,6.293
Laos,LAO,1978,21.74,6.298
Laos,LAO,1979,21.14,6.314
Laos,LAO,1980,20.56,6.332
Laos,LAO,1981,20.0,6.35
Laos,LAO,1982,19.47,6.369
Laos,LAO,1983,18.94,6.376
Laos,LAO,1984,18.44,6.37
Laos,LAO,1985,17.95,6.328
Laos,LAO,1986,17.44,6.255
Laos,LAO,1987,16.94,6.205
Laos,LAO,1988,16.43,6.158
Laos,LAO,1989,15.93,6.102
Laos,LAO,1990,15.41,6.057
Laos,LAO,1991,14.9,5.986
Laos,LAO,1992,14.39,5.9
Laos,LAO,1993,13.87,5.798
Laos,LAO,1994,13.39,5.598
Laos,LAO,1995,12.91,5.355
Laos,LAO,1996,12.45,5.148
Laos,LAO,1997,12.01,4.961
Laos,LAO,1998,11.58,4.792
Laos,LAO,1999,11.17,4.639
Laos,LAO,2000,10.75,4.429
Laos,LAO,2001,10.34,4.29
Laos,LAO,2002,9.91,4.132
Laos,LAO,2003,9.49,4.024
Laos,LAO,2004,9.08,3.898
Laos,LAO,2005,8.68,3.685
Laos,LAO,2006,8.27,3.559
Laos,LAO,2007,7.88,3.438
Laos,LAO,2008,7.5,3.331
Laos,LAO,2009,7.14,3.229
Laos,LAO,2010,6.8,3.137
Laos,LAO,2011,6.47,3.049
Laos,LAO,2012,6.15,2.953
Laos,LAO,2013,5.86,2.872
Laos,LAO,2014,5.58,2.802
Laos,LAO,2015,5.32,2.796
Laos,LAO,2016,5.09,2.744
Laos,LAO,2017,4.88,2.691
Laos,LAO,2018,4.68,2.633
Laos,LAO,2019,4.51,2.589
Laos,LAO,2020,4.34,2.535
Laos,LAO,2021,4.19,2.494
Laos,LAO,2022,4.04,2.455
Laos,LAO,2023,3.9,2.421
Latin America and the Caribbean (UN),UN_LAC,1950,7.30375,5.792
Latin America and the Caribbean (UN),UN_LAC,1951,7.30375,5.795
Latin America and the Caribbean (UN),UN_LAC,1952,7.30375,5.799
Latin America and the Caribbean (UN),UN_LAC,1953,7.30375,5.807
Latin America and the Caribbean (UN),UN_LAC,1954,7.30375,5.818
Latin America and the Caribbean (UN),UN_LAC,1955,7.30375,5.828
Latin America and the Caribbean (UN),UN_LAC,1956,7.30375,5.843
Latin America and the Caribbean (UN),UN_LAC,1957,7.30375,5.853
Latin America and the Caribbean (UN),UN_LAC,1958,7.30375,5.858
Latin America and the Caribbean (UN),UN_LAC,1959,7.30375,5.866
Latin America and the Caribbean (UN),UN_LAC,1960,7.30375,5.866
Latin America and the Caribbean (UN),UN_LAC,1961,7.30375,5.856
Latin America and the Caribbean (UN),UN_LAC,1962,7.30375,5.846
Latin America and the Caribbean (UN),UN_LAC,1963,7.30375,5.821
Latin America and the Caribbean (UN),UN_LAC,1964,7.30375,5.763
Latin America and the Caribbean (UN),UN_LAC,1965,7.30375,5.681
Latin America and the Caribbean (UN),UN_LAC,1966,7.30375,5.58
Latin America and the Caribbean (UN),UN_LAC,1967,7.30375,5.472
Latin America and the Caribbean (UN),UN_LAC,1968,7.30375,5.364
Latin America and the Caribbean (UN),UN_LAC,1969,7.30375,5.267
Latin America and the Caribbean (UN),UN_LAC,1970,7.30375,5.17
Latin America and the Caribbean (UN),UN_LAC,1971,7.30375,5.074
Latin America and the Caribbean (UN),UN_LAC,1972,7.30375,4.97
Latin America and the Caribbean (UN),UN_LAC,1973,7.30375,4.867
Latin America and the Caribbean (UN),UN_LAC,1974,7.30375,4.75
Latin America and the Caribbean (UN),UN_LAC,1975,7.30375,4.644
Latin America and the Caribbean (UN),UN_LAC,1976,7.30375,4.547
Latin America and the Caribbean (UN),UN_LAC,1977,7.30375,4.452
Latin America and the Caribbean (UN),UN_LAC,1978,7.30375,4.353
Latin America and the Caribbean (UN),UN_LAC,1979,7.30375,4.249
Latin America and the Caribbean (UN),UN_LAC,1980,7.30375,4.145
Latin America and the Caribbean (UN),UN_LAC,1981,7.30375,4.05
Latin America and the Caribbean (UN),UN_LAC,1982,7.30375,3.96
Latin America and the Caribbean (UN),UN_LAC,1983,7.30375,3.864
Latin America and the Caribbean (UN),UN_LAC,1984,7.30375,3.765
Latin America and the Caribbean (UN),UN_LAC,1985,7.30375,3.67
Latin America and the Caribbean (UN),UN_LAC,1986,7.30375,3.582
Latin America and the Caribbean (UN),UN_LAC,1987,7.30375,3.483
Latin America and the Caribbean (UN),UN_LAC,1988,7.30375,3.394
Latin America and the Caribbean (UN),UN_LAC,1989,7.30375,3.317
Latin America and the Caribbean (UN),UN_LAC,1990,7.30375,3.242
Latin America and the Caribbean (UN),UN_LAC,1991,7.30375,3.169
Latin America and the Caribbean (UN),UN_LAC,1992,7.30375,3.095
Latin America and the Caribbean (UN),UN_LAC,1993,7.30375,3.038
Latin America and the Caribbean (UN),UN_LAC,1994,7.30375,2.977
Latin America and the Caribbean (UN),UN_LAC,1995,7.30375,2.917
Latin America and the Caribbean (UN),UN_LAC,1996,7.30375,2.85
Latin America and the Caribbean (UN),UN_LAC,1997,7.30375,2.794
Latin America and the Caribbean (UN),UN_LAC,1998,7.30375,2.739
Latin America and the Caribbean (UN),UN_LAC,1999,7.30375,2.674
Latin America and the Caribbean (UN),UN_LAC,2000,7.30375,2.609
Latin America and the Caribbean (UN),UN_LAC,2001,7.30375,2.543
Latin America and the Caribbean (UN),UN_LAC,2002,7.30375,2.482
Latin America and the Caribbean (UN),UN_LAC,2003,7.30375,2.423
Latin America and the Caribbean (UN),UN_LAC,2004,7.30375,2.381
Latin America and the Caribbean (UN),UN_LAC,2005,7.30375,2.342
Latin America and the Caribbean (UN),UN_LAC,2006,7.30375,2.297
Latin America and the Caribbean (UN),UN_LAC,2007,7.30375,2.259
Latin America and the Caribbean (UN),UN_LAC,2008,7.30375,2.232
Latin America and the Caribbean (UN),UN_LAC,2009,7.30375,2.208
Latin America and the Caribbean (UN),UN_LAC,2010,7.30375,2.181
Latin America and the Caribbean (UN),UN_LAC,2011,7.30375,2.164
Latin America and the Caribbean (UN),UN_LAC,2012,7.30375,2.135
Latin America and the Caribbean (UN),UN_LAC,2013,7.30375,2.113
Latin America and the Caribbean (UN),UN_LAC,2014,7.30375,2.096
Latin America and the Caribbean (UN),UN_LAC,2015,7.30375,2.066
Latin America and the Caribbean (UN),UN_LAC,2016,7.30375,2.015
Latin America and the Caribbean (UN),UN_LAC,2017,7.30375,1.991
Latin America and the Caribbean (UN),UN_LAC,2018,7.30375,1.973
Latin America and the Caribbean (UN),UN_LAC,2019,7.30375,1.928
Latin America and the Caribbean (UN),UN_LAC,2020,7.30375,1.869
Latin America and the Caribbean (UN),UN_LAC,2021,7.30375,1.845
Latin America and the Caribbean (UN),UN_LAC,2022,7.30375,1.824
Latin America and the Caribbean (UN),UN_LAC,2023,7.30375,1.807
Latvia,LVA,1950,4.52,2.075
Latvia,LVA,1951,4.52,2.01
Latvia,LVA,1952,4.52,1.942
Latvia,LVA,1953,4.52,1.846
Latvia,LVA,1954,4.52,1.92
Latvia,LVA,1955,4.52,1.881
Latvia,LVA,1956,4.52,1.837
Latvia,LVA,1957,4.52,1.868
Latvia,LVA,1958,4.52,1.917
Latvia,LVA,1959,4.52,1.922
Latvia,LVA,1960,3.9,1.941
Latvia,LVA,1961,3.47,1.964
Latvia,LVA,1962,3.65,1.915
Latvia,LVA,1963,3.7,1.851
Latvia,LVA,1964,3.21,1.813
Latvia,LVA,1965,2.82,1.729
Latvia,LVA,1966,2.66,1.786
Latvia,LVA,1967,2.74,1.819
Latvia,LVA,1968,2.86,1.86
Latvia,LVA,1969,2.7,1.88
Latvia,LVA,1970,2.71,1.964
Latvia,LVA,1971,2.38,2.023
Latvia,LVA,1972,2.34,2.009
Latvia,LVA,1973,2.33,1.946
Latvia,LVA,1974,2.71,1.978
Latvia,LVA,1975,2.93,1.948
Latvia,LVA,1976,2.91,1.912
Latvia,LVA,1977,2.6,1.87
Latvia,LVA,1978,2.69,1.848
Latvia,LVA,1979,2.08,1.85
Latvia,LVA,1980,2.07,1.876
Latvia,LVA,1981,2.06,1.874
Latvia,LVA,1982,2.03,1.953
Latvia,LVA,1983,1.96,2.097
Latvia,LVA,1984,1.87,2.112
Latvia,LVA,1985,1.75,2.061
Latvia,LVA,1986,1.64,2.173
Latvia,LVA,1987,1.55,2.179
Latvia,LVA,1988,1.53,2.14
Latvia,LVA,1989,1.58,2.029
Latvia,LVA,1990,1.7,1.987
Latvia,LVA,1991,1.83,1.844
Latvia,LVA,1992,1.93,1.72
Latvia,LVA,1993,1.99,1.503
Latvia,LVA,1994,2.0,1.384
Latvia,LVA,1995,1.98,1.252
Latvia,LVA,1996,1.9,1.161
Latvia,LVA,1997,1.79,1.117
Latvia,LVA,1998,1.67,1.104
Latvia,LVA,1999,1.54,1.171
Latvia,LVA,2000,1.42,1.244
Latvia,LVA,2001,1.33,1.223
Latvia,LVA,2002,1.26,1.258
Latvia,LVA,2003,1.19,1.322
Latvia,LVA,2004,1.12,1.297
Latvia,LVA,2005,1.05,1.389
Latvia,LVA,2006,0.99,1.464
Latvia,LVA,2007,0.93,1.542
Latvia,LVA,2008,0.88,1.585
Latvia,LVA,2009,0.83,1.472
Latvia,LVA,2010,0.78,1.367
Latvia,LVA,2011,0.72,1.343
Latvia,LVA,2012,0.66,1.444
Latvia,LVA,2013,0.6,1.527
Latvia,LVA,2014,0.55,1.646
Latvia,LVA,2015,0.51,1.706
Latvia,LVA,2016,0.47,1.742
Latvia,LVA,2017,0.45,1.698
Latvia,LVA,2018,0.42,1.612
Latvia,LVA,2019,0.4,1.609
Latvia,LVA,2020,0.37,1.546
Latvia,LVA,2021,0.35,1.572
Latvia,LVA,2022,0.32,1.47
Latvia,LVA,2023,0.3,1.338
Least developed countries,,1950,7.30375,6.42
Least developed countries,,1951,7.30375,6.431
Least developed countries,,1952,7.30375,6.443
Least developed countries,,1953,7.30375,6.458
Least developed countries,,1954,7.30375,6.478
Least developed countries,,1955,7.30375,6.494
Least developed countries,,1956,7.30375,6.512
Least developed countries,,1957,7.30375,6.532
Least developed countries,,1958,7.30375,6.551
Least developed countries,,1959,7.30375,6.581
Least developed countries,,1960,7.30375,6.609
Least developed countries,,1961,7.30375,6.631
Least developed countries,,1962,7.30375,6.651
Least developed countries,,1963,7.30375,6.663
Least developed countries,,1964,7.30375,6.674
Least developed countries,,1965,7.30375,6.683
Least developed countries,,1966,7.30375,6.694
Least developed countries,,1967,7.30375,6.709
Least developed countries,,1968,7.30375,6.716
Least developed countries,,1969,7.30375,6.722
Least developed countries,,1970,7.30375,6.735
Least developed countries,,1971,7.30375,6.739
Least developed countries,,1972,7.30375,6.738
Least developed countries,,1973,7.30375,6.725
Least developed countries,,1974,7.30375,6.713
Least developed countries,,1975,7.30375,6.692
Least developed countries,,1976,7.30375,6.669
Least developed countries,,1977,7.30375,6.645
Least developed countries,,1978,7.30375,6.642
Least developed countries,,1979,7.30375,6.639
Least developed countries,,1980,7.30375,6.624
Least developed countries,,1981,7.30375,6.593
Least developed countries,,1982,7.30375,6.555
Least developed countries,,1983,7.30375,6.499
Least developed countries,,1984,7.30375,6.438
Least developed countries,,1985,7.30375,6.362
Least developed countries,,1986,7.30375,6.269
Least developed countries,,1987,7.30375,6.179
Least developed countries,,1988,7.30375,6.088
Least developed countries,,1989,7.30375,6.019
Least developed countries,,1990,7.30375,5.943
Least developed countries,,1991,7.30375,5.853
Least developed countries,,1992,7.30375,5.767
Least developed countries,,1993,7.30375,5.694
Least developed countries,,1994,7.30375,5.631
Least developed countries,,1995,7.30375,5.56
Least developed countries,,1996,7.30375,5.487
Least developed countries,,1997,7.30375,5.433
Least developed countries,,1998,7.30375,5.364
Least developed countries,,1999,7.30375,5.3
Least developed countries,,2000,7.30375,5.234
Least developed countries,,2001,7.30375,5.164
Least developed countries,,2002,7.30375,5.096
Least developed countries,,2003,7.30375,5.028
Least developed countries,,2004,7.30375,4.965
Least developed countries,,2005,7.30375,4.902
Least developed countries,,2006,7.30375,4.838
Least developed countries,,2007,7.30375,4.771
Least developed countries,,2008,7.30375,4.703
Least developed countries,,2009,7.30375,4.638
Least developed countries,,2010,7.30375,4.563
Least developed countries,,2011,7.30375,4.491
Least developed countries,,2012,7.30375,4.431
Least developed countries,,2013,7.30375,4.378
Least developed countries,,2014,7.30375,4.33
Least developed countries,,2015,7.30375,4.289
Least developed countries,,2016,7.30375,4.251
Least developed countries,,2017,7.30375,4.209
Least developed countries,,2018,7.30375,4.168
Least developed countries,,2019,7.30375,4.125
Least developed countries,,2020,7.30375,4.077
Least developed countries,,2021,7.30375,4.029
Least developed countries,,2022,7.30375,3.984
Least developed countries,,2023,7.30375,3.936
Lebanon,LBN,1950,8.61,5.805
Lebanon,LBN,1951,8.61,5.805
Lebanon,LBN,1952,8.61,5.799
Lebanon,LBN,1953,8.61,5.805
Lebanon,LBN,1954,8.61,5.806
Lebanon,LBN,1955,8.61,5.811
Lebanon,LBN,1956,8.61,5.812
Lebanon,LBN,1957,8.32,5.809
Lebanon,LBN,1958,8.03,5.817
Lebanon,LBN,1959,7.74,5.841
Lebanon,LBN,1960,7.48,5.877
Lebanon,LBN,1961,7.24,5.891
Lebanon,LBN,1962,7.01,5.902
Lebanon,LBN,1963,6.8,5.905
Lebanon,LBN,1964,6.62,5.851
Lebanon,LBN,1965,6.46,5.768
Lebanon,LBN,1966,6.33,5.677
Lebanon,LBN,1967,6.22,5.569
Lebanon,LBN,1968,6.14,5.448
Lebanon,LBN,1969,6.07,5.316
Lebanon,LBN,1970,6.01,5.188
Lebanon,LBN,1971,5.98,5.05
Lebanon,LBN,1972,5.93,4.912
Lebanon,LBN,1973,5.88,4.79
Lebanon,LBN,1974,5.81,4.654
Lebanon,LBN,1975,5.73,4.521
Lebanon,LBN,1976,18.62,4.394
Lebanon,LBN,1977,7.51,4.279
Lebanon,LBN,1978,7.54,4.176
Lebanon,LBN,1979,7.6,4.077
Lebanon,LBN,1980,7.39,4.011
Lebanon,LBN,1981,7.16,3.953
Lebanon,LBN,1982,12.15,3.855
Lebanon,LBN,1983,5.39,3.734
Lebanon,LBN,1984,5.18,3.658
Lebanon,LBN,1985,4.96,3.533
Lebanon,LBN,1986,4.74,3.466
Lebanon,LBN,1987,5.75,3.42
Lebanon,LBN,1988,5.53,3.392
Lebanon,LBN,1989,3.34,3.363
Lebanon,LBN,1990,3.18,3.268
Lebanon,LBN,1991,3.03,3.162
Lebanon,LBN,1992,2.88,3.052
Lebanon,LBN,1993,2.75,2.937
Lebanon,LBN,1994,2.63,2.823
Lebanon,LBN,1995,2.52,2.725
Lebanon,LBN,1996,2.4,2.698
Lebanon,LBN,1997,2.3,2.667
Lebanon,LBN,1998,2.19,2.648
Lebanon,LBN,1999,2.09,2.631
Lebanon,LBN,2000,1.99,2.6
Lebanon,LBN,2001,1.89,2.576
Lebanon,LBN,2002,1.78,2.523
Lebanon,LBN,2003,1.69,2.457
Lebanon,LBN,2004,1.6,2.378
Lebanon,LBN,2005,1.52,2.291
Lebanon,LBN,2006,1.44,2.244
Lebanon,LBN,2007,1.38,2.201
Lebanon,LBN,2008,1.33,2.172
Lebanon,LBN,2009,1.3,2.191
Lebanon,LBN,2010,1.27,2.256
Lebanon,LBN,2011,1.25,2.32
Lebanon,LBN,2012,1.24,2.345
Lebanon,LBN,2013,1.24,2.361
Lebanon,LBN,2014,1.25,2.375
Lebanon,LBN,2015,1.27,2.382
Lebanon,LBN,2016,1.31,2.39
Lebanon,LBN,2017,1.35,2.372
Lebanon,LBN,2018,1.4,2.347
Lebanon,LBN,2019,1.47,2.327
Lebanon,LBN,2020,1.55,2.308
Lebanon,LBN,2021,1.63,2.283
Lebanon,LBN,2022,1.73,2.263
Lebanon,LBN,2023,1.83,2.239
Lesotho,LSO,1950,26.92,5.701
Lesotho,LSO,1951,25.74,5.721
Lesotho,LSO,1952,22.88,5.733
Lesotho,LSO,1953,22.12,5.745
Lesotho,LSO,1954,21.41,5.785
Lesotho,LSO,1955,20.71,5.786
Lesotho,LSO,1956,20.09,5.791
Lesotho,LSO,1957,19.55,5.791
Lesotho,LSO,1958,19.12,5.791
Lesotho,LSO,1959,18.79,5.787
Lesotho,LSO,1960,18.59,5.784
Lesotho,LSO,1961,18.5,5.785
Lesotho,LSO,1962,18.5,5.787
Lesotho,LSO,1963,18.56,5.776
Lesotho,LSO,1964,18.63,5.765
Lesotho,LSO,1965,18.66,5.772
Lesotho,LSO,1966,18.63,5.756
Lesotho,LSO,1967,18.52,5.745
Lesotho,LSO,1968,18.31,5.725
Lesotho,LSO,1969,18.03,5.704
Lesotho,LSO,1970,17.68,5.698
Lesotho,LSO,1971,17.3,5.696
Lesotho,LSO,1972,16.91,5.694
Lesotho,LSO,1973,16.49,5.688
Lesotho,LSO,1974,16.01,5.753
Lesotho,LSO,1975,15.47,5.825
Lesotho,LSO,1976,14.86,5.871
Lesotho,LSO,1977,14.23,5.848
Lesotho,LSO,1978,13.58,5.823
Lesotho,LSO,1979,12.93,5.789
Lesotho,LSO,1980,12.3,5.746
Lesotho,LSO,1981,11.68,5.694
Lesotho,LSO,1982,11.12,5.632
Lesotho,LSO,1983,10.59,5.56
Lesotho,LSO,1984,10.13,5.478
Lesotho,LSO,1985,9.72,5.401
Lesotho,LSO,1986,9.36,5.317
Lesotho,LSO,1987,9.06,5.222
Lesotho,LSO,1988,8.8,5.104
Lesotho,LSO,1989,8.6,4.964
Lesotho,LSO,1990,8.47,4.813
Lesotho,LSO,1991,8.43,4.681
Lesotho,LSO,1992,8.51,4.541
Lesotho,LSO,1993,8.73,4.365
Lesotho,LSO,1994,9.07,4.21
Lesotho,LSO,1995,9.45,4.125
Lesotho,LSO,1996,9.83,4.058
Lesotho,LSO,1997,10.16,3.982
Lesotho,LSO,1998,10.45,3.815
Lesotho,LSO,1999,10.72,3.67
Lesotho,LSO,2000,10.94,3.605
Lesotho,LSO,2001,11.11,3.63
Lesotho,LSO,2002,11.24,3.682
Lesotho,LSO,2003,11.37,3.619
Lesotho,LSO,2004,11.47,3.508
Lesotho,LSO,2005,11.56,3.428
Lesotho,LSO,2006,11.53,3.414
Lesotho,LSO,2007,11.15,3.442
Lesotho,LSO,2008,10.88,3.392
Lesotho,LSO,2009,9.64,3.309
Lesotho,LSO,2010,9.01,3.25
Lesotho,LSO,2011,8.59,3.343
Lesotho,LSO,2012,8.26,3.296
Lesotho,LSO,2013,8.02,3.283
Lesotho,LSO,2014,7.82,3.239
Lesotho,LSO,2015,7.51,3.217
Lesotho,LSO,2016,7.18,3.18
Lesotho,LSO,2017,7.12,3.105
Lesotho,LSO,2018,6.91,3.016
Lesotho,LSO,2019,6.87,2.924
Lesotho,LSO,2020,6.68,2.846
Lesotho,LSO,2021,6.44,2.769
Lesotho,LSO,2022,6.15,2.716
Lesotho,LSO,2023,5.89,2.694
Less developed regions,,1950,7.30375,5.932
Less developed regions,,1951,7.30375,5.887
Less developed regions,,1952,7.30375,6.163
Less developed regions,,1953,7.30375,6.044
Less developed regions,,1954,7.30375,6.145
Less developed regions,,1955,7.30375,6.143
Less developed regions,,1956,7.30375,6.025
Less developed regions,,1957,7.30375,6.219
Less developed regions,,1958,7.30375,6.001
Less developed regions,,1959,7.30375,5.705
Less developed regions,,1960,7.30375,5.637
Less developed regions,,1961,7.30375,5.454
Less developed regions,,1962,7.30375,6.135
Less developed regions,,1963,7.30375,6.555
Less developed regions,,1964,7.30375,6.288
Less developed regions,,1965,7.30375,6.234
Less developed regions,,1966,7.30375,6.107
Less developed regions,,1967,7.30375,5.921
Less developed regions,,1968,7.30375,6.089
Less developed regions,,1969,7.30375,5.948
Less developed regions,,1970,7.30375,5.882
Less developed regions,,1971,7.30375,5.672
Less developed regions,,1972,7.30375,5.503
Less developed regions,,1973,7.30375,5.336
Less developed regions,,1974,7.30375,5.114
Less developed regions,,1975,7.30375,4.879
Less developed regions,,1976,7.30375,4.736
Less developed regions,,1977,7.30375,4.561
Less developed regions,,1978,7.30375,4.472
Less developed regions,,1979,7.30375,4.438
Less developed regions,,1980,7.30375,4.39
Less developed regions,,1981,7.30375,4.342
Less developed regions,,1982,7.30375,4.328
Less developed regions,,1983,7.30375,4.14
Less developed regions,,1984,7.30375,4.093
Less developed regions,,1985,7.30375,4.03
Less developed regions,,1986,7.30375,4.0
Less developed regions,,1987,7.30375,3.949
Less developed regions,,1988,7.30375,3.826
Less developed regions,,1989,7.30375,3.766
Less developed regions,,1990,7.30375,3.711
Less developed regions,,1991,7.30375,3.486
Less developed regions,,1992,7.30375,3.382
Less developed regions,,1993,7.30375,3.308
Less developed regions,,1994,7.30375,3.247
Less developed regions,,1995,7.30375,3.191
Less developed regions,,1996,7.30375,3.133
Less developed regions,,1997,7.30375,3.084
Less developed regions,,1998,7.30375,3.039
Less developed regions,,1999,7.30375,3.004
Less developed regions,,2000,7.30375,2.999
Less developed regions,,2001,7.30375,2.949
Less developed regions,,2002,7.30375,2.907
Less developed regions,,2003,7.30375,2.87
Less developed regions,,2004,7.30375,2.849
Less developed regions,,2005,7.30375,2.825
Less developed regions,,2006,7.30375,2.808
Less developed regions,,2007,7.30375,2.795
Less developed regions,,2008,7.30375,2.79
Less developed regions,,2009,7.30375,2.783
Less developed regions,,2010,7.30375,2.759
Less developed regions,,2011,7.30375,2.743
Less developed regions,,2012,7.30375,2.759
Less developed regions,,2013,7.30375,2.719
Less developed regions,,2014,7.30375,2.705
Less developed regions,,2015,7.30375,2.673
Less developed regions,,2016,7.30375,2.671
Less developed regions,,2017,7.30375,2.64
Less developed regions,,2018,7.30375,2.566
Less developed regions,,2019,7.30375,2.524
Less developed regions,,2020,7.30375,2.441
Less developed regions,,2021,7.30375,2.402
Less developed regions,,2022,7.30375,2.376
Less developed regions,,2023,7.30375,2.361
"Less developed regions, excluding China",,1950,7.30375,5.97
"Less developed regions, excluding China",,1951,7.30375,5.956
"Less developed regions, excluding China",,1952,7.30375,6.002
"Less developed regions, excluding China",,1953,7.30375,6.027
"Less developed regions, excluding China",,1954,7.30375,6.066
"Less developed regions, excluding China",,1955,7.30375,6.07
"Less developed regions, excluding China",,1956,7.30375,6.082
"Less developed regions, excluding China",,1957,7.30375,6.107
"Less developed regions, excluding China",,1958,7.30375,6.116
"Less developed regions, excluding China",,1959,7.30375,6.119
"Less developed regions, excluding China",,1960,7.30375,6.134
"Less developed regions, excluding China",,1961,7.30375,6.12
"Less developed regions, excluding China",,1962,7.30375,6.146
"Less developed regions, excluding China",,1963,7.30375,6.145
"Less developed regions, excluding China",,1964,7.30375,6.124
"Less developed regions, excluding China",,1965,7.30375,6.083
"Less developed regions, excluding China",,1966,7.30375,6.037
"Less developed regions, excluding China",,1967,7.30375,5.992
"Less developed regions, excluding China",,1968,7.30375,5.94
"Less developed regions, excluding China",,1969,7.30375,5.885
"Less developed regions, excluding China",,1970,7.30375,5.835
"Less developed regions, excluding China",,1971,7.30375,5.777
"Less developed regions, excluding China",,1972,7.30375,5.711
"Less developed regions, excluding China",,1973,7.30375,5.635
"Less developed regions, excluding China",,1974,7.30375,5.549
"Less developed regions, excluding China",,1975,7.30375,5.461
"Less developed regions, excluding China",,1976,7.30375,5.391
"Less developed regions, excluding China",,1977,7.30375,5.304
"Less developed regions, excluding China",,1978,7.30375,5.224
"Less developed regions, excluding China",,1979,7.30375,5.16
"Less developed regions, excluding China",,1980,7.30375,5.103
"Less developed regions, excluding China",,1981,7.30375,5.03
"Less developed regions, excluding China",,1982,7.30375,4.954
"Less developed regions, excluding China",,1983,7.30375,4.877
"Less developed regions, excluding China",,1984,7.30375,4.797
"Less developed regions, excluding China",,1985,7.30375,4.697
"Less developed regions, excluding China",,1986,7.30375,4.611
"Less developed regions, excluding China",,1987,7.30375,4.514
"Less developed regions, excluding China",,1988,7.30375,4.423
"Less developed regions, excluding China",,1989,7.30375,4.336
"Less developed regions, excluding China",,1990,7.30375,4.248
"Less developed regions, excluding China",,1991,7.30375,4.166
"Less developed regions, excluding China",,1992,7.30375,4.076
"Less developed regions, excluding China",,1993,7.30375,3.995
"Less developed regions, excluding China",,1994,7.30375,3.92
"Less developed regions, excluding China",,1995,7.30375,3.845
"Less developed regions, excluding China",,1996,7.30375,3.768
"Less developed regions, excluding China",,1997,7.30375,3.701
"Less developed regions, excluding China",,1998,7.30375,3.633
"Less developed regions, excluding China",,1999,7.30375,3.575
"Less developed regions, excluding China",,2000,7.30375,3.527
"Less developed regions, excluding China",,2001,7.30375,3.473
"Less developed regions, excluding China",,2002,7.30375,3.409
"Less developed regions, excluding China",,2003,7.30375,3.354
"Less developed regions, excluding China",,2004,7.30375,3.308
"Less developed regions, excluding China",,2005,7.30375,3.264
"Less developed regions, excluding China",,2006,7.30375,3.228
"Less developed regions, excluding China",,2007,7.30375,3.192
"Less developed regions, excluding China",,2008,7.30375,3.163
"Less developed regions, excluding China",,2009,7.30375,3.138
"Less developed regions, excluding China",,2010,7.30375,3.102
"Less developed regions, excluding China",,2011,7.30375,3.073
"Less developed regions, excluding China",,2012,7.30375,3.043
"Less developed regions, excluding China",,2013,7.30375,3.003
"Less developed regions, excluding China",,2014,7.30375,2.961
"Less developed regions, excluding China",,2015,7.30375,2.938
"Less developed regions, excluding China",,2016,7.30375,2.902
"Less developed regions, excluding China",,2017,7.30375,2.851
"Less developed regions, excluding China",,2018,7.30375,2.816
"Less developed regions, excluding China",,2019,7.30375,2.767
"Less developed regions, excluding China",,2020,7.30375,2.718
"Less developed regions, excluding China",,2021,7.30375,2.689
"Less developed regions, excluding China",,2022,7.30375,2.667
"Less developed regions, excluding China",,2023,7.30375,2.649
"Less developed regions, excluding least developed countries",,1950,7.30375,5.867
"Less developed regions, excluding least developed countries",,1951,7.30375,5.814
"Less developed regions, excluding least developed countries",,1952,7.30375,6.126
"Less developed regions, excluding least developed countries",,1953,7.30375,5.989
"Less developed regions, excluding least developed countries",,1954,7.30375,6.1
"Less developed regions, excluding least developed countries",,1955,7.30375,6.096
"Less developed regions, excluding least developed countries",,1956,7.30375,5.959
"Less developed regions, excluding least developed countries",,1957,7.30375,6.175
"Less developed regions, excluding least developed countries",,1958,7.30375,5.925
"Less developed regions, excluding least developed countries",,1959,7.30375,5.585
"Less developed regions, excluding least developed countries",,1960,7.30375,5.504
"Less developed regions, excluding least developed countries",,1961,7.30375,5.293
"Less developed regions, excluding least developed countries",,1962,7.30375,6.063
"Less developed regions, excluding least developed countries",,1963,7.30375,6.539
"Less developed regions, excluding least developed countries",,1964,7.30375,6.235
"Less developed regions, excluding least developed countries",,1965,7.30375,6.173
"Less developed regions, excluding least developed countries",,1966,7.30375,6.029
"Less developed regions, excluding least developed countries",,1967,7.30375,5.816
"Less developed regions, excluding least developed countries",,1968,7.30375,6.007
"Less developed regions, excluding least developed countries",,1969,7.30375,5.847
"Less developed regions, excluding least developed countries",,1970,7.30375,5.771
"Less developed regions, excluding least developed countries",,1971,7.30375,5.533
"Less developed regions, excluding least developed countries",,1972,7.30375,5.341
"Less developed regions, excluding least developed countries",,1973,7.30375,5.153
"Less developed regions, excluding least developed countries",,1974,7.30375,4.902
"Less developed regions, excluding least developed countries",,1975,7.30375,4.637
"Less developed regions, excluding least developed countries",,1976,7.30375,4.478
"Less developed regions, excluding least developed countries",,1977,7.30375,4.283
"Less developed regions, excluding least developed countries",,1978,7.30375,4.184
"Less developed regions, excluding least developed countries",,1979,7.30375,4.147
"Less developed regions, excluding least developed countries",,1980,7.30375,4.096
"Less developed regions, excluding least developed countries",,1981,7.30375,4.049
"Less developed regions, excluding least developed countries",,1982,7.30375,4.042
"Less developed regions, excluding least developed countries",,1983,7.30375,3.839
"Less developed regions, excluding least developed countries",,1984,7.30375,3.794
"Less developed regions, excluding least developed countries",,1985,7.30375,3.734
"Less developed regions, excluding least developed countries",,1986,7.30375,3.712
"Less developed regions, excluding least developed countries",,1987,7.30375,3.667
"Less developed regions, excluding least developed countries",,1988,7.30375,3.54
"Less developed regions, excluding least developed countries",,1989,7.30375,3.481
"Less developed regions, excluding least developed countries",,1990,7.30375,3.428
"Less developed regions, excluding least developed countries",,1991,7.30375,3.186
"Less developed regions, excluding least developed countries",,1992,7.30375,3.078
"Less developed regions, excluding least developed countries",,1993,7.30375,3.001
"Less developed regions, excluding least developed countries",,1994,7.30375,2.936
"Less developed regions, excluding least developed countries",,1995,7.30375,2.88
"Less developed regions, excluding least developed countries",,1996,7.30375,2.821
"Less developed regions, excluding least developed countries",,1997,7.30375,2.771
"Less developed regions, excluding least developed countries",,1998,7.30375,2.726
"Less developed regions, excluding least developed countries",,1999,7.30375,2.691
"Less developed regions, excluding least developed countries",,2000,7.30375,2.692
"Less developed regions, excluding least developed countries",,2001,7.30375,2.642
"Less developed regions, excluding least developed countries",,2002,7.30375,2.599
"Less developed regions, excluding least developed countries",,2003,7.30375,2.563
"Less developed regions, excluding least developed countries",,2004,7.30375,2.544
"Less developed regions, excluding least developed countries",,2005,7.30375,2.521
"Less developed regions, excluding least developed countries",,2006,7.30375,2.507
"Less developed regions, excluding least developed countries",,2007,7.30375,2.497
"Less developed regions, excluding least developed countries",,2008,7.30375,2.497
"Less developed regions, excluding least developed countries",,2009,7.30375,2.493
"Less developed regions, excluding least developed countries",,2010,7.30375,2.471
"Less developed regions, excluding least developed countries",,2011,7.30375,2.458
"Less developed regions, excluding least developed countries",,2012,7.30375,2.481
"Less developed regions, excluding least developed countries",,2013,7.30375,2.436
"Less developed regions, excluding least developed countries",,2014,7.30375,2.421
"Less developed regions, excluding least developed countries",,2015,7.30375,2.382
"Less developed regions, excluding least developed countries",,2016,7.30375,2.379
"Less developed regions, excluding least developed countries",,2017,7.30375,2.343
"Less developed regions, excluding least developed countries",,2018,7.30375,2.256
"Less developed regions, excluding least developed countries",,2019,7.30375,2.207
"Less developed regions, excluding least developed countries",,2020,7.30375,2.109
"Less developed regions, excluding least developed countries",,2021,7.30375,2.064
"Less developed regions, excluding least developed countries",,2022,7.30375,2.034
"Less developed regions, excluding least developed countries",,2023,7.30375,2.02
Liberia,LBR,1950,30.21,6.001
Liberia,LBR,1951,30.21,6.043
Liberia,LBR,1952,30.21,6.087
Liberia,LBR,1953,30.21,6.124
Liberia,LBR,1954,30.21,6.161
Liberia,LBR,1955,30.41,6.191
Liberia,LBR,1956,30.61,6.238
Liberia,LBR,1957,30.81,6.28
Liberia,LBR,1958,30.95,6.306
Liberia,LBR,1959,31.13,6.353
Liberia,LBR,1960,31.25,6.391
Liberia,LBR,1961,31.3,6.446
Liberia,LBR,1962,31.27,6.504
Liberia,LBR,1963,31.2,6.556
Liberia,LBR,1964,31.05,6.585
Liberia,LBR,1965,30.84,6.617
Liberia,LBR,1966,30.59,6.628
Liberia,LBR,1967,30.23,6.65
Liberia,LBR,1968,29.79,6.657
Liberia,LBR,1969,29.28,6.644
Liberia,LBR,1970,28.79,6.578
Liberia,LBR,1971,28.3,6.542
Liberia,LBR,1972,27.82,6.599
Liberia,LBR,1973,27.36,6.651
Liberia,LBR,1974,26.9,6.691
Liberia,LBR,1975,26.45,6.744
Liberia,LBR,1976,26.01,6.793
Liberia,LBR,1977,25.61,6.841
Liberia,LBR,1978,25.25,6.884
Liberia,LBR,1979,24.91,6.919
Liberia,LBR,1980,24.58,6.872
Liberia,LBR,1981,24.3,6.834
Liberia,LBR,1982,24.1,6.788
Liberia,LBR,1983,24.01,6.76
Liberia,LBR,1984,24.06,6.728
Liberia,LBR,1985,24.29,6.693
Liberia,LBR,1986,24.68,6.638
Liberia,LBR,1987,25.19,6.572
Liberia,LBR,1988,25.78,6.507
Liberia,LBR,1989,26.35,6.434
Liberia,LBR,1990,26.78,6.37
Liberia,LBR,1991,26.99,6.323
Liberia,LBR,1992,26.92,6.277
Liberia,LBR,1993,26.55,6.246
Liberia,LBR,1994,25.93,6.21
Liberia,LBR,1995,25.09,6.173
Liberia,LBR,1996,24.11,6.129
Liberia,LBR,1997,23.0,6.079
Liberia,LBR,1998,21.8,6.017
Liberia,LBR,1999,20.54,5.953
Liberia,LBR,2000,19.24,5.875
Liberia,LBR,2001,17.94,5.774
Liberia,LBR,2002,16.66,5.653
Liberia,LBR,2003,15.43,5.547
Liberia,LBR,2004,14.31,5.506
Liberia,LBR,2005,13.32,5.519
Liberia,LBR,2006,12.48,5.53
Liberia,LBR,2007,11.8,5.462
Liberia,LBR,2008,11.26,5.328
Liberia,LBR,2009,10.81,5.174
Liberia,LBR,2010,10.44,5.058
Liberia,LBR,2011,10.11,4.97
Liberia,LBR,2012,9.82,4.881
Liberia,LBR,2013,9.54,4.749
Liberia,LBR,2014,9.5,4.622
Liberia,LBR,2015,9.08,4.523
Liberia,LBR,2016,8.83,4.461
Liberia,LBR,2017,8.6,4.396
Liberia,LBR,2018,8.4,4.336
Liberia,LBR,2019,8.19,4.257
Liberia,LBR,2020,7.97,4.174
Liberia,LBR,2021,7.74,4.089
Liberia,LBR,2022,7.51,4.016
Liberia,LBR,2023,7.29,3.95
Libya,LBY,1950,36.13,7.009
Libya,LBY,1951,36.13,7.03
Libya,LBY,1952,36.13,7.052
Libya,LBY,1953,36.13,7.126
Libya,LBY,1954,36.13,7.184
Libya,LBY,1955,36.13,7.241
Libya,LBY,1956,36.13,7.289
Libya,LBY,1957,33.83,7.347
Libya,LBY,1958,31.68,7.404
Libya,LBY,1959,29.67,7.455
Libya,LBY,1960,27.74,7.509
Libya,LBY,1961,25.99,7.556
Libya,LBY,1962,24.3,7.61
Libya,LBY,1963,22.68,7.685
Libya,LBY,1964,21.18,7.752
Libya,LBY,1965,19.71,7.823
Libya,LBY,1966,18.32,7.891
Libya,LBY,1967,17.02,7.932
Libya,LBY,1968,15.79,7.974
Libya,LBY,1969,14.65,8.011
Libya,LBY,1970,13.59,8.048
Libya,LBY,1971,12.61,8.096
Libya,LBY,1972,11.7,8.073
Libya,LBY,1973,10.89,8.047
Libya,LBY,1974,10.16,8.02
Libya,LBY,1975,9.5,7.977
Libya,LBY,1976,8.91,7.932
Libya,LBY,1977,8.39,7.872
Libya,LBY,1978,7.92,7.789
Libya,LBY,1979,7.5,7.68
Libya,LBY,1980,7.11,7.543
Libya,LBY,1981,6.76,7.371
Libya,LBY,1982,6.42,7.162
Libya,LBY,1983,6.1,6.91
Libya,LBY,1984,5.79,6.622
Libya,LBY,1985,5.5,6.328
Libya,LBY,1986,5.21,6.022
Libya,LBY,1987,4.94,5.718
Libya,LBY,1988,4.67,5.41
Libya,LBY,1989,4.42,5.091
Libya,LBY,1990,4.19,4.776
Libya,LBY,1991,3.98,4.461
Libya,LBY,1992,3.78,4.162
Libya,LBY,1993,3.61,3.883
Libya,LBY,1994,3.46,3.649
Libya,LBY,1995,3.32,3.442
Libya,LBY,1996,3.2,3.256
Libya,LBY,1997,3.09,3.132
Libya,LBY,1998,2.99,3.043
Libya,LBY,1999,2.9,2.972
Libya,LBY,2000,2.81,2.906
Libya,LBY,2001,2.73,2.866
Libya,LBY,2002,2.65,2.831
Libya,LBY,2003,2.55,2.797
Libya,LBY,2004,2.44,2.773
Libya,LBY,2005,2.31,2.765
Libya,LBY,2006,2.17,2.699
Libya,LBY,2007,2.02,2.648
Libya,LBY,2008,1.88,2.599
Libya,LBY,2009,1.76,2.556
Libya,LBY,2010,1.66,2.603
Libya,LBY,2011,1.96,2.646
Libya,LBY,2012,1.51,2.68
Libya,LBY,2013,1.45,2.716
Libya,LBY,2014,1.39,2.754
Libya,LBY,2015,1.33,2.711
Libya,LBY,2016,1.28,2.673
Libya,LBY,2017,1.24,2.626
Libya,LBY,2018,1.19,2.581
Libya,LBY,2019,1.16,2.539
Libya,LBY,2020,1.12,2.507
Libya,LBY,2021,1.08,2.462
Libya,LBY,2022,1.05,2.402
Libya,LBY,2023,3.08,2.355
Liechtenstein,LIE,1950,7.30375,2.712
Liechtenstein,LIE,1951,7.30375,2.77
Liechtenstein,LIE,1952,7.30375,2.738
Liechtenstein,LIE,1953,7.30375,2.716
Liechtenstein,LIE,1954,7.30375,2.698
Liechtenstein,LIE,1955,7.30375,2.698
Liechtenstein,LIE,1956,7.30375,2.725
Liechtenstein,LIE,1957,7.30375,2.761
Liechtenstein,LIE,1958,7.30375,2.795
Liechtenstein,LIE,1959,7.30375,2.786
Liechtenstein,LIE,1960,7.30375,2.779
Liechtenstein,LIE,1961,7.30375,2.778
Liechtenstein,LIE,1962,7.30375,2.798
Liechtenstein,LIE,1963,7.30375,2.851
Liechtenstein,LIE,1964,7.30375,2.919
Liechtenstein,LIE,1965,7.30375,2.963
Liechtenstein,LIE,1966,7.30375,2.779
Liechtenstein,LIE,1967,7.30375,2.477
Liechtenstein,LIE,1968,7.30375,2.217
Liechtenstein,LIE,1969,7.30375,2.135
Liechtenstein,LIE,1970,7.30375,2.093
Liechtenstein,LIE,1971,7.30375,2.033
Liechtenstein,LIE,1972,7.30375,1.983
Liechtenstein,LIE,1973,7.30375,1.936
Liechtenstein,LIE,1974,7.30375,1.904
Liechtenstein,LIE,1975,7.30375,1.897
Liechtenstein,LIE,1976,7.30375,1.909
Liechtenstein,LIE,1977,7.30375,1.92
Liechtenstein,LIE,1978,7.30375,1.9
Liechtenstein,LIE,1979,7.30375,1.673
Liechtenstein,LIE,1980,7.30375,1.696
Liechtenstein,LIE,1981,7.30375,1.688
Liechtenstein,LIE,1982,7.30375,1.606
Liechtenstein,LIE,1983,7.30375,1.529
Liechtenstein,LIE,1984,7.30375,1.508
Liechtenstein,LIE,1985,7.30375,1.495
Liechtenstein,LIE,1986,7.30375,1.479
Liechtenstein,LIE,1987,7.30375,1.496
Liechtenstein,LIE,1988,7.30375,1.496
Liechtenstein,LIE,1989,7.30375,1.501
Liechtenstein,LIE,1990,7.30375,1.501
Liechtenstein,LIE,1991,7.30375,1.5
Liechtenstein,LIE,1992,7.30375,1.477
Liechtenstein,LIE,1993,7.30375,1.454
Liechtenstein,LIE,1994,7.30375,1.442
Liechtenstein,LIE,1995,7.30375,1.435
Liechtenstein,LIE,1996,7.30375,1.516
Liechtenstein,LIE,1997,7.30375,1.569
Liechtenstein,LIE,1998,7.30375,1.586
Liechtenstein,LIE,1999,7.30375,1.604
Liechtenstein,LIE,2000,7.30375,1.573
Liechtenstein,LIE,2001,7.30375,1.524
Liechtenstein,LIE,2002,7.30375,1.468
Liechtenstein,LIE,2003,7.30375,1.373
Liechtenstein,LIE,2004,7.30375,1.439
Liechtenstein,LIE,2005,7.30375,1.487
Liechtenstein,LIE,2006,7.30375,1.428
Liechtenstein,LIE,2007,7.30375,1.421
Liechtenstein,LIE,2008,7.30375,1.442
Liechtenstein,LIE,2009,7.30375,1.68
Liechtenstein,LIE,2010,7.30375,1.435
Liechtenstein,LIE,2011,7.30375,1.662
Liechtenstein,LIE,2012,7.30375,1.514
Liechtenstein,LIE,2013,7.30375,1.462
Liechtenstein,LIE,2014,7.30375,1.57
Liechtenstein,LIE,2015,7.30375,1.425
Liechtenstein,LIE,2016,7.30375,1.59
Liechtenstein,LIE,2017,7.30375,1.458
Liechtenstein,LIE,2018,7.30375,1.564
Liechtenstein,LIE,2019,7.30375,1.483
Liechtenstein,LIE,2020,7.30375,1.461
Liechtenstein,LIE,2021,7.30375,1.523
Liechtenstein,LIE,2022,7.30375,1.529
Liechtenstein,LIE,2023,7.30375,1.537
Lithuania,LTU,1950,6.68,2.713
Lithuania,LTU,1951,6.68,2.704
Lithuania,LTU,1952,6.68,2.662
Lithuania,LTU,1953,6.68,2.614
Lithuania,LTU,1954,6.68,2.575
Lithuania,LTU,1955,6.68,2.567
Lithuania,LTU,1956,6.68,2.584
Lithuania,LTU,1957,6.68,2.628
Lithuania,LTU,1958,6.68,2.651
Lithuania,LTU,1959,6.68,2.63
Lithuania,LTU,1960,4.85,2.622
Lithuania,LTU,1961,4.53,2.613
Lithuania,LTU,1962,4.53,2.471
Lithuania,LTU,1963,4.34,2.35
Lithuania,LTU,1964,3.72,2.304
Lithuania,LTU,1965,3.23,2.234
Lithuania,LTU,1966,3.03,2.265
Lithuania,LTU,1967,2.63,2.268
Lithuania,LTU,1968,2.63,2.309
Lithuania,LTU,1969,2.51,2.328
Lithuania,LTU,1970,2.29,2.396
Lithuania,LTU,1971,2.11,2.414
Lithuania,LTU,1972,2.08,2.346
Lithuania,LTU,1973,2.16,2.224
Lithuania,LTU,1974,2.24,2.206
Lithuania,LTU,1975,2.26,2.175
Lithuania,LTU,1976,2.25,2.167
Lithuania,LTU,1977,2.22,2.13
Lithuania,LTU,1978,2.18,2.081
Lithuania,LTU,1979,2.12,2.045
Lithuania,LTU,1980,2.05,1.999
Lithuania,LTU,1981,1.98,1.989
Lithuania,LTU,1982,1.92,1.984
Lithuania,LTU,1983,1.87,2.116
Lithuania,LTU,1984,1.82,2.09
Lithuania,LTU,1985,1.74,2.097
Lithuania,LTU,1986,1.64,2.131
Lithuania,LTU,1987,1.52,2.11
Lithuania,LTU,1988,1.42,2.014
Lithuania,LTU,1989,1.42,1.986
Lithuania,LTU,1990,1.52,2.031
Lithuania,LTU,1991,1.67,2.013
Lithuania,LTU,1992,1.78,1.97
Lithuania,LTU,1993,1.79,1.741
Lithuania,LTU,1994,1.69,1.577
Lithuania,LTU,1995,1.51,1.552
Lithuania,LTU,1996,1.34,1.495
Lithuania,LTU,1997,1.23,1.468
Lithuania,LTU,1998,1.16,1.458
Lithuania,LTU,1999,1.12,1.456
Lithuania,LTU,2000,1.07,1.383
Lithuania,LTU,2001,1.03,1.281
Lithuania,LTU,2002,0.99,1.231
Lithuania,LTU,2003,0.96,1.26
Lithuania,LTU,2004,0.93,1.271
Lithuania,LTU,2005,0.9,1.291
Lithuania,LTU,2006,0.86,1.322
Lithuania,LTU,2007,0.8,1.359
Lithuania,LTU,2008,0.74,1.444
Lithuania,LTU,2009,0.67,1.499
Lithuania,LTU,2010,0.6,1.499
Lithuania,LTU,2011,0.56,1.548
Lithuania,LTU,2012,0.53,1.591
Lithuania,LTU,2013,0.51,1.583
Lithuania,LTU,2014,0.51,1.628
Lithuania,LTU,2015,0.5,1.705
Lithuania,LTU,2016,0.49,1.692
Lithuania,LTU,2017,0.46,1.633
Lithuania,LTU,2018,0.42,1.635
Lithuania,LTU,2019,0.39,1.61
Lithuania,LTU,2020,0.37,1.487
Lithuania,LTU,2021,0.36,1.359
Lithuania,LTU,2022,0.35,1.27
Lithuania,LTU,2023,0.34,1.201
Low-income countries,OWID_LIC,1950,21.63,6.477
Low-income countries,OWID_LIC,1951,21.63,6.246
Low-income countries,OWID_LIC,1952,21.63,6.262
Low-income countries,OWID_LIC,1953,21.63,6.323
Low-income countries,OWID_LIC,1954,21.63,6.372
Low-income countries,OWID_LIC,1955,21.63,6.395
Low-income countries,OWID_LIC,1956,21.63,6.383
Low-income countries,OWID_LIC,1957,21.63,6.47
Low-income countries,OWID_LIC,1958,21.63,6.479
Low-income countries,OWID_LIC,1959,21.63,6.421
Low-income countries,OWID_LIC,1960,21.63,6.437
Low-income countries,OWID_LIC,1961,21.63,6.414
Low-income countries,OWID_LIC,1962,21.63,6.448
Low-income countries,OWID_LIC,1963,21.63,6.49
Low-income countries,OWID_LIC,1964,21.63,6.502
Low-income countries,OWID_LIC,1965,21.63,6.522
Low-income countries,OWID_LIC,1966,21.63,6.567
Low-income countries,OWID_LIC,1967,21.63,6.631
Low-income countries,OWID_LIC,1968,21.63,6.633
Low-income countries,OWID_LIC,1969,21.63,6.649
Low-income countries,OWID_LIC,1970,21.63,6.671
Low-income countries,OWID_LIC,1971,21.63,6.678
Low-income countries,OWID_LIC,1972,21.63,6.712
Low-income countries,OWID_LIC,1973,21.63,6.664
Low-income countries,OWID_LIC,1974,21.63,6.653
Low-income countries,OWID_LIC,1975,21.63,6.655
Low-income countries,OWID_LIC,1976,21.63,6.644
Low-income countries,OWID_LIC,1977,21.63,6.65
Low-income countries,OWID_LIC,1978,21.63,6.663
Low-income countries,OWID_LIC,1979,21.63,6.678
Low-income countries,OWID_LIC,1980,21.63,6.68
Low-income countries,OWID_LIC,1981,21.21,6.682
Low-income countries,OWID_LIC,1982,21.08,6.665
Low-income countries,OWID_LIC,1983,22.61,6.652
Low-income countries,OWID_LIC,1984,22.4,6.638
Low-income countries,OWID_LIC,1985,21.98,6.625
Low-income countries,OWID_LIC,1986,21.17,6.608
Low-income countries,OWID_LIC,1987,19.66,6.584
Low-income countries,OWID_LIC,1988,20.54,6.552
Low-income countries,OWID_LIC,1989,18.67,6.516
Low-income countries,OWID_LIC,1990,18.41,6.484
Low-income countries,OWID_LIC,1991,18.86,6.448
Low-income countries,OWID_LIC,1992,18.58,6.414
Low-income countries,OWID_LIC,1993,17.57,6.383
Low-income countries,OWID_LIC,1994,17.45,6.348
Low-income countries,OWID_LIC,1995,16.85,6.315
Low-income countries,OWID_LIC,1996,16.45,6.257
Low-income countries,OWID_LIC,1997,16.05,6.212
Low-income countries,OWID_LIC,1998,15.98,6.165
Low-income countries,OWID_LIC,1999,15.04,6.116
Low-income countries,OWID_LIC,2000,14.51,6.065
Low-income countries,OWID_LIC,2001,13.95,6.001
Low-income countries,OWID_LIC,2002,13.39,5.936
Low-income countries,OWID_LIC,2003,12.7,5.874
Low-income countries,OWID_LIC,2004,12.23,5.817
Low-income countries,OWID_LIC,2005,11.71,5.758
Low-income countries,OWID_LIC,2006,11.12,5.701
Low-income countries,OWID_LIC,2007,10.63,5.631
Low-income countries,OWID_LIC,2008,10.17,5.56
Low-income countries,OWID_LIC,2009,10.17,5.494
Low-income countries,OWID_LIC,2010,9.5,5.413
Low-income countries,OWID_LIC,2011,9.72,5.322
Low-income countries,OWID_LIC,2012,8.86,5.24
Low-income countries,OWID_LIC,2013,8.49,5.164
Low-income countries,OWID_LIC,2014,8.46,5.106
Low-income countries,OWID_LIC,2015,8.25,5.053
Low-income countries,OWID_LIC,2016,8.02,4.995
Low-income countries,OWID_LIC,2017,7.9,4.936
Low-income countries,OWID_LIC,2018,7.35,4.878
Low-income countries,OWID_LIC,2019,7.16,4.813
Low-income countries,OWID_LIC,2020,6.82,4.742
Low-income countries,OWID_LIC,2021,6.68,4.67
Low-income countries,OWID_LIC,2022,6.85,4.602
Low-income countries,OWID_LIC,2023,6.23,4.532
Lower-middle-income countries,OWID_LMC,1950,16.47,5.801
Lower-middle-income countries,OWID_LMC,1951,16.47,5.809
Lower-middle-income countries,OWID_LMC,1952,16.47,5.87
Lower-middle-income countries,OWID_LMC,1953,16.47,5.891
Lower-middle-income countries,OWID_LMC,1954,16.47,5.935
Lower-middle-income countries,OWID_LMC,1955,16.47,5.939
Lower-middle-income countries,OWID_LMC,1956,16.47,5.954
Lower-middle-income countries,OWID_LMC,1957,16.47,5.986
Lower-middle-income countries,OWID_LMC,1958,16.47,5.996
Lower-middle-income countries,OWID_LMC,1959,16.47,6.008
Lower-middle-income countries,OWID_LMC,1960,16.47,6.036
Lower-middle-income countries,OWID_LMC,1961,16.47,6.02
Lower-middle-income countries,OWID_LMC,1962,16.47,6.061
Lower-middle-income countries,OWID_LMC,1963,16.47,6.069
Lower-middle-income countries,OWID_LMC,1964,16.47,6.061
Lower-middle-income countries,OWID_LMC,1965,16.47,6.028
Lower-middle-income countries,OWID_LMC,1966,16.47,5.991
Lower-middle-income countries,OWID_LMC,1967,16.47,5.958
Lower-middle-income countries,OWID_LMC,1968,16.47,5.923
Lower-middle-income countries,OWID_LMC,1969,16.47,5.879
Lower-middle-income countries,OWID_LMC,1970,16.47,5.847
Lower-middle-income countries,OWID_LMC,1971,16.47,5.811
Lower-middle-income countries,OWID_LMC,1972,16.47,5.759
Lower-middle-income countries,OWID_LMC,1973,16.47,5.701
Lower-middle-income countries,OWID_LMC,1974,16.47,5.64
Lower-middle-income countries,OWID_LMC,1975,16.47,5.558
Lower-middle-income countries,OWID_LMC,1976,16.47,5.509
Lower-middle-income countries,OWID_LMC,1977,16.47,5.429
Lower-middle-income countries,OWID_LMC,1978,16.47,5.358
Lower-middle-income countries,OWID_LMC,1979,16.47,5.302
Lower-middle-income countries,OWID_LMC,1980,16.47,5.263
Lower-middle-income countries,OWID_LMC,1981,16.02,5.199
Lower-middle-income countries,OWID_LMC,1982,15.6,5.139
Lower-middle-income countries,OWID_LMC,1983,15.18,5.086
Lower-middle-income countries,OWID_LMC,1984,14.8,5.021
Lower-middle-income countries,OWID_LMC,1985,14.44,4.925
Lower-middle-income countries,OWID_LMC,1986,14.09,4.851
Lower-middle-income countries,OWID_LMC,1987,13.75,4.746
Lower-middle-income countries,OWID_LMC,1988,13.41,4.648
Lower-middle-income countries,OWID_LMC,1989,13.09,4.555
Lower-middle-income countries,OWID_LMC,1990,12.79,4.463
Lower-middle-income countries,OWID_LMC,1991,12.5,4.366
Lower-middle-income countries,OWID_LMC,1992,12.23,4.256
Lower-middle-income countries,OWID_LMC,1993,11.97,4.15
Lower-middle-income countries,OWID_LMC,1994,11.71,4.055
Lower-middle-income countries,OWID_LMC,1995,11.44,3.958
Lower-middle-income countries,OWID_LMC,1996,11.17,3.866
Lower-middle-income countries,OWID_LMC,1997,10.86,3.786
Lower-middle-income countries,OWID_LMC,1998,10.55,3.708
Lower-middle-income countries,OWID_LMC,1999,10.2,3.646
Lower-middle-income countries,OWID_LMC,2000,9.85,3.602
Lower-middle-income countries,OWID_LMC,2001,9.49,3.55
Lower-middle-income countries,OWID_LMC,2002,9.13,3.479
Lower-middle-income countries,OWID_LMC,2003,8.8,3.41
Lower-middle-income countries,OWID_LMC,2004,8.48,3.347
Lower-middle-income countries,OWID_LMC,2005,8.17,3.284
Lower-middle-income countries,OWID_LMC,2006,7.88,3.236
Lower-middle-income countries,OWID_LMC,2007,7.58,3.186
Lower-middle-income countries,OWID_LMC,2008,7.35,3.154
Lower-middle-income countries,OWID_LMC,2009,7.04,3.127
Lower-middle-income countries,OWID_LMC,2010,6.8,3.078
Lower-middle-income countries,OWID_LMC,2011,6.54,3.034
Lower-middle-income countries,OWID_LMC,2012,6.3,2.996
Lower-middle-income countries,OWID_LMC,2013,6.08,2.954
Lower-middle-income countries,OWID_LMC,2014,5.87,2.897
Lower-middle-income countries,OWID_LMC,2015,5.68,2.88
Lower-middle-income countries,OWID_LMC,2016,5.48,2.849
Lower-middle-income countries,OWID_LMC,2017,5.3,2.783
Lower-middle-income countries,OWID_LMC,2018,5.13,2.741
Lower-middle-income countries,OWID_LMC,2019,4.95,2.683
Lower-middle-income countries,OWID_LMC,2020,4.79,2.627
Lower-middle-income countries,OWID_LMC,2021,4.63,2.594
Lower-middle-income countries,OWID_LMC,2022,4.49,2.571
Lower-middle-income countries,OWID_LMC,2023,4.35,2.554
Luxembourg,LUX,1949,5.77,1.96
Luxembourg,LUX,1950,5.57,1.96
Luxembourg,LUX,1951,5.38,1.989
Luxembourg,LUX,1952,5.19,2.129
Luxembourg,LUX,1953,5.0,2.129
Luxembourg,LUX,1954,4.82,2.181
Luxembourg,LUX,1955,4.64,2.165
Luxembourg,LUX,1956,4.46,2.103
Luxembourg,LUX,1957,4.28,2.156
Luxembourg,LUX,1958,4.09,2.168
Luxembourg,LUX,1959,3.91,2.208
Luxembourg,LUX,1960,3.72,2.28
Luxembourg,LUX,1961,3.54,2.331
Luxembourg,LUX,1962,3.36,2.337
Luxembourg,LUX,1963,3.2,2.32
Luxembourg,LUX,1964,3.04,2.362
Luxembourg,LUX,1965,2.89,2.397
Luxembourg,LUX,1966,2.75,2.345
Luxembourg,LUX,1967,2.61,2.236
Luxembourg,LUX,1968,2.48,2.12
Luxembourg,LUX,1969,2.36,2.02
Luxembourg,LUX,1970,2.24,1.973
Luxembourg,LUX,1971,2.11,1.947
Luxembourg,LUX,1972,1.99,1.747
Luxembourg,LUX,1973,1.88,1.584
Luxembourg,LUX,1974,1.77,1.585
Luxembourg,LUX,1975,1.67,1.561
Luxembourg,LUX,1976,1.58,1.5
Luxembourg,LUX,1977,1.51,1.509
Luxembourg,LUX,1978,1.44,1.49
Luxembourg,LUX,1979,1.39,1.479
Luxembourg,LUX,1980,1.34,1.496
Luxembourg,LUX,1981,1.29,1.548
Luxembourg,LUX,1982,1.25,1.49
Luxembourg,LUX,1983,1.21,1.439
Luxembourg,LUX,1984,1.16,1.424
Luxembourg,LUX,1985,1.12,1.386
Luxembourg,LUX,1986,1.07,1.429
Luxembourg,LUX,1987,1.02,1.408
Luxembourg,LUX,1988,0.97,1.51
Luxembourg,LUX,1989,0.93,1.528
Luxembourg,LUX,1990,0.88,1.602
Luxembourg,LUX,1991,0.83,1.613
Luxembourg,LUX,1992,0.78,1.651
Luxembourg,LUX,1993,0.73,1.706
Luxembourg,LUX,1994,0.68,1.725
Luxembourg,LUX,1995,0.64,1.705
Luxembourg,LUX,1996,0.6,1.768
Luxembourg,LUX,1997,0.56,1.719
Luxembourg,LUX,1998,0.53,1.687
Luxembourg,LUX,1999,0.5,1.744
Luxembourg,LUX,2000,0.47,1.761
Luxembourg,LUX,2001,0.44,1.662
Luxembourg,LUX,2002,0.42,1.629
Luxembourg,LUX,2003,0.39,1.62
Luxembourg,LUX,2004,0.37,1.657
Luxembourg,LUX,2005,0.35,1.631
Luxembourg,LUX,2006,0.33,1.646
Luxembourg,LUX,2007,0.31,1.611
Luxembourg,LUX,2008,0.3,1.606
Luxembourg,LUX,2009,0.29,1.59
Luxembourg,LUX,2010,0.28,1.622
Luxembourg,LUX,2011,0.27,1.53
Luxembourg,LUX,2012,0.27,1.572
Luxembourg,LUX,2013,0.26,1.55
Luxembourg,LUX,2014,0.26,1.499
Luxembourg,LUX,2015,0.26,1.464
Luxembourg,LUX,2016,0.25,1.415
Luxembourg,LUX,2017,0.25,1.392
Luxembourg,LUX,2018,0.25,1.38
Luxembourg,LUX,2019,0.25,1.343
Luxembourg,LUX,2020,0.25,1.361
Luxembourg,LUX,2021,0.24,1.382
Luxembourg,LUX,2022,0.24,1.39
Luxembourg,LUX,2023,0.23,1.396
Macao,MAC,1950,7.30375,5.554
Macao,MAC,1951,7.30375,5.515
Macao,MAC,1952,7.30375,5.458
Macao,MAC,1953,7.30375,5.396
Macao,MAC,1954,7.30375,5.337
Macao,MAC,1955,7.30375,5.264
Macao,MAC,1956,7.30375,5.181
Macao,MAC,1957,7.30375,5.092
Macao,MAC,1958,7.30375,4.997
Macao,MAC,1959,7.30375,4.926
Macao,MAC,1960,7.30375,4.957
Macao,MAC,1961,7.30375,4.674
Macao,MAC,1962,7.30375,4.393
Macao,MAC,1963,7.30375,4.227
Macao,MAC,1964,7.30375,3.943
Macao,MAC,1965,7.30375,3.619
Macao,MAC,1966,7.30375,3.317
Macao,MAC,1967,7.30375,3.014
Macao,MAC,1968,7.30375,2.608
Macao,MAC,1969,7.30375,2.307
Macao,MAC,1970,7.30375,2.083
Macao,MAC,1971,7.30375,1.994
Macao,MAC,1972,7.30375,1.94
Macao,MAC,1973,7.30375,1.843
Macao,MAC,1974,7.30375,1.731
Macao,MAC,1975,7.30375,1.554
Macao,MAC,1976,7.30375,1.43
Macao,MAC,1977,7.30375,1.391
Macao,MAC,1978,7.30375,1.425
Macao,MAC,1979,7.30375,1.58
Macao,MAC,1980,7.30375,1.731
Macao,MAC,1981,7.30375,1.849
Macao,MAC,1982,7.30375,1.992
Macao,MAC,1983,7.30375,2.098
Macao,MAC,1984,7.30375,2.145
Macao,MAC,1985,7.30375,2.235
Macao,MAC,1986,7.30375,2.189
Macao,MAC,1987,7.30375,2.06
Macao,MAC,1988,7.30375,1.863
Macao,MAC,1989,7.30375,1.81
Macao,MAC,1990,7.30375,1.709
Macao,MAC,1991,7.30375,1.615
Macao,MAC,1992,7.30375,1.547
Macao,MAC,1993,7.30375,1.471
Macao,MAC,1994,7.30375,1.431
Macao,MAC,1995,7.30375,1.367
Macao,MAC,1996,7.30375,1.288
Macao,MAC,1997,7.30375,1.205
Macao,MAC,1998,7.30375,1.113
Macao,MAC,1999,7.30375,1.025
Macao,MAC,2000,7.30375,0.933
Macao,MAC,2001,7.30375,0.845
Macao,MAC,2002,7.30375,0.806
Macao,MAC,2003,7.30375,0.798
Macao,MAC,2004,7.30375,0.803
Macao,MAC,2005,7.30375,0.862
Macao,MAC,2006,7.30375,0.92
Macao,MAC,2007,7.30375,0.967
Macao,MAC,2008,7.30375,0.983
Macao,MAC,2009,7.30375,0.997
Macao,MAC,2010,7.30375,1.05
Macao,MAC,2011,7.30375,1.129
Macao,MAC,2012,7.30375,1.193
Macao,MAC,2013,7.30375,1.15
Macao,MAC,2014,7.30375,1.224
Macao,MAC,2015,7.30375,1.142
Macao,MAC,2016,7.30375,1.138
Macao,MAC,2017,7.30375,1.019
Macao,MAC,2018,7.30375,0.924
Macao,MAC,2019,7.30375,0.936
Macao,MAC,2020,7.30375,0.857
Macao,MAC,2021,7.30375,0.772
Macao,MAC,2022,7.30375,0.662
Macao,MAC,2023,7.30375,0.662
Madagascar,MDG,1950,19.21,7.431
Madagascar,MDG,1951,19.21,7.432
Madagascar,MDG,1952,19.21,7.43
Madagascar,MDG,1953,19.21,7.433
Madagascar,MDG,1954,19.21,7.422
Madagascar,MDG,1955,19.21,7.397
Madagascar,MDG,1956,19.21,7.392
Madagascar,MDG,1957,19.21,7.375
Madagascar,MDG,1958,19.21,7.373
Madagascar,MDG,1959,19.21,7.36
Madagascar,MDG,1960,19.21,7.343
Madagascar,MDG,1961,19.21,7.299
Madagascar,MDG,1962,19.21,7.256
Madagascar,MDG,1963,19.21,7.212
Madagascar,MDG,1964,19.21,7.188
Madagascar,MDG,1965,19.21,7.171
Madagascar,MDG,1966,18.63,7.156
Madagascar,MDG,1967,18.03,7.144
Madagascar,MDG,1968,14.56,7.131
Madagascar,MDG,1969,14.73,7.118
Madagascar,MDG,1970,14.91,7.096
Madagascar,MDG,1971,15.12,7.068
Madagascar,MDG,1972,15.33,7.042
Madagascar,MDG,1973,15.57,7.011
Madagascar,MDG,1974,15.82,6.993
Madagascar,MDG,1975,16.07,6.971
Madagascar,MDG,1976,16.3,6.954
Madagascar,MDG,1977,16.52,6.927
Madagascar,MDG,1978,16.71,6.904
Madagascar,MDG,1979,16.92,6.872
Madagascar,MDG,1980,17.14,6.838
Madagascar,MDG,1981,17.39,6.774
Madagascar,MDG,1982,17.6,6.699
Madagascar,MDG,1983,17.76,6.626
Madagascar,MDG,1984,17.8,6.547
Madagascar,MDG,1985,17.72,6.456
Madagascar,MDG,1986,17.48,6.343
Madagascar,MDG,1987,17.11,6.242
Madagascar,MDG,1988,16.64,6.178
Madagascar,MDG,1989,16.1,6.149
Madagascar,MDG,1990,15.55,6.14
Madagascar,MDG,1991,15.01,6.118
Madagascar,MDG,1992,14.5,6.082
Madagascar,MDG,1993,14.02,6.062
Madagascar,MDG,1994,13.54,6.042
Madagascar,MDG,1995,13.06,6.036
Madagascar,MDG,1996,12.56,6.031
Madagascar,MDG,1997,12.04,6.023
Madagascar,MDG,1998,11.51,5.992
Madagascar,MDG,1999,11.0,5.839
Madagascar,MDG,2000,10.5,5.665
Madagascar,MDG,2001,10.04,5.528
Madagascar,MDG,2002,9.6,5.412
Madagascar,MDG,2003,9.2,5.329
Madagascar,MDG,2004,8.82,5.264
Madagascar,MDG,2005,8.46,5.195
Madagascar,MDG,2006,8.12,5.133
Madagascar,MDG,2007,7.81,5.083
Madagascar,MDG,2008,7.53,5.043
Madagascar,MDG,2009,7.28,5.003
Madagascar,MDG,2010,7.07,4.896
Madagascar,MDG,2011,6.9,4.737
Madagascar,MDG,2012,6.77,4.613
Madagascar,MDG,2013,6.69,4.527
Madagascar,MDG,2014,6.62,4.421
Madagascar,MDG,2015,6.58,4.335
Madagascar,MDG,2016,6.57,4.285
Madagascar,MDG,2017,6.57,4.259
Madagascar,MDG,2018,6.58,4.246
Madagascar,MDG,2019,6.61,4.221
Madagascar,MDG,2020,6.63,4.17
Madagascar,MDG,2021,6.62,4.104
Madagascar,MDG,2022,6.57,4.036
Madagascar,MDG,2023,6.48,3.972
Malawi,MWI,1950,35.89,6.824
Malawi,MWI,1951,35.89,6.836
Malawi,MWI,1952,35.89,6.845
Malawi,MWI,1953,35.89,6.853
Malawi,MWI,1954,35.89,6.805
Malawi,MWI,1955,35.89,6.843
Malawi,MWI,1956,35.89,6.886
Malawi,MWI,1957,35.89,6.923
Malawi,MWI,1958,35.89,6.965
Malawi,MWI,1959,35.89,7.01
Malawi,MWI,1960,35.89,7.042
Malawi,MWI,1961,35.89,7.067
Malawi,MWI,1962,35.8,7.095
Malawi,MWI,1963,35.66,7.127
Malawi,MWI,1964,35.52,7.114
Malawi,MWI,1965,35.38,7.126
Malawi,MWI,1966,35.26,7.174
Malawi,MWI,1967,35.14,7.213
Malawi,MWI,1968,34.99,7.262
Malawi,MWI,1969,34.74,7.274
Malawi,MWI,1970,34.36,7.295
Malawi,MWI,1971,33.86,7.311
Malawi,MWI,1972,33.18,7.326
Malawi,MWI,1973,32.39,7.338
Malawi,MWI,1974,31.51,7.344
Malawi,MWI,1975,30.58,7.359
Malawi,MWI,1976,29.65,7.387
Malawi,MWI,1977,28.68,7.408
Malawi,MWI,1978,27.6,7.434
Malawi,MWI,1979,26.54,7.465
Malawi,MWI,1980,25.63,7.518
Malawi,MWI,1981,24.9,7.493
Malawi,MWI,1982,24.5,7.451
Malawi,MWI,1983,24.49,7.361
Malawi,MWI,1984,24.77,7.265
Malawi,MWI,1985,25.14,7.17
Malawi,MWI,1986,25.42,7.069
Malawi,MWI,1987,25.5,6.97
Malawi,MWI,1988,25.32,6.876
Malawi,MWI,1989,24.89,6.803
Malawi,MWI,1990,24.28,6.74
Malawi,MWI,1991,23.55,6.681
Malawi,MWI,1992,22.77,6.63
Malawi,MWI,1993,22.02,6.573
Malawi,MWI,1994,21.34,6.488
Malawi,MWI,1995,20.66,6.392
Malawi,MWI,1996,20.19,6.285
Malawi,MWI,1997,19.73,6.231
Malawi,MWI,1998,19.17,6.205
Malawi,MWI,1999,18.39,6.124
Malawi,MWI,2000,17.33,6.002
Malawi,MWI,2001,15.99,5.943
Malawi,MWI,2002,14.55,5.903
Malawi,MWI,2003,13.15,5.875
Malawi,MWI,2004,11.93,5.864
Malawi,MWI,2005,10.99,5.848
Malawi,MWI,2006,10.34,5.802
Malawi,MWI,2007,9.83,5.724
Malawi,MWI,2008,9.31,5.609
Malawi,MWI,2009,8.81,5.453
Malawi,MWI,2010,8.3,5.263
Malawi,MWI,2011,7.67,5.083
Malawi,MWI,2012,6.98,4.902
Malawi,MWI,2013,6.4,4.759
Malawi,MWI,2014,6.02,4.569
Malawi,MWI,2015,5.67,4.384
Malawi,MWI,2016,5.35,4.216
Malawi,MWI,2017,5.06,4.113
Malawi,MWI,2018,4.75,4.021
Malawi,MWI,2019,4.55,3.952
Malawi,MWI,2020,4.31,3.877
Malawi,MWI,2021,4.15,3.791
Malawi,MWI,2022,3.99,3.72
Malawi,MWI,2023,3.83,3.648
Malaysia,MYS,1950,16.87,6.429
Malaysia,MYS,1951,15.94,6.428
Malaysia,MYS,1952,15.08,6.426
Malaysia,MYS,1953,14.25,6.437
Malaysia,MYS,1954,13.48,6.448
Malaysia,MYS,1955,12.77,6.452
Malaysia,MYS,1956,12.09,6.461
Malaysia,MYS,1957,11.43,6.468
Malaysia,MYS,1958,10.76,6.456
Malaysia,MYS,1959,10.1,6.441
Malaysia,MYS,1960,9.46,6.412
Malaysia,MYS,1961,8.83,6.367
Malaysia,MYS,1962,8.25,6.296
Malaysia,MYS,1963,7.74,6.191
Malaysia,MYS,1964,7.28,6.03
Malaysia,MYS,1965,6.89,5.836
Malaysia,MYS,1966,6.56,5.635
Malaysia,MYS,1967,6.27,5.433
Malaysia,MYS,1968,6.02,5.291
Malaysia,MYS,1969,5.79,5.159
Malaysia,MYS,1970,5.56,5.035
Malaysia,MYS,1971,5.32,4.924
Malaysia,MYS,1972,5.06,4.822
Malaysia,MYS,1973,4.79,4.727
Malaysia,MYS,1974,4.5,4.619
Malaysia,MYS,1975,4.23,4.501
Malaysia,MYS,1976,3.97,4.398
Malaysia,MYS,1977,3.71,4.282
Malaysia,MYS,1978,3.48,4.179
Malaysia,MYS,1979,3.25,4.091
Malaysia,MYS,1980,3.04,4.035
Malaysia,MYS,1981,2.84,4.002
Malaysia,MYS,1982,2.65,3.967
Malaysia,MYS,1983,2.47,3.928
Malaysia,MYS,1984,2.32,3.885
Malaysia,MYS,1985,2.18,3.804
Malaysia,MYS,1986,2.05,3.699
Malaysia,MYS,1987,1.93,3.565
Malaysia,MYS,1988,1.83,3.502
Malaysia,MYS,1989,1.74,3.313
Malaysia,MYS,1990,1.66,3.304
Malaysia,MYS,1991,1.58,3.339
Malaysia,MYS,1992,1.51,3.373
Malaysia,MYS,1993,1.45,3.364
Malaysia,MYS,1994,1.39,3.346
Malaysia,MYS,1995,1.34,3.317
Malaysia,MYS,1996,1.29,3.297
Malaysia,MYS,1997,1.23,3.227
Malaysia,MYS,1998,1.15,3.12
Malaysia,MYS,1999,1.07,3.068
Malaysia,MYS,2000,1.0,2.942
Malaysia,MYS,2001,0.93,2.807
Malaysia,MYS,2002,0.88,2.658
Malaysia,MYS,2003,0.85,2.601
Malaysia,MYS,2004,0.84,2.493
Malaysia,MYS,2005,0.83,2.391
Malaysia,MYS,2006,0.83,2.308
Malaysia,MYS,2007,0.82,2.252
Malaysia,MYS,2008,0.82,2.262
Malaysia,MYS,2009,0.82,2.223
Malaysia,MYS,2010,0.81,2.144
Malaysia,MYS,2011,0.81,2.153
Malaysia,MYS,2012,0.8,2.117
Malaysia,MYS,2013,0.81,2.07
Malaysia,MYS,2014,0.81,2.058
Malaysia,MYS,2015,0.81,2.008
Malaysia,MYS,2016,0.82,1.942
Malaysia,MYS,2017,0.82,1.893
Malaysia,MYS,2018,0.82,1.838
Malaysia,MYS,2019,0.82,1.777
Malaysia,MYS,2020,0.81,1.68
Malaysia,MYS,2021,0.81,1.555
Malaysia,MYS,2022,0.81,1.55
Malaysia,MYS,2023,0.81,1.55
Maldives,MDV,1950,33.36,6.183
Maldives,MDV,1951,33.36,6.178
Maldives,MDV,1952,33.36,6.211
Maldives,MDV,1953,33.36,6.23
Maldives,MDV,1954,33.36,6.259
Maldives,MDV,1955,33.36,6.329
Maldives,MDV,1956,33.36,6.391
Maldives,MDV,1957,33.36,6.447
Maldives,MDV,1958,33.36,6.504
Maldives,MDV,1959,33.36,6.558
Maldives,MDV,1960,33.36,6.713
Maldives,MDV,1961,33.36,6.792
Maldives,MDV,1962,33.36,6.887
Maldives,MDV,1963,32.46,6.941
Maldives,MDV,1964,31.51,7.003
Maldives,MDV,1965,30.6,7.07
Maldives,MDV,1966,29.68,7.145
Maldives,MDV,1967,28.71,7.227
Maldives,MDV,1968,27.74,7.279
Maldives,MDV,1969,26.79,7.327
Maldives,MDV,1970,25.78,7.391
Maldives,MDV,1971,24.74,7.384
Maldives,MDV,1972,23.61,7.374
Maldives,MDV,1973,22.44,7.399
Maldives,MDV,1974,21.24,7.377
Maldives,MDV,1975,20.06,7.321
Maldives,MDV,1976,18.93,7.292
Maldives,MDV,1977,17.86,7.266
Maldives,MDV,1978,16.86,7.229
Maldives,MDV,1979,15.92,7.233
Maldives,MDV,1980,15.01,7.226
Maldives,MDV,1981,14.18,7.191
Maldives,MDV,1982,13.4,7.146
Maldives,MDV,1983,12.68,7.092
Maldives,MDV,1984,11.99,7.025
Maldives,MDV,1985,11.34,6.939
Maldives,MDV,1986,10.73,6.846
Maldives,MDV,1987,10.14,6.731
Maldives,MDV,1988,9.59,6.583
Maldives,MDV,1989,9.06,6.386
Maldives,MDV,1990,8.57,6.13
Maldives,MDV,1991,8.08,5.796
Maldives,MDV,1992,7.61,5.435
Maldives,MDV,1993,7.15,5.063
Maldives,MDV,1994,6.68,4.688
Maldives,MDV,1995,6.22,4.292
Maldives,MDV,1996,5.74,3.859
Maldives,MDV,1997,5.28,3.477
Maldives,MDV,1998,4.81,3.171
Maldives,MDV,1999,4.36,2.899
Maldives,MDV,2000,3.9,2.691
Maldives,MDV,2001,3.47,2.532
Maldives,MDV,2002,3.08,2.425
Maldives,MDV,2003,2.72,2.342
Maldives,MDV,2004,2.7,2.262
Maldives,MDV,2005,2.16,2.199
Maldives,MDV,2006,1.94,2.204
Maldives,MDV,2007,1.76,2.293
Maldives,MDV,2008,1.61,2.371
Maldives,MDV,2009,1.49,2.39
Maldives,MDV,2010,1.38,2.349
Maldives,MDV,2011,1.29,2.307
Maldives,MDV,2012,1.21,2.254
Maldives,MDV,2013,1.13,2.174
Maldives,MDV,2014,1.05,2.089
Maldives,MDV,2015,0.99,2.004
Maldives,MDV,2016,0.92,1.903
Maldives,MDV,2017,0.86,1.798
Maldives,MDV,2018,0.8,1.71
Maldives,MDV,2019,0.74,1.64
Maldives,MDV,2020,0.69,1.613
Maldives,MDV,2021,0.64,1.599
Maldives,MDV,2022,0.6,1.583
Maldives,MDV,2023,0.57,1.575
Mali,MLI,1950,49.79,6.873
Mali,MLI,1951,49.79,6.895
Mali,MLI,1952,49.79,6.906
Mali,MLI,1953,49.79,6.921
Mali,MLI,1954,49.79,6.936
Mali,MLI,1955,49.79,6.95
Mali,MLI,1956,49.79,6.968
Mali,MLI,1957,49.79,6.985
Mali,MLI,1958,49.79,6.998
Mali,MLI,1959,49.79,7.007
Mali,MLI,1960,49.79,7.019
Mali,MLI,1961,48.45,7.031
Mali,MLI,1962,47.15,7.038
Mali,MLI,1963,42.63,7.046
Mali,MLI,1964,41.89,7.055
Mali,MLI,1965,41.18,7.081
Mali,MLI,1966,40.48,7.111
Mali,MLI,1967,39.79,7.136
Mali,MLI,1968,39.17,7.159
Mali,MLI,1969,38.55,7.175
Mali,MLI,1970,37.95,7.181
Mali,MLI,1971,37.32,7.203
Mali,MLI,1972,36.68,7.219
Mali,MLI,1973,35.97,7.223
Mali,MLI,1974,35.19,7.228
Mali,MLI,1975,34.39,7.253
Mali,MLI,1976,33.55,7.272
Mali,MLI,1977,32.69,7.299
Mali,MLI,1978,31.83,7.319
Mali,MLI,1979,30.98,7.348
Mali,MLI,1980,30.15,7.365
Mali,MLI,1981,29.31,7.365
Mali,MLI,1982,28.49,7.32
Mali,MLI,1983,27.68,7.276
Mali,MLI,1984,26.89,7.256
Mali,MLI,1985,26.14,7.261
Mali,MLI,1986,25.42,7.311
Mali,MLI,1987,24.77,7.312
Mali,MLI,1988,24.16,7.324
Mali,MLI,1989,23.6,7.331
Mali,MLI,1990,23.1,7.311
Mali,MLI,1991,22.65,7.28
Mali,MLI,1992,22.26,7.237
Mali,MLI,1993,21.89,7.18
Mali,MLI,1994,21.54,7.119
Mali,MLI,1995,21.19,7.052
Mali,MLI,1996,20.81,7.01
Mali,MLI,1997,20.38,6.971
Mali,MLI,1998,19.9,6.936
Mali,MLI,1999,19.35,6.911
Mali,MLI,2000,18.76,6.886
Mali,MLI,2001,18.15,6.852
Mali,MLI,2002,17.52,6.819
Mali,MLI,2003,16.9,6.783
Mali,MLI,2004,16.31,6.741
Mali,MLI,2005,15.74,6.708
Mali,MLI,2006,15.22,6.677
Mali,MLI,2007,14.73,6.647
Mali,MLI,2008,14.26,6.624
Mali,MLI,2009,13.82,6.592
Mali,MLI,2010,13.39,6.579
Mali,MLI,2011,12.99,6.545
Mali,MLI,2012,12.61,6.523
Mali,MLI,2013,12.24,6.491
Mali,MLI,2014,11.9,6.441
Mali,MLI,2015,11.57,6.385
Mali,MLI,2016,11.24,6.319
Mali,MLI,2017,10.93,6.251
Mali,MLI,2018,10.61,6.118
Mali,MLI,2019,10.31,5.892
Mali,MLI,2020,10.0,5.85
Mali,MLI,2021,9.69,5.779
Mali,MLI,2022,9.4,5.692
Mali,MLI,2023,9.13,5.614
Malta,MLT,1950,10.91,4.226
Malta,MLT,1951,9.52,4.21
Malta,MLT,1952,8.33,4.174
Malta,MLT,1953,7.31,4.129
Malta,MLT,1954,6.47,4.076
Malta,MLT,1955,5.78,4.014
Malta,MLT,1956,5.23,4.031
Malta,MLT,1957,4.79,3.681
Malta,MLT,1958,4.46,3.584
Malta,MLT,1959,4.2,3.576
Malta,MLT,1960,4.0,3.626
Malta,MLT,1961,3.85,3.304
Malta,MLT,1962,3.73,3.218
Malta,MLT,1963,3.63,2.871
Malta,MLT,1964,3.53,2.736
Malta,MLT,1965,3.43,2.437
Malta,MLT,1966,3.31,2.284
Malta,MLT,1967,3.19,2.191
Malta,MLT,1968,3.06,2.08
Malta,MLT,1969,2.93,2.025
Malta,MLT,1970,2.79,2.072
Malta,MLT,1971,2.66,2.124
Malta,MLT,1972,2.52,2.032
Malta,MLT,1973,2.39,2.078
Malta,MLT,1974,2.26,2.078
Malta,MLT,1975,2.14,2.152
Malta,MLT,1976,2.03,2.129
Malta,MLT,1977,1.93,2.141
Malta,MLT,1978,1.84,2.064
Malta,MLT,1979,1.76,2.093
Malta,MLT,1980,1.69,1.993
Malta,MLT,1981,1.62,1.895
Malta,MLT,1982,1.57,2.068
Malta,MLT,1983,1.51,2.001
Malta,MLT,1984,1.45,1.957
Malta,MLT,1985,1.39,1.948
Malta,MLT,1986,1.33,1.931
Malta,MLT,1987,1.28,1.97
Malta,MLT,1988,1.23,2.057
Malta,MLT,1989,1.18,2.095
Malta,MLT,1990,1.13,2.041
Malta,MLT,1991,1.1,2.002
Malta,MLT,1992,1.06,2.06
Malta,MLT,1993,1.02,1.958
Malta,MLT,1994,0.98,1.84
Malta,MLT,1995,0.94,1.791
Malta,MLT,1996,0.9,1.972
Malta,MLT,1997,0.86,1.937
Malta,MLT,1998,0.82,1.835
Malta,MLT,1999,0.79,1.734
Malta,MLT,2000,0.76,1.672
Malta,MLT,2001,0.74,1.493
Malta,MLT,2002,0.72,1.458
Malta,MLT,2003,0.71,1.476
Malta,MLT,2004,0.7,1.4
Malta,MLT,2005,0.69,1.377
Malta,MLT,2006,0.69,1.363
Malta,MLT,2007,0.69,1.358
Malta,MLT,2008,0.69,1.42
Malta,MLT,2009,0.69,1.413
Malta,MLT,2010,0.69,1.375
Malta,MLT,2011,0.68,1.443
Malta,MLT,2012,0.68,1.42
Malta,MLT,2013,0.67,1.366
Malta,MLT,2014,0.67,1.379
Malta,MLT,2015,0.66,1.376
Malta,MLT,2016,0.65,1.366
Malta,MLT,2017,0.64,1.271
Malta,MLT,2018,0.63,1.227
Malta,MLT,2019,0.61,1.15
Malta,MLT,2020,0.6,1.132
Malta,MLT,2021,0.58,1.11
Malta,MLT,2022,0.57,1.101
Malta,MLT,2023,0.55,1.098
Marshall Islands,MHL,1950,12.75,7.756
Marshall Islands,MHL,1951,12.75,7.757
Marshall Islands,MHL,1952,12.75,7.8
Marshall Islands,MHL,1953,12.75,7.833
Marshall Islands,MHL,1954,12.75,7.876
Marshall Islands,MHL,1955,12.75,7.906
Marshall Islands,MHL,1956,12.75,7.917
Marshall Islands,MHL,1957,12.75,7.954
Marshall Islands,MHL,1958,12.75,7.979
Marshall Islands,MHL,1959,12.75,8.023
Marshall Islands,MHL,1960,12.16,8.077
Marshall Islands,MHL,1961,11.58,8.115
Marshall Islands,MHL,1962,11.03,8.122
Marshall Islands,MHL,1963,10.53,8.123
Marshall Islands,MHL,1964,10.06,8.143
Marshall Islands,MHL,1965,9.64,8.156
Marshall Islands,MHL,1966,9.25,8.199
Marshall Islands,MHL,1967,8.88,8.169
Marshall Islands,MHL,1968,8.53,8.143
Marshall Islands,MHL,1969,8.19,8.112
Marshall Islands,MHL,1970,7.87,8.075
Marshall Islands,MHL,1971,7.58,8.036
Marshall Islands,MHL,1972,7.33,7.995
Marshall Islands,MHL,1973,7.13,7.952
Marshall Islands,MHL,1974,6.97,7.899
Marshall Islands,MHL,1975,6.86,7.832
Marshall Islands,MHL,1976,6.77,7.757
Marshall Islands,MHL,1977,6.69,7.67
Marshall Islands,MHL,1978,6.61,7.58
Marshall Islands,MHL,1979,6.52,7.473
Marshall Islands,MHL,1980,6.42,7.37
Marshall Islands,MHL,1981,6.29,7.269
Marshall Islands,MHL,1982,6.15,7.179
Marshall Islands,MHL,1983,6.0,7.083
Marshall Islands,MHL,1984,5.83,6.988
Marshall Islands,MHL,1985,5.66,6.866
Marshall Islands,MHL,1986,5.49,6.731
Marshall Islands,MHL,1987,5.31,6.568
Marshall Islands,MHL,1988,5.13,6.384
Marshall Islands,MHL,1989,4.95,6.183
Marshall Islands,MHL,1990,4.76,5.97
Marshall Islands,MHL,1991,4.59,5.757
Marshall Islands,MHL,1992,4.43,5.546
Marshall Islands,MHL,1993,4.29,5.382
Marshall Islands,MHL,1994,4.2,5.232
Marshall Islands,MHL,1995,4.15,5.091
Marshall Islands,MHL,1996,4.14,5.021
Marshall Islands,MHL,1997,4.15,4.959
Marshall Islands,MHL,1998,4.19,4.868
Marshall Islands,MHL,1999,4.23,4.783
Marshall Islands,MHL,2000,4.25,4.695
Marshall Islands,MHL,2001,4.25,4.583
Marshall Islands,MHL,2002,4.24,4.488
Marshall Islands,MHL,2003,4.21,4.418
Marshall Islands,MHL,2004,4.18,4.34
Marshall Islands,MHL,2005,4.14,4.276
Marshall Islands,MHL,2006,4.1,4.197
Marshall Islands,MHL,2007,4.06,4.09
Marshall Islands,MHL,2008,4.02,3.967
Marshall Islands,MHL,2009,3.97,3.83
Marshall Islands,MHL,2010,3.94,3.673
Marshall Islands,MHL,2011,3.89,3.527
Marshall Islands,MHL,2012,3.82,3.382
Marshall Islands,MHL,2013,3.75,3.247
Marshall Islands,MHL,2014,3.66,3.18
Marshall Islands,MHL,2015,3.57,3.131
Marshall Islands,MHL,2016,3.48,3.091
Marshall Islands,MHL,2017,3.38,3.064
Marshall Islands,MHL,2018,3.29,3.038
Marshall Islands,MHL,2019,3.19,3.012
Marshall Islands,MHL,2020,3.1,2.989
Marshall Islands,MHL,2021,3.0,2.964
Marshall Islands,MHL,2022,2.91,2.936
Marshall Islands,MHL,2023,2.82,2.919
Martinique,MTQ,1950,7.30375,5.497
Martinique,MTQ,1951,7.30375,5.429
Martinique,MTQ,1952,7.30375,5.35
Martinique,MTQ,1953,7.30375,5.492
Martinique,MTQ,1954,7.30375,5.609
Martinique,MTQ,1955,7.30375,5.686
Martinique,MTQ,1956,7.30375,5.702
Martinique,MTQ,1957,7.30375,5.706
Martinique,MTQ,1958,7.30375,5.635
Martinique,MTQ,1959,7.30375,5.619
Martinique,MTQ,1960,7.30375,5.673
Martinique,MTQ,1961,7.30375,5.599
Martinique,MTQ,1962,7.30375,5.549
Martinique,MTQ,1963,7.30375,5.429
Martinique,MTQ,1964,7.30375,5.408
Martinique,MTQ,1965,7.30375,5.479
Martinique,MTQ,1966,7.30375,5.379
Martinique,MTQ,1967,7.30375,5.25
Martinique,MTQ,1968,7.30375,5.044
Martinique,MTQ,1969,7.30375,4.743
Martinique,MTQ,1970,7.30375,4.531
Martinique,MTQ,1971,7.30375,4.368
Martinique,MTQ,1972,7.30375,4.179
Martinique,MTQ,1973,7.30375,3.847
Martinique,MTQ,1974,7.30375,3.523
Martinique,MTQ,1975,7.30375,3.125
Martinique,MTQ,1976,7.30375,2.776
Martinique,MTQ,1977,7.30375,2.531
Martinique,MTQ,1978,7.30375,2.359
Martinique,MTQ,1979,7.30375,2.249
Martinique,MTQ,1980,7.30375,2.188
Martinique,MTQ,1981,7.30375,2.183
Martinique,MTQ,1982,7.30375,2.164
Martinique,MTQ,1983,7.30375,2.144
Martinique,MTQ,1984,7.30375,2.104
Martinique,MTQ,1985,7.30375,2.079
Martinique,MTQ,1986,7.30375,2.07
Martinique,MTQ,1987,7.30375,2.077
Martinique,MTQ,1988,7.30375,2.047
Martinique,MTQ,1989,7.30375,2.036
Martinique,MTQ,1990,7.30375,2.023
Martinique,MTQ,1991,7.30375,2.003
Martinique,MTQ,1992,7.30375,1.992
Martinique,MTQ,1993,7.30375,1.969
Martinique,MTQ,1994,7.30375,1.947
Martinique,MTQ,1995,7.30375,1.921
Martinique,MTQ,1996,7.30375,1.908
Martinique,MTQ,1997,7.30375,1.898
Martinique,MTQ,1998,7.30375,1.89
Martinique,MTQ,1999,7.30375,1.877
Martinique,MTQ,2000,7.30375,1.897
Martinique,MTQ,2001,7.30375,1.905
Martinique,MTQ,2002,7.30375,1.893
Martinique,MTQ,2003,7.30375,1.899
Martinique,MTQ,2004,7.30375,1.898
Martinique,MTQ,2005,7.30375,1.943
Martinique,MTQ,2006,7.30375,2.005
Martinique,MTQ,2007,7.30375,2.041
Martinique,MTQ,2008,7.30375,2.07
Martinique,MTQ,2009,7.30375,2.05
Martinique,MTQ,2010,7.30375,2.036
Martinique,MTQ,2011,7.30375,2.008
Martinique,MTQ,2012,7.30375,1.998
Martinique,MTQ,2013,7.30375,1.987
Martinique,MTQ,2014,7.30375,1.992
Martinique,MTQ,2015,7.30375,1.972
Martinique,MTQ,2016,7.30375,1.964
Martinique,MTQ,2017,7.30375,1.966
Martinique,MTQ,2018,7.30375,1.993
Martinique,MTQ,2019,7.30375,2.025
Martinique,MTQ,2020,7.30375,2.03
Martinique,MTQ,2021,7.30375,2.038
Martinique,MTQ,2022,7.30375,2.024
Martinique,MTQ,2023,7.30375,2.009
Mauritania,MRT,1940,33.98,5.791
Mauritania,MRT,1941,33.69,5.791
Mauritania,MRT,1942,33.5,5.791
Mauritania,MRT,1943,33.25,5.791
Mauritania,MRT,1944,32.99,5.791
Mauritania,MRT,1945,32.69,5.791
Mauritania,MRT,1946,32.36,5.791
Mauritania,MRT,1947,32.07,5.791
Mauritania,MRT,1948,31.7,5.791
Mauritania,MRT,1949,31.32,5.791
Mauritania,MRT,1950,30.92,5.791
Mauritania,MRT,1951,30.49,5.809
Mauritania,MRT,1952,30.04,5.825
Mauritania,MRT,1953,29.55,5.847
Mauritania,MRT,1954,29.04,5.874
Mauritania,MRT,1955,28.48,5.923
Mauritania,MRT,1956,27.9,5.964
Mauritania,MRT,1957,27.28,6.004
Mauritania,MRT,1958,26.67,6.05
Mauritania,MRT,1959,26.02,6.092
Mauritania,MRT,1960,25.34,6.149
Mauritania,MRT,1961,24.65,6.199
Mauritania,MRT,1962,24.0,6.244
Mauritania,MRT,1963,23.36,6.312
Mauritania,MRT,1964,22.68,6.37
Mauritania,MRT,1965,22.01,6.444
Mauritania,MRT,1966,21.32,6.516
Mauritania,MRT,1967,20.6,6.568
Mauritania,MRT,1968,19.91,6.603
Mauritania,MRT,1969,19.39,6.643
Mauritania,MRT,1970,19.04,6.677
Mauritania,MRT,1971,18.9,6.696
Mauritania,MRT,1972,18.9,6.706
Mauritania,MRT,1973,18.97,6.718
Mauritania,MRT,1974,18.98,6.73
Mauritania,MRT,1975,18.86,6.713
Mauritania,MRT,1976,18.58,6.727
Mauritania,MRT,1977,18.15,6.736
Mauritania,MRT,1978,17.62,6.727
Mauritania,MRT,1979,17.09,6.702
Mauritania,MRT,1980,16.58,6.671
Mauritania,MRT,1981,16.09,6.635
Mauritania,MRT,1982,15.6,6.588
Mauritania,MRT,1983,15.08,6.541
Mauritania,MRT,1984,14.48,6.483
Mauritania,MRT,1985,13.82,6.423
Mauritania,MRT,1986,13.16,6.343
Mauritania,MRT,1987,12.59,6.271
Mauritania,MRT,1988,12.11,6.213
Mauritania,MRT,1989,11.76,6.195
Mauritania,MRT,1990,11.54,6.175
Mauritania,MRT,1991,11.41,6.157
Mauritania,MRT,1992,11.31,6.126
Mauritania,MRT,1993,11.23,6.093
Mauritania,MRT,1994,11.16,6.058
Mauritania,MRT,1995,11.08,5.962
Mauritania,MRT,1996,10.97,5.861
Mauritania,MRT,1997,10.79,5.743
Mauritania,MRT,1998,10.55,5.623
Mauritania,MRT,1999,10.23,5.524
Mauritania,MRT,2000,9.82,5.456
Mauritania,MRT,2001,9.35,5.407
Mauritania,MRT,2002,8.81,5.373
Mauritania,MRT,2003,8.25,5.364
Mauritania,MRT,2004,7.7,5.374
Mauritania,MRT,2005,7.18,5.376
Mauritania,MRT,2006,6.73,5.404
Mauritania,MRT,2007,6.35,5.426
Mauritania,MRT,2008,6.04,5.436
Mauritania,MRT,2009,5.79,5.406
Mauritania,MRT,2010,5.61,5.384
Mauritania,MRT,2011,5.45,5.38
Mauritania,MRT,2012,5.31,5.352
Mauritania,MRT,2013,5.17,5.317
Mauritania,MRT,2014,5.04,5.261
Mauritania,MRT,2015,4.89,5.211
Mauritania,MRT,2016,4.74,5.157
Mauritania,MRT,2017,4.59,5.106
Mauritania,MRT,2018,4.45,5.044
Mauritania,MRT,2019,4.3,4.984
Mauritania,MRT,2020,4.17,4.912
Mauritania,MRT,2021,4.03,4.848
Mauritania,MRT,2022,3.91,4.77
Mauritania,MRT,2023,3.78,4.697
Mauritius,MUS,1871,20.35,6.027
Mauritius,MUS,1872,22.78,6.027
Mauritius,MUS,1873,35.12,6.027
Mauritius,MUS,1874,27.47,6.027
Mauritius,MUS,1875,27.0,6.027
Mauritius,MUS,1876,25.15,6.027
Mauritius,MUS,1877,24.25,6.027
Mauritius,MUS,1878,24.97,6.027
Mauritius,MUS,1879,22.59,6.027
Mauritius,MUS,1880,21.66,6.027
Mauritius,MUS,1881,26.85,6.027
Mauritius,MUS,1882,28.44,6.027
Mauritius,MUS,1883,33.5,6.027
Mauritius,MUS,1884,27.0,6.027
Mauritius,MUS,1885,28.11,6.027
Mauritius,MUS,1886,24.97,6.027
Mauritius,MUS,1887,29.91,6.027
Mauritius,MUS,1888,26.68,6.027
Mauritius,MUS,1889,21.28,6.027
Mauritius,MUS,1890,28.44,6.027
Mauritius,MUS,1891,27.32,6.027
Mauritius,MUS,1892,33.66,6.027
Mauritius,MUS,1893,35.12,6.027
Mauritius,MUS,1894,30.9,6.027
Mauritius,MUS,1895,34.31,6.027
Mauritius,MUS,1896,48.4,6.027
Mauritius,MUS,1898,31.06,6.027
Mauritius,MUS,1899,28.6,6.027
Mauritius,MUS,1900,33.01,6.027
Mauritius,MUS,1901,36.25,6.027
Mauritius,MUS,1902,31.88,6.027
Mauritius,MUS,1903,25.15,6.027
Mauritius,MUS,1904,22.59,6.027
Mauritius,MUS,1905,31.23,6.027
Mauritius,MUS,1906,28.11,6.027
Mauritius,MUS,1907,26.19,6.027
Mauritius,MUS,1908,30.57,6.027
Mauritius,MUS,1909,26.85,6.027
Mauritius,MUS,1910,25.32,6.027
Mauritius,MUS,1911,24.25,6.027
Mauritius,MUS,1912,28.6,6.027
Mauritius,MUS,1913,22.78,6.027
Mauritius,MUS,1914,23.15,6.027
Mauritius,MUS,1915,27.0,6.027
Mauritius,MUS,1916,22.03,6.027
Mauritius,MUS,1917,29.1,6.027
Mauritius,MUS,1918,32.36,6.027
Mauritius,MUS,1919,34.47,6.027
Mauritius,MUS,1921,28.77,6.027
Mauritius,MUS,1922,26.19,6.027
Mauritius,MUS,1923,24.61,6.027
Mauritius,MUS,1924,22.41,6.027
Mauritius,MUS,1925,20.16,6.027
Mauritius,MUS,1926,20.16,6.027
Mauritius,MUS,1927,23.52,6.027
Mauritius,MUS,1928,21.28,6.027
Mauritius,MUS,1929,22.59,6.027
Mauritius,MUS,1930,32.2,6.027
Mauritius,MUS,1931,33.01,6.027
Mauritius,MUS,1932,25.85,6.027
Mauritius,MUS,1933,20.91,6.027
Mauritius,MUS,1934,20.53,6.027
Mauritius,MUS,1935,22.22,6.027
Mauritius,MUS,1936,22.78,6.027
Mauritius,MUS,1937,24.97,6.027
Mauritius,MUS,1938,26.52,6.027
Mauritius,MUS,1939,25.67,6.027
Mauritius,MUS,1940,26.35,6.027
Mauritius,MUS,1941,21.47,6.027
Mauritius,MUS,1942,26.52,6.027
Mauritius,MUS,1943,22.78,6.027
Mauritius,MUS,1944,22.59,6.027
Mauritius,MUS,1945,30.57,6.027
Mauritius,MUS,1946,23.33,6.027
Mauritius,MUS,1947,17.53,6.027
Mauritius,MUS,1948,30.24,6.027
Mauritius,MUS,1949,13.3,6.027
Mauritius,MUS,1950,10.69,6.027
Mauritius,MUS,1951,12.06,6.026
Mauritius,MUS,1952,11.54,5.969
Mauritius,MUS,1953,13.84,5.893
Mauritius,MUS,1954,11.54,5.848
Mauritius,MUS,1955,12.9,5.832
Mauritius,MUS,1956,13.34,5.814
Mauritius,MUS,1957,12.08,5.836
Mauritius,MUS,1958,11.2,5.862
Mauritius,MUS,1959,10.61,5.876
Mauritius,MUS,1960,10.2,5.897
Mauritius,MUS,1961,9.82,5.982
Mauritius,MUS,1962,9.31,5.877
Mauritius,MUS,1963,8.72,6.18
Mauritius,MUS,1964,8.4,5.956
Mauritius,MUS,1965,8.66,5.508
Mauritius,MUS,1966,9.25,5.46
Mauritius,MUS,1967,9.55,4.626
Mauritius,MUS,1968,9.25,4.596
Mauritius,MUS,1969,8.72,3.965
Mauritius,MUS,1970,8.35,3.82
Mauritius,MUS,1971,8.15,3.508
Mauritius,MUS,1972,7.98,3.407
Mauritius,MUS,1973,7.71,3.071
Mauritius,MUS,1974,7.24,3.453
Mauritius,MUS,1975,6.53,3.197
Mauritius,MUS,1976,5.74,3.129
Mauritius,MUS,1977,5.08,3.071
Mauritius,MUS,1978,4.62,3.011
Mauritius,MUS,1979,4.28,2.914
Mauritius,MUS,1980,4.02,2.803
Mauritius,MUS,1981,3.77,2.666
Mauritius,MUS,1982,3.47,2.534
Mauritius,MUS,1983,3.15,2.396
Mauritius,MUS,1984,2.92,2.233
Mauritius,MUS,1985,2.85,2.054
Mauritius,MUS,1986,2.88,1.947
Mauritius,MUS,1987,2.85,2.003
Mauritius,MUS,1988,2.7,2.097
Mauritius,MUS,1989,2.5,2.209
Mauritius,MUS,1990,2.32,2.296
Mauritius,MUS,1991,2.19,2.293
Mauritius,MUS,1992,2.13,2.359
Mauritius,MUS,1993,2.12,2.312
Mauritius,MUS,1994,2.16,2.243
Mauritius,MUS,1995,2.22,2.138
Mauritius,MUS,1996,2.26,2.116
Mauritius,MUS,1997,2.25,2.031
Mauritius,MUS,1998,2.16,1.911
Mauritius,MUS,1999,2.03,2.031
Mauritius,MUS,2000,1.89,1.976
Mauritius,MUS,2001,1.76,1.895
Mauritius,MUS,2002,1.66,1.916
Mauritius,MUS,2003,1.6,1.871
Mauritius,MUS,2004,1.57,1.871
Mauritius,MUS,2005,1.55,1.824
Mauritius,MUS,2006,1.54,1.714
Mauritius,MUS,2007,1.52,1.672
Mauritius,MUS,2008,1.5,1.602
Mauritius,MUS,2009,1.48,1.528
Mauritius,MUS,2010,1.48,1.495
Mauritius,MUS,2011,1.49,1.482
Mauritius,MUS,2012,1.5,1.479
Mauritius,MUS,2013,1.49,1.419
Mauritius,MUS,2014,1.47,1.371
Mauritius,MUS,2015,1.47,1.319
Mauritius,MUS,2016,1.47,1.352
Mauritius,MUS,2017,1.5,1.395
Mauritius,MUS,2018,1.53,1.365
Mauritius,MUS,2019,1.57,1.351
Mauritius,MUS,2020,1.58,1.387
Mauritius,MUS,2021,1.57,1.353
Mauritius,MUS,2022,1.55,1.27
Mauritius,MUS,2023,1.52,1.241
Mayotte,MYT,1950,7.30375,6.864
Mayotte,MYT,1951,7.30375,6.873
Mayotte,MYT,1952,7.30375,6.875
Mayotte,MYT,1953,7.30375,6.865
Mayotte,MYT,1954,7.30375,6.867
Mayotte,MYT,1955,7.30375,6.867
Mayotte,MYT,1956,7.30375,6.859
Mayotte,MYT,1957,7.30375,6.887
Mayotte,MYT,1958,7.30375,6.921
Mayotte,MYT,1959,7.30375,6.95
Mayotte,MYT,1960,7.30375,6.985
Mayotte,MYT,1961,7.30375,7.01
Mayotte,MYT,1962,7.30375,7.035
Mayotte,MYT,1963,7.30375,7.057
Mayotte,MYT,1964,7.30375,7.081
Mayotte,MYT,1965,7.30375,7.115
Mayotte,MYT,1966,7.30375,7.138
Mayotte,MYT,1967,7.30375,7.197
Mayotte,MYT,1968,7.30375,7.251
Mayotte,MYT,1969,7.30375,7.305
Mayotte,MYT,1970,7.30375,7.368
Mayotte,MYT,1971,7.30375,7.421
Mayotte,MYT,1972,7.30375,7.451
Mayotte,MYT,1973,7.30375,7.478
Mayotte,MYT,1974,7.30375,7.496
Mayotte,MYT,1975,7.30375,7.533
Mayotte,MYT,1976,7.30375,7.521
Mayotte,MYT,1977,7.30375,7.507
Mayotte,MYT,1978,7.30375,7.48
Mayotte,MYT,1979,7.30375,7.415
Mayotte,MYT,1980,7.30375,7.323
Mayotte,MYT,1981,7.30375,7.215
Mayotte,MYT,1982,7.30375,7.096
Mayotte,MYT,1983,7.30375,6.967
Mayotte,MYT,1984,7.30375,6.832
Mayotte,MYT,1985,7.30375,6.688
Mayotte,MYT,1986,7.30375,6.561
Mayotte,MYT,1987,7.30375,6.43
Mayotte,MYT,1988,7.30375,6.307
Mayotte,MYT,1989,7.30375,6.178
Mayotte,MYT,1990,7.30375,6.051
Mayotte,MYT,1991,7.30375,5.948
Mayotte,MYT,1992,7.30375,5.85
Mayotte,MYT,1993,7.30375,5.756
Mayotte,MYT,1994,7.30375,5.67
Mayotte,MYT,1995,7.30375,5.588
Mayotte,MYT,1996,7.30375,5.513
Mayotte,MYT,1997,7.30375,5.392
Mayotte,MYT,1998,7.30375,5.256
Mayotte,MYT,1999,7.30375,5.111
Mayotte,MYT,2000,7.30375,4.964
Mayotte,MYT,2001,7.30375,4.811
Mayotte,MYT,2002,7.30375,4.66
Mayotte,MYT,2003,7.30375,4.534
Mayotte,MYT,2004,7.30375,4.448
Mayotte,MYT,2005,7.30375,4.502
Mayotte,MYT,2006,7.30375,4.506
Mayotte,MYT,2007,7.30375,4.493
Mayotte,MYT,2008,7.30375,4.475
Mayotte,MYT,2009,7.30375,4.463
Mayotte,MYT,2010,7.30375,4.433
Mayotte,MYT,2011,7.30375,4.391
Mayotte,MYT,2012,7.30375,4.362
Mayotte,MYT,2013,7.30375,4.433
Mayotte,MYT,2014,7.30375,4.534
Mayotte,MYT,2015,7.30375,4.675
Mayotte,MYT,2016,7.30375,4.704
Mayotte,MYT,2017,7.30375,4.66
Mayotte,MYT,2018,7.30375,4.66
Mayotte,MYT,2019,7.30375,4.58
Mayotte,MYT,2020,7.30375,4.17
Mayotte,MYT,2021,7.30375,4.66
Mayotte,MYT,2022,7.30375,4.661
Mayotte,MYT,2023,7.30375,4.616
Mexico,MEX,1950,23.78,6.709
Mexico,MEX,1951,23.78,6.727
Mexico,MEX,1952,22.63,6.731
Mexico,MEX,1953,21.54,6.734
Mexico,MEX,1954,20.49,6.745
Mexico,MEX,1955,19.5,6.73
Mexico,MEX,1956,18.56,6.743
Mexico,MEX,1957,17.71,6.752
Mexico,MEX,1958,16.9,6.758
Mexico,MEX,1959,16.16,6.758
Mexico,MEX,1960,15.47,6.763
Mexico,MEX,1961,14.83,6.777
Mexico,MEX,1962,14.25,6.8
Mexico,MEX,1963,13.7,6.817
Mexico,MEX,1964,13.2,6.833
Mexico,MEX,1965,12.73,6.819
Mexico,MEX,1966,12.29,6.79
Mexico,MEX,1967,11.87,6.753
Mexico,MEX,1968,11.47,6.707
Mexico,MEX,1969,11.07,6.626
Mexico,MEX,1970,10.68,6.529
Mexico,MEX,1971,10.3,6.419
Mexico,MEX,1972,9.93,6.281
Mexico,MEX,1973,9.56,6.121
Mexico,MEX,1974,9.21,5.947
Mexico,MEX,1975,8.86,5.739
Mexico,MEX,1976,8.52,5.543
Mexico,MEX,1977,8.18,5.361
Mexico,MEX,1978,7.85,5.202
Mexico,MEX,1979,7.51,4.964
Mexico,MEX,1980,7.18,4.739
Mexico,MEX,1981,6.86,4.574
Mexico,MEX,1982,6.55,4.425
Mexico,MEX,1983,6.26,4.296
Mexico,MEX,1984,5.98,4.184
Mexico,MEX,1985,5.71,4.087
Mexico,MEX,1986,5.46,3.971
Mexico,MEX,1987,5.21,3.803
Mexico,MEX,1988,4.98,3.64
Mexico,MEX,1989,4.75,3.532
Mexico,MEX,1990,4.53,3.444
Mexico,MEX,1991,4.32,3.363
Mexico,MEX,1992,4.12,3.285
Mexico,MEX,1993,3.92,3.211
Mexico,MEX,1994,3.74,3.132
Mexico,MEX,1995,3.57,3.044
Mexico,MEX,1996,3.4,2.964
Mexico,MEX,1997,3.24,2.886
Mexico,MEX,1998,3.09,2.815
Mexico,MEX,1999,2.94,2.763
Mexico,MEX,2000,2.81,2.714
Mexico,MEX,2001,2.68,2.671
Mexico,MEX,2002,2.57,2.633
Mexico,MEX,2003,2.46,2.579
Mexico,MEX,2004,2.36,2.536
Mexico,MEX,2005,2.27,2.495
Mexico,MEX,2006,2.19,2.456
Mexico,MEX,2007,2.11,2.421
Mexico,MEX,2008,2.04,2.391
Mexico,MEX,2009,1.98,2.364
Mexico,MEX,2010,1.91,2.34
Mexico,MEX,2011,1.85,2.317
Mexico,MEX,2012,1.79,2.294
Mexico,MEX,2013,1.73,2.269
Mexico,MEX,2014,1.68,2.211
Mexico,MEX,2015,1.62,2.137
Mexico,MEX,2016,1.57,2.086
Mexico,MEX,2017,1.52,2.041
Mexico,MEX,2018,1.47,2.03
Mexico,MEX,2019,1.42,2.02
Mexico,MEX,2020,1.38,1.99
Mexico,MEX,2021,1.33,1.97
Mexico,MEX,2022,1.29,1.94
Mexico,MEX,2023,1.25,1.91
Micronesia (country),FSM,1950,13.68,6.633
Micronesia (country),FSM,1951,13.68,6.64
Micronesia (country),FSM,1952,13.68,6.652
Micronesia (country),FSM,1953,13.68,6.649
Micronesia (country),FSM,1954,13.68,6.652
Micronesia (country),FSM,1955,13.68,6.653
Micronesia (country),FSM,1956,13.68,6.669
Micronesia (country),FSM,1957,13.68,6.684
Micronesia (country),FSM,1958,13.68,6.697
Micronesia (country),FSM,1959,13.1,6.715
Micronesia (country),FSM,1960,12.55,6.742
Micronesia (country),FSM,1961,12.02,6.74
Micronesia (country),FSM,1962,11.55,6.729
Micronesia (country),FSM,1963,11.08,6.713
Micronesia (country),FSM,1964,10.62,6.737
Micronesia (country),FSM,1965,10.19,6.743
Micronesia (country),FSM,1966,9.77,6.781
Micronesia (country),FSM,1967,9.36,6.81
Micronesia (country),FSM,1968,8.99,6.84
Micronesia (country),FSM,1969,8.62,6.877
Micronesia (country),FSM,1970,8.27,6.928
Micronesia (country),FSM,1971,7.96,6.938
Micronesia (country),FSM,1972,7.67,6.961
Micronesia (country),FSM,1973,7.4,6.971
Micronesia (country),FSM,1974,7.14,6.928
Micronesia (country),FSM,1975,6.92,6.879
Micronesia (country),FSM,1976,6.72,6.818
Micronesia (country),FSM,1977,6.53,6.742
Micronesia (country),FSM,1978,6.36,6.65
Micronesia (country),FSM,1979,6.21,6.545
Micronesia (country),FSM,1980,6.09,6.423
Micronesia (country),FSM,1981,6.0,6.291
Micronesia (country),FSM,1982,5.91,6.164
Micronesia (country),FSM,1983,5.84,6.032
Micronesia (country),FSM,1984,5.76,5.888
Micronesia (country),FSM,1985,5.66,5.749
Micronesia (country),FSM,1986,5.52,5.612
Micronesia (country),FSM,1987,5.38,5.466
Micronesia (country),FSM,1988,5.22,5.323
Micronesia (country),FSM,1989,5.07,5.183
Micronesia (country),FSM,1990,4.93,5.049
Micronesia (country),FSM,1991,4.81,4.92
Micronesia (country),FSM,1992,4.71,4.802
Micronesia (country),FSM,1993,4.62,4.678
Micronesia (country),FSM,1994,4.52,4.575
Micronesia (country),FSM,1995,4.43,4.494
Micronesia (country),FSM,1996,4.33,4.427
Micronesia (country),FSM,1997,4.21,4.355
Micronesia (country),FSM,1998,4.09,4.301
Micronesia (country),FSM,1999,3.97,4.27
Micronesia (country),FSM,2000,3.86,4.217
Micronesia (country),FSM,2001,3.77,4.084
Micronesia (country),FSM,2002,4.16,3.934
Micronesia (country),FSM,2003,3.65,3.785
Micronesia (country),FSM,2004,3.61,3.681
Micronesia (country),FSM,2005,3.59,3.595
Micronesia (country),FSM,2006,3.59,3.514
Micronesia (country),FSM,2007,3.58,3.439
Micronesia (country),FSM,2008,3.54,3.368
Micronesia (country),FSM,2009,3.49,3.313
Micronesia (country),FSM,2010,3.42,3.271
Micronesia (country),FSM,2011,3.35,3.223
Micronesia (country),FSM,2012,3.25,3.18
Micronesia (country),FSM,2013,3.16,3.133
Micronesia (country),FSM,2014,3.07,3.091
Micronesia (country),FSM,2015,2.98,3.049
Micronesia (country),FSM,2016,2.88,3.001
Micronesia (country),FSM,2017,2.79,2.957
Micronesia (country),FSM,2018,2.71,2.922
Micronesia (country),FSM,2019,2.63,2.883
Micronesia (country),FSM,2020,2.55,2.852
Micronesia (country),FSM,2021,2.47,2.818
Micronesia (country),FSM,2022,2.39,2.785
Micronesia (country),FSM,2023,2.31,2.748
Moldova,MDA,1950,6.39,3.486
Moldova,MDA,1951,6.39,3.519
Moldova,MDA,1952,6.39,3.533
Moldova,MDA,1953,6.39,3.534
Moldova,MDA,1954,6.39,3.516
Moldova,MDA,1955,6.39,3.492
Moldova,MDA,1956,6.39,3.466
Moldova,MDA,1957,6.39,3.435
Moldova,MDA,1958,6.39,3.405
Moldova,MDA,1959,6.39,3.373
Moldova,MDA,1960,6.39,3.315
Moldova,MDA,1961,6.39,3.228
Moldova,MDA,1962,6.39,3.043
Moldova,MDA,1963,6.39,2.891
Moldova,MDA,1964,6.39,2.71
Moldova,MDA,1965,6.39,2.685
Moldova,MDA,1966,6.39,2.651
Moldova,MDA,1967,6.39,2.617
Moldova,MDA,1968,6.39,2.592
Moldova,MDA,1969,6.39,2.566
Moldova,MDA,1970,6.39,2.565
Moldova,MDA,1971,6.39,2.563
Moldova,MDA,1972,6.2,2.564
Moldova,MDA,1973,6.03,2.566
Moldova,MDA,1974,5.86,2.564
Moldova,MDA,1975,5.68,2.522
Moldova,MDA,1976,5.53,2.472
Moldova,MDA,1977,5.38,2.424
Moldova,MDA,1978,5.23,2.387
Moldova,MDA,1979,5.08,2.384
Moldova,MDA,1980,4.93,2.381
Moldova,MDA,1981,4.78,2.402
Moldova,MDA,1982,4.61,2.449
Moldova,MDA,1983,4.41,2.578
Moldova,MDA,1984,4.2,2.669
Moldova,MDA,1985,4.0,2.674
Moldova,MDA,1986,3.8,2.738
Moldova,MDA,1987,3.62,2.776
Moldova,MDA,1988,3.48,2.628
Moldova,MDA,1989,3.38,2.463
Moldova,MDA,1990,3.35,2.392
Moldova,MDA,1991,3.39,2.278
Moldova,MDA,1992,3.48,2.217
Moldova,MDA,1993,3.62,2.112
Moldova,MDA,1994,3.75,1.993
Moldova,MDA,1995,3.84,1.825
Moldova,MDA,1996,3.85,1.709
Moldova,MDA,1997,3.78,1.79
Moldova,MDA,1998,3.62,1.65
Moldova,MDA,1999,3.4,1.556
Moldova,MDA,2000,3.13,1.496
Moldova,MDA,2001,2.85,1.471
Moldova,MDA,2002,2.58,1.448
Moldova,MDA,2003,2.34,1.479
Moldova,MDA,2004,2.16,1.543
Moldova,MDA,2005,2.01,1.528
Moldova,MDA,2006,1.91,1.537
Moldova,MDA,2007,1.83,1.575
Moldova,MDA,2008,1.77,1.638
Moldova,MDA,2009,1.73,1.719
Moldova,MDA,2010,1.69,1.703
Moldova,MDA,2011,1.66,1.65
Moldova,MDA,2012,1.63,1.661
Moldova,MDA,2013,1.6,1.622
Moldova,MDA,2014,1.58,1.82
Moldova,MDA,2015,1.55,1.87
Moldova,MDA,2016,1.53,1.89
Moldova,MDA,2017,1.52,1.81
Moldova,MDA,2018,1.51,1.81
Moldova,MDA,2019,1.5,1.78
Moldova,MDA,2020,1.49,1.77
Moldova,MDA,2021,1.48,1.751
Moldova,MDA,2022,1.48,1.694
Moldova,MDA,2023,1.47,1.731
Monaco,MCO,1950,0.97,3.058
Monaco,MCO,1951,0.97,3.07
Monaco,MCO,1952,0.97,3.064
Monaco,MCO,1953,0.97,3.04
Monaco,MCO,1954,0.97,2.99
Monaco,MCO,1955,0.97,2.967
Monaco,MCO,1956,0.97,2.946
Monaco,MCO,1957,0.97,2.928
Monaco,MCO,1958,0.97,2.894
Monaco,MCO,1959,0.97,2.849
Monaco,MCO,1960,0.97,2.812
Monaco,MCO,1961,0.97,2.783
Monaco,MCO,1962,0.97,2.756
Monaco,MCO,1963,0.97,2.727
Monaco,MCO,1964,0.97,2.69
Monaco,MCO,1965,0.97,2.66
Monaco,MCO,1966,0.97,2.625
Monaco,MCO,1967,0.97,2.591
Monaco,MCO,1968,0.97,2.566
Monaco,MCO,1969,0.97,2.536
Monaco,MCO,1970,0.97,2.5
Monaco,MCO,1971,0.97,2.47
Monaco,MCO,1972,0.97,2.44
Monaco,MCO,1973,0.97,2.408
Monaco,MCO,1974,0.97,2.377
Monaco,MCO,1975,0.97,2.351
Monaco,MCO,1976,0.97,2.326
Monaco,MCO,1977,0.97,2.306
Monaco,MCO,1978,0.97,2.284
Monaco,MCO,1979,0.97,2.264
Monaco,MCO,1980,0.97,2.244
Monaco,MCO,1981,0.97,2.224
Monaco,MCO,1982,0.97,2.203
Monaco,MCO,1983,0.97,2.184
Monaco,MCO,1984,0.97,2.165
Monaco,MCO,1985,0.97,2.141
Monaco,MCO,1986,0.93,2.106
Monaco,MCO,1987,0.89,2.062
Monaco,MCO,1988,0.85,2.011
Monaco,MCO,1989,0.81,1.934
Monaco,MCO,1990,0.77,1.848
Monaco,MCO,1991,0.74,1.786
Monaco,MCO,1992,0.71,1.755
Monaco,MCO,1993,0.68,1.749
Monaco,MCO,1994,0.65,1.756
Monaco,MCO,1995,0.62,1.783
Monaco,MCO,1996,0.6,1.824
Monaco,MCO,1997,0.58,1.884
Monaco,MCO,1998,0.55,1.954
Monaco,MCO,1999,0.53,2.007
Monaco,MCO,2000,0.52,2.082
Monaco,MCO,2001,0.5,2.176
Monaco,MCO,2002,0.48,2.006
Monaco,MCO,2003,0.47,1.914
Monaco,MCO,2004,0.46,1.994
Monaco,MCO,2005,0.45,2.006
Monaco,MCO,2006,0.44,2.101
Monaco,MCO,2007,0.43,2.206
Monaco,MCO,2008,0.42,2.384
Monaco,MCO,2009,0.41,2.397
Monaco,MCO,2010,0.4,2.385
Monaco,MCO,2011,0.39,2.22
Monaco,MCO,2012,0.38,2.294
Monaco,MCO,2013,0.37,2.313
Monaco,MCO,2014,0.36,2.485
Monaco,MCO,2015,0.35,2.503
Monaco,MCO,2016,0.34,2.578
Monaco,MCO,2017,0.33,2.418
Monaco,MCO,2018,0.32,2.485
Monaco,MCO,2019,0.31,2.403
Monaco,MCO,2020,0.3,2.38
Monaco,MCO,2021,0.29,2.122
Monaco,MCO,2022,0.28,2.114
Monaco,MCO,2023,0.27,2.11
Mongolia,MNG,1950,17.34,5.503
Mongolia,MNG,1951,17.34,5.559
Mongolia,MNG,1952,17.34,5.665
Mongolia,MNG,1953,17.34,5.766
Mongolia,MNG,1954,17.34,5.87
Mongolia,MNG,1955,17.34,6.057
Mongolia,MNG,1956,17.34,6.238
Mongolia,MNG,1957,17.34,6.389
Mongolia,MNG,1958,17.34,6.535
Mongolia,MNG,1959,17.34,6.681
Mongolia,MNG,1960,17.34,6.817
Mongolia,MNG,1961,17.34,6.963
Mongolia,MNG,1962,17.34,7.098
Mongolia,MNG,1963,17.34,7.238
Mongolia,MNG,1964,17.34,7.329
Mongolia,MNG,1965,17.34,7.377
Mongolia,MNG,1966,17.34,7.409
Mongolia,MNG,1967,17.34,7.389
Mongolia,MNG,1968,17.34,7.371
Mongolia,MNG,1969,17.34,7.337
Mongolia,MNG,1970,17.34,7.314
Mongolia,MNG,1971,17.34,7.297
Mongolia,MNG,1972,17.34,7.279
Mongolia,MNG,1973,17.34,7.24
Mongolia,MNG,1974,17.34,7.173
Mongolia,MNG,1975,17.34,7.066
Mongolia,MNG,1976,17.34,6.931
Mongolia,MNG,1977,17.34,6.79
Mongolia,MNG,1978,17.34,6.62
Mongolia,MNG,1979,16.7,6.424
Mongolia,MNG,1980,16.09,6.211
Mongolia,MNG,1981,15.53,5.982
Mongolia,MNG,1982,14.98,5.801
Mongolia,MNG,1983,14.44,5.628
Mongolia,MNG,1984,13.9,5.451
Mongolia,MNG,1985,13.35,5.262
Mongolia,MNG,1986,12.79,5.029
Mongolia,MNG,1987,12.23,4.829
Mongolia,MNG,1988,11.67,4.647
Mongolia,MNG,1989,11.14,4.42
Mongolia,MNG,1990,10.65,4.206
Mongolia,MNG,1991,10.2,3.858
Mongolia,MNG,1992,9.78,3.426
Mongolia,MNG,1993,9.39,3.017
Mongolia,MNG,1994,9.0,2.819
Mongolia,MNG,1995,8.6,2.736
Mongolia,MNG,1996,8.19,2.621
Mongolia,MNG,1997,7.74,2.477
Mongolia,MNG,1998,7.27,2.358
Mongolia,MNG,1999,6.78,2.297
Mongolia,MNG,2000,6.29,2.255
Mongolia,MNG,2001,5.8,2.194
Mongolia,MNG,2002,5.32,2.103
Mongolia,MNG,2003,4.87,2.019
Mongolia,MNG,2004,4.45,1.983
Mongolia,MNG,2005,4.07,1.99
Mongolia,MNG,2006,3.71,2.116
Mongolia,MNG,2007,3.39,2.321
Mongolia,MNG,2008,3.11,2.532
Mongolia,MNG,2009,2.85,2.625
Mongolia,MNG,2010,2.63,2.521
Mongolia,MNG,2011,2.44,2.595
Mongolia,MNG,2012,2.28,2.739
Mongolia,MNG,2013,2.15,2.94
Mongolia,MNG,2014,2.04,2.996
Mongolia,MNG,2015,1.94,3.01
Mongolia,MNG,2016,1.84,2.957
Mongolia,MNG,2017,1.74,2.891
Mongolia,MNG,2018,1.64,2.923
Mongolia,MNG,2019,1.56,3.008
Mongolia,MNG,2020,1.48,2.949
Mongolia,MNG,2021,1.43,2.835
Mongolia,MNG,2022,1.39,2.746
Mongolia,MNG,2023,1.36,2.685
Montenegro,MNE,1950,2.72,4.364
Montenegro,MNE,1951,2.72,4.626
Montenegro,MNE,1952,2.72,4.563
Montenegro,MNE,1953,2.72,4.558
Montenegro,MNE,1954,2.72,4.487
Montenegro,MNE,1955,2.72,4.157
Montenegro,MNE,1956,2.72,4.027
Montenegro,MNE,1957,2.72,3.945
Montenegro,MNE,1958,2.72,3.803
Montenegro,MNE,1959,2.72,3.531
Montenegro,MNE,1960,2.72,3.532
Montenegro,MNE,1961,2.72,3.487
Montenegro,MNE,1962,2.72,3.443
Montenegro,MNE,1963,2.72,3.382
Montenegro,MNE,1964,2.72,3.279
Montenegro,MNE,1965,2.72,3.186
Montenegro,MNE,1966,2.72,3.093
Montenegro,MNE,1967,2.72,2.912
Montenegro,MNE,1968,2.72,2.795
Montenegro,MNE,1969,2.72,2.791
Montenegro,MNE,1970,2.72,2.687
Montenegro,MNE,1971,2.72,2.673
Montenegro,MNE,1972,2.72,2.611
Montenegro,MNE,1973,2.72,2.512
Montenegro,MNE,1974,2.72,2.434
Montenegro,MNE,1975,2.72,2.381
Montenegro,MNE,1976,2.72,2.352
Montenegro,MNE,1977,2.72,2.307
Montenegro,MNE,1978,2.72,2.247
Montenegro,MNE,1979,2.72,2.197
Montenegro,MNE,1980,2.72,2.217
Montenegro,MNE,1981,2.72,2.193
Montenegro,MNE,1982,2.72,2.186
Montenegro,MNE,1983,2.72,2.166
Montenegro,MNE,1984,2.72,2.136
Montenegro,MNE,1985,2.48,2.129
Montenegro,MNE,1986,2.25,2.091
Montenegro,MNE,1987,2.05,2.07
Montenegro,MNE,1988,1.89,2.006
Montenegro,MNE,1989,1.75,1.938
Montenegro,MNE,1990,1.65,1.945
Montenegro,MNE,1991,1.58,2.015
Montenegro,MNE,1992,1.54,2.013
Montenegro,MNE,1993,1.52,1.955
Montenegro,MNE,1994,1.51,1.936
Montenegro,MNE,1995,1.51,1.958
Montenegro,MNE,1996,1.51,1.922
Montenegro,MNE,1997,1.51,1.886
Montenegro,MNE,1998,1.49,1.893
Montenegro,MNE,1999,1.46,1.884
Montenegro,MNE,2000,1.42,1.903
Montenegro,MNE,2001,1.37,1.855
Montenegro,MNE,2002,1.3,1.813
Montenegro,MNE,2003,1.22,1.804
Montenegro,MNE,2004,1.14,1.734
Montenegro,MNE,2005,1.06,1.702
Montenegro,MNE,2006,0.97,1.737
Montenegro,MNE,2007,0.89,1.803
Montenegro,MNE,2008,0.8,1.895
Montenegro,MNE,2009,0.73,1.96
Montenegro,MNE,2010,0.66,1.731
Montenegro,MNE,2011,0.59,1.676
Montenegro,MNE,2012,0.54,1.728
Montenegro,MNE,2013,0.49,1.744
Montenegro,MNE,2014,0.45,1.762
Montenegro,MNE,2015,0.41,1.756
Montenegro,MNE,2016,0.38,1.8
Montenegro,MNE,2017,0.36,1.79
Montenegro,MNE,2018,0.33,1.775
Montenegro,MNE,2019,0.32,1.814
Montenegro,MNE,2020,0.3,1.831
Montenegro,MNE,2021,0.28,1.85
Montenegro,MNE,2022,0.27,1.881
Montenegro,MNE,2023,0.26,1.803
Montserrat,MSR,1950,14.9,4.823
Montserrat,MSR,1951,14.9,4.841
Montserrat,MSR,1952,14.9,4.861
Montserrat,MSR,1953,14.9,4.872
Montserrat,MSR,1954,14.9,4.845
Montserrat,MSR,1955,14.9,4.84
Montserrat,MSR,1956,14.9,4.758
Montserrat,MSR,1957,14.9,4.701
Montserrat,MSR,1958,14.9,4.664
Montserrat,MSR,1959,13.58,4.601
Montserrat,MSR,1960,12.38,4.551
Montserrat,MSR,1961,11.29,4.513
Montserrat,MSR,1962,10.31,4.495
Montserrat,MSR,1963,9.46,4.46
Montserrat,MSR,1964,8.71,4.376
Montserrat,MSR,1965,8.05,4.273
Montserrat,MSR,1966,7.48,4.161
Montserrat,MSR,1967,6.98,4.075
Montserrat,MSR,1968,6.53,3.991
Montserrat,MSR,1969,6.13,3.856
Montserrat,MSR,1970,5.77,3.742
Montserrat,MSR,1971,5.45,3.621
Montserrat,MSR,1972,5.15,3.495
Montserrat,MSR,1973,4.87,3.346
Montserrat,MSR,1974,4.61,3.164
Montserrat,MSR,1975,4.37,2.953
Montserrat,MSR,1976,4.15,2.762
Montserrat,MSR,1977,3.93,2.59
Montserrat,MSR,1978,3.72,2.437
Montserrat,MSR,1979,3.52,2.317
Montserrat,MSR,1980,3.33,2.244
Montserrat,MSR,1981,3.16,2.253
Montserrat,MSR,1982,2.99,2.5
Montserrat,MSR,1983,2.84,2.492
Montserrat,MSR,1984,2.69,2.439
Montserrat,MSR,1985,2.56,2.358
Montserrat,MSR,1986,2.44,2.261
Montserrat,MSR,1987,2.33,2.224
Montserrat,MSR,1988,2.22,2.188
Montserrat,MSR,1989,2.13,2.167
Montserrat,MSR,1990,2.04,2.163
Montserrat,MSR,1991,1.95,2.166
Montserrat,MSR,1992,1.88,2.162
Montserrat,MSR,1993,1.81,2.143
Montserrat,MSR,1994,1.74,2.084
Montserrat,MSR,1995,1.67,1.94
Montserrat,MSR,1996,1.61,1.702
Montserrat,MSR,1997,1.56,1.503
Montserrat,MSR,1998,1.5,1.351
Montserrat,MSR,1999,1.44,1.204
Montserrat,MSR,2000,1.39,1.229
Montserrat,MSR,2001,1.34,1.519
Montserrat,MSR,2002,1.3,1.448
Montserrat,MSR,2003,1.25,1.596
Montserrat,MSR,2004,1.21,1.615
Montserrat,MSR,2005,1.17,1.615
Montserrat,MSR,2006,1.13,1.61
Montserrat,MSR,2007,1.1,1.602
Montserrat,MSR,2008,1.06,1.6
Montserrat,MSR,2009,1.03,1.59
Montserrat,MSR,2010,0.99,1.583
Montserrat,MSR,2011,0.96,1.567
Montserrat,MSR,2012,0.93,1.561
Montserrat,MSR,2013,0.9,1.48
Montserrat,MSR,2014,0.87,1.467
Montserrat,MSR,2015,0.84,1.512
Montserrat,MSR,2016,0.81,1.62
Montserrat,MSR,2017,0.79,1.685
Montserrat,MSR,2018,0.76,1.748
Montserrat,MSR,2019,0.73,1.865
Montserrat,MSR,2020,0.71,1.954
Montserrat,MSR,2021,0.69,1.941
Montserrat,MSR,2022,0.67,1.546
Montserrat,MSR,2023,0.65,1.444
More developed regions,,1950,7.30375,2.864
More developed regions,,1951,7.30375,2.816
More developed regions,,1952,7.30375,2.796
More developed regions,,1953,7.30375,2.763
More developed regions,,1954,7.30375,2.764
More developed regions,,1955,7.30375,2.757
More developed regions,,1956,7.30375,2.751
More developed regions,,1957,7.30375,2.751
More developed regions,,1958,7.30375,2.759
More developed regions,,1959,7.30375,2.759
More developed regions,,1960,7.30375,2.745
More developed regions,,1961,7.30375,2.721
More developed regions,,1962,7.30375,2.662
More developed regions,,1963,7.30375,2.639
More developed regions,,1964,7.30375,2.603
More developed regions,,1965,7.30375,2.522
More developed regions,,1966,7.30375,2.407
More developed regions,,1967,7.30375,2.437
More developed regions,,1968,7.30375,2.376
More developed regions,,1969,7.30375,2.342
More developed regions,,1970,7.30375,2.319
More developed regions,,1971,7.30375,2.281
More developed regions,,1972,7.30375,2.189
More developed regions,,1973,7.30375,2.114
More developed regions,,1974,7.30375,2.084
More developed regions,,1975,7.30375,2.011
More developed regions,,1976,7.30375,1.968
More developed regions,,1977,7.30375,1.943
More developed regions,,1978,7.30375,1.913
More developed regions,,1979,7.30375,1.904
More developed regions,,1980,7.30375,1.893
More developed regions,,1981,7.30375,1.86
More developed regions,,1982,7.30375,1.858
More developed regions,,1983,7.30375,1.851
More developed regions,,1984,7.30375,1.833
More developed regions,,1985,7.30375,1.819
More developed regions,,1986,7.30375,1.824
More developed regions,,1987,7.30375,1.822
More developed regions,,1988,7.30375,1.816
More developed regions,,1989,7.30375,1.788
More developed regions,,1990,7.30375,1.775
More developed regions,,1991,7.30375,1.728
More developed regions,,1992,7.30375,1.678
More developed regions,,1993,7.30375,1.622
More developed regions,,1994,7.30375,1.602
More developed regions,,1995,7.30375,1.571
More developed regions,,1996,7.30375,1.562
More developed regions,,1997,7.30375,1.55
More developed regions,,1998,7.30375,1.55
More developed regions,,1999,7.30375,1.542
More developed regions,,2000,7.30375,1.561
More developed regions,,2001,7.30375,1.551
More developed regions,,2002,7.30375,1.559
More developed regions,,2003,7.30375,1.579
More developed regions,,2004,7.30375,1.596
More developed regions,,2005,7.30375,1.596
More developed regions,,2006,7.30375,1.632
More developed regions,,2007,7.30375,1.67
More developed regions,,2008,7.30375,1.7
More developed regions,,2009,7.30375,1.69
More developed regions,,2010,7.30375,1.677
More developed regions,,2011,7.30375,1.657
More developed regions,,2012,7.30375,1.671
More developed regions,,2013,7.30375,1.653
More developed regions,,2014,7.30375,1.664
More developed regions,,2015,7.30375,1.66
More developed regions,,2016,7.30375,1.654
More developed regions,,2017,7.30375,1.604
More developed regions,,2018,7.30375,1.57
More developed regions,,2019,7.30375,1.535
More developed regions,,2020,7.30375,1.498
More developed regions,,2021,7.30375,1.507
More developed regions,,2022,7.30375,1.477
More developed regions,,2023,7.30375,1.452
Morocco,MAR,1950,27.51,6.14
Morocco,MAR,1951,27.51,6.219
Morocco,MAR,1952,27.51,6.31
Morocco,MAR,1953,27.51,6.39
Morocco,MAR,1954,27.51,6.435
Morocco,MAR,1955,26.93,6.501
Morocco,MAR,1956,26.49,6.564
Morocco,MAR,1957,25.94,6.627
Morocco,MAR,1958,25.41,6.711
Morocco,MAR,1959,24.89,6.804
Morocco,MAR,1960,24.39,6.887
Morocco,MAR,1961,23.88,6.969
Morocco,MAR,1962,23.39,7.046
Morocco,MAR,1963,22.87,7.012
Morocco,MAR,1964,22.32,6.97
Morocco,MAR,1965,21.76,6.932
Morocco,MAR,1966,21.19,6.889
Morocco,MAR,1967,20.61,6.845
Morocco,MAR,1968,20.07,6.786
Morocco,MAR,1969,19.56,6.726
Morocco,MAR,1970,19.09,6.682
Morocco,MAR,1971,18.67,6.616
Morocco,MAR,1972,18.26,6.545
Morocco,MAR,1973,17.84,6.481
Morocco,MAR,1974,17.38,6.397
Morocco,MAR,1975,16.84,6.299
Morocco,MAR,1976,16.24,6.175
Morocco,MAR,1977,15.58,6.036
Morocco,MAR,1978,14.88,5.91
Morocco,MAR,1979,14.16,5.849
Morocco,MAR,1980,13.46,5.784
Morocco,MAR,1981,12.77,5.71
Morocco,MAR,1982,12.11,5.604
Morocco,MAR,1983,11.48,5.41
Morocco,MAR,1984,10.88,5.199
Morocco,MAR,1985,10.31,4.988
Morocco,MAR,1986,9.79,4.772
Morocco,MAR,1987,9.3,4.583
Morocco,MAR,1988,8.86,4.394
Morocco,MAR,1989,8.45,4.217
Morocco,MAR,1990,8.08,4.06
Morocco,MAR,1991,7.73,3.947
Morocco,MAR,1992,7.4,3.757
Morocco,MAR,1993,7.09,3.548
Morocco,MAR,1994,6.78,3.413
Morocco,MAR,1995,6.49,3.295
Morocco,MAR,1996,6.21,3.229
Morocco,MAR,1997,5.94,3.147
Morocco,MAR,1998,5.69,3.037
Morocco,MAR,1999,5.45,2.882
Morocco,MAR,2000,5.22,2.774
Morocco,MAR,2001,5.01,2.686
Morocco,MAR,2002,4.79,2.617
Morocco,MAR,2003,4.57,2.606
Morocco,MAR,2004,4.36,2.611
Morocco,MAR,2005,4.13,2.613
Morocco,MAR,2006,3.91,2.611
Morocco,MAR,2007,3.7,2.618
Morocco,MAR,2008,3.49,2.612
Morocco,MAR,2009,3.29,2.624
Morocco,MAR,2010,3.11,2.629
Morocco,MAR,2011,2.93,2.595
Morocco,MAR,2012,2.77,2.543
Morocco,MAR,2013,2.62,2.478
Morocco,MAR,2014,2.47,2.425
Morocco,MAR,2015,2.34,2.406
Morocco,MAR,2016,2.22,2.396
Morocco,MAR,2017,2.11,2.375
Morocco,MAR,2018,2.02,2.354
Morocco,MAR,2019,1.94,2.342
Morocco,MAR,2020,1.86,2.32
Morocco,MAR,2021,1.79,2.288
Morocco,MAR,2022,1.72,2.256
Morocco,MAR,2023,1.66,2.23
Mozambique,MOZ,1950,27.99,5.997
Mozambique,MOZ,1951,27.99,6.03
Mozambique,MOZ,1952,27.99,6.064
Mozambique,MOZ,1953,27.99,6.086
Mozambique,MOZ,1954,27.99,6.116
Mozambique,MOZ,1955,27.99,6.141
Mozambique,MOZ,1956,27.99,6.166
Mozambique,MOZ,1957,27.99,6.175
Mozambique,MOZ,1958,27.99,6.189
Mozambique,MOZ,1959,27.99,6.252
Mozambique,MOZ,1960,27.99,6.312
Mozambique,MOZ,1961,27.99,6.366
Mozambique,MOZ,1962,27.99,6.424
Mozambique,MOZ,1963,26.54,6.474
Mozambique,MOZ,1964,26.65,6.513
Mozambique,MOZ,1965,26.75,6.544
Mozambique,MOZ,1966,26.81,6.577
Mozambique,MOZ,1967,26.85,6.607
Mozambique,MOZ,1968,26.85,6.646
Mozambique,MOZ,1969,26.86,6.672
Mozambique,MOZ,1970,26.81,6.699
Mozambique,MOZ,1971,26.7,6.701
Mozambique,MOZ,1972,26.56,6.701
Mozambique,MOZ,1973,26.42,6.698
Mozambique,MOZ,1974,26.27,6.671
Mozambique,MOZ,1975,26.1,6.659
Mozambique,MOZ,1976,25.97,6.641
Mozambique,MOZ,1977,25.84,6.617
Mozambique,MOZ,1978,25.74,6.592
Mozambique,MOZ,1979,25.67,6.564
Mozambique,MOZ,1980,25.61,6.53
Mozambique,MOZ,1981,25.56,6.48
Mozambique,MOZ,1982,25.48,6.43
Mozambique,MOZ,1983,25.31,6.434
Mozambique,MOZ,1984,25.1,6.438
Mozambique,MOZ,1985,24.83,6.43
Mozambique,MOZ,1986,24.51,6.413
Mozambique,MOZ,1987,24.21,6.393
Mozambique,MOZ,1988,23.91,6.367
Mozambique,MOZ,1989,23.62,6.348
Mozambique,MOZ,1990,23.29,6.319
Mozambique,MOZ,1991,22.97,6.276
Mozambique,MOZ,1992,22.58,6.218
Mozambique,MOZ,1993,22.12,6.153
Mozambique,MOZ,1994,21.55,6.082
Mozambique,MOZ,1995,20.86,6.019
Mozambique,MOZ,1996,20.06,5.973
Mozambique,MOZ,1997,19.17,5.933
Mozambique,MOZ,1998,18.21,5.905
Mozambique,MOZ,1999,17.24,5.875
Mozambique,MOZ,2000,16.3,5.83
Mozambique,MOZ,2001,15.42,5.755
Mozambique,MOZ,2002,14.6,5.667
Mozambique,MOZ,2003,13.85,5.6
Mozambique,MOZ,2004,13.16,5.551
Mozambique,MOZ,2005,12.5,5.5
Mozambique,MOZ,2006,11.82,5.452
Mozambique,MOZ,2007,11.0,5.466
Mozambique,MOZ,2008,10.37,5.598
Mozambique,MOZ,2009,9.75,5.681
Mozambique,MOZ,2010,9.5,5.66
Mozambique,MOZ,2011,9.05,5.599
Mozambique,MOZ,2012,8.63,5.518
Mozambique,MOZ,2013,8.26,5.43
Mozambique,MOZ,2014,7.92,5.304
Mozambique,MOZ,2015,7.51,5.245
Mozambique,MOZ,2016,7.23,5.188
Mozambique,MOZ,2017,7.09,5.128
Mozambique,MOZ,2018,6.95,5.07
Mozambique,MOZ,2019,6.83,5.016
Mozambique,MOZ,2020,6.73,4.959
Mozambique,MOZ,2021,6.58,4.905
Mozambique,MOZ,2022,6.43,4.84
Mozambique,MOZ,2023,6.17,4.763
Myanmar,MMR,1950,27.47,5.943
Myanmar,MMR,1951,27.47,5.937
Myanmar,MMR,1952,27.47,5.93
Myanmar,MMR,1953,27.47,5.925
Myanmar,MMR,1954,27.47,5.923
Myanmar,MMR,1955,27.47,5.914
Myanmar,MMR,1956,27.47,5.916
Myanmar,MMR,1957,27.47,5.917
Myanmar,MMR,1958,27.47,5.91
Myanmar,MMR,1959,27.47,5.911
Myanmar,MMR,1960,27.47,5.901
Myanmar,MMR,1961,26.28875,5.9
Myanmar,MMR,1962,25.107499999999998,5.904
Myanmar,MMR,1963,23.92625,5.905
Myanmar,MMR,1964,22.744999999999997,5.907
Myanmar,MMR,1965,21.56375,5.912
Myanmar,MMR,1966,20.3825,5.876
Myanmar,MMR,1967,19.20125,5.842
Myanmar,MMR,1968,18.02,5.797
Myanmar,MMR,1969,17.69,5.747
Myanmar,MMR,1970,17.35,5.682
Myanmar,MMR,1971,17.03,5.615
Myanmar,MMR,1972,16.68,5.527
Myanmar,MMR,1973,16.34,5.435
Myanmar,MMR,1974,15.99,5.341
Myanmar,MMR,1975,15.62,5.249
Myanmar,MMR,1976,15.27,5.159
Myanmar,MMR,1977,14.92,5.069
Myanmar,MMR,1978,14.58,4.985
Myanmar,MMR,1979,14.26,4.897
Myanmar,MMR,1980,13.96,4.789
Myanmar,MMR,1981,13.67,4.688
Myanmar,MMR,1982,13.4,4.662
Myanmar,MMR,1983,13.14,4.633
Myanmar,MMR,1984,12.9,4.517
Myanmar,MMR,1985,12.67,4.316
Myanmar,MMR,1986,12.45,4.081
Myanmar,MMR,1987,12.22,3.861
Myanmar,MMR,1988,11.99,3.67
Myanmar,MMR,1989,11.76,3.593
Myanmar,MMR,1990,11.51,3.504
Myanmar,MMR,1991,11.25,3.432
Myanmar,MMR,1992,10.99,3.354
Myanmar,MMR,1993,10.72,3.281
Myanmar,MMR,1994,10.46,3.204
Myanmar,MMR,1995,10.2,3.127
Myanmar,MMR,1996,9.94,3.058
Myanmar,MMR,1997,9.68,2.985
Myanmar,MMR,1998,9.43,2.912
Myanmar,MMR,1999,9.19,2.851
Myanmar,MMR,2000,8.95,2.813
Myanmar,MMR,2001,8.71,2.793
Myanmar,MMR,2002,8.47,2.765
Myanmar,MMR,2003,8.22,2.68
Myanmar,MMR,2004,7.97,2.588
Myanmar,MMR,2005,7.71,2.515
Myanmar,MMR,2006,7.44,2.471
Myanmar,MMR,2007,7.16,2.447
Myanmar,MMR,2008,10.11,2.404
Myanmar,MMR,2009,6.6,2.369
Myanmar,MMR,2010,6.32,2.335
Myanmar,MMR,2011,6.05,2.306
Myanmar,MMR,2012,5.8,2.276
Myanmar,MMR,2013,5.56,2.264
Myanmar,MMR,2014,5.34,2.252
Myanmar,MMR,2015,5.13,2.266
Myanmar,MMR,2016,4.95,2.27
Myanmar,MMR,2017,4.77,2.252
Myanmar,MMR,2018,4.6,2.228
Myanmar,MMR,2019,4.44,2.206
Myanmar,MMR,2020,4.29,2.179
Myanmar,MMR,2021,4.14,2.158
Myanmar,MMR,2022,4.0,2.131
Myanmar,MMR,2023,3.87,2.115
Namibia,NAM,1950,15.3,5.614
Namibia,NAM,1951,15.3,5.677
Namibia,NAM,1952,15.3,5.743
Namibia,NAM,1953,15.3,5.807
Namibia,NAM,1954,15.3,5.87
Namibia,NAM,1955,15.3,5.935
Namibia,NAM,1956,15.3,5.997
Namibia,NAM,1957,15.3,6.06
Namibia,NAM,1958,15.3,6.132
Namibia,NAM,1959,15.3,6.186
Namibia,NAM,1960,15.3,6.243
Namibia,NAM,1961,14.494285714285715,6.293
Namibia,NAM,1962,13.688571428571429,6.35
Namibia,NAM,1963,12.882857142857144,6.408
Namibia,NAM,1964,12.077142857142857,6.428
Namibia,NAM,1965,11.271428571428572,6.445
Namibia,NAM,1966,10.465714285714286,6.472
Namibia,NAM,1967,9.66,6.485
Namibia,NAM,1968,9.64,6.502
Namibia,NAM,1969,9.65,6.508
Namibia,NAM,1970,9.65,6.52
Namibia,NAM,1971,9.67,6.521
Namibia,NAM,1972,9.68,6.533
Namibia,NAM,1973,9.73,6.54
Namibia,NAM,1974,9.79,6.552
Namibia,NAM,1975,9.89,6.533
Namibia,NAM,1976,10.03,6.494
Namibia,NAM,1977,10.16,6.441
Namibia,NAM,1978,10.27,6.384
Namibia,NAM,1979,10.34,6.314
Namibia,NAM,1980,10.31,6.238
Namibia,NAM,1981,10.18,6.159
Namibia,NAM,1982,9.93,6.078
Namibia,NAM,1983,9.61,5.995
Namibia,NAM,1984,9.22,5.94
Namibia,NAM,1985,8.81,5.877
Namibia,NAM,1986,8.43,5.793
Namibia,NAM,1987,8.09,5.699
Namibia,NAM,1988,7.81,5.609
Namibia,NAM,1989,7.57,5.517
Namibia,NAM,1990,7.39,5.398
Namibia,NAM,1991,7.24,5.29
Namibia,NAM,1992,7.14,5.107
Namibia,NAM,1993,7.1,4.905
Namibia,NAM,1994,7.13,4.676
Namibia,NAM,1995,7.24,4.417
Namibia,NAM,1996,7.39,4.201
Namibia,NAM,1997,7.56,4.166
Namibia,NAM,1998,7.7,4.176
Namibia,NAM,1999,7.79,4.138
Namibia,NAM,2000,7.79,3.991
Namibia,NAM,2001,7.71,3.827
Namibia,NAM,2002,7.61,3.693
Namibia,NAM,2003,7.51,3.58
Namibia,NAM,2004,7.41,3.545
Namibia,NAM,2005,7.05,3.571
Namibia,NAM,2006,6.49,3.601
Namibia,NAM,2007,6.06,3.608
Namibia,NAM,2008,5.64,3.616
Namibia,NAM,2009,5.29,3.633
Namibia,NAM,2010,5.08,3.657
Namibia,NAM,2011,5.16,3.658
Namibia,NAM,2012,5.51,3.676
Namibia,NAM,2013,5.4,3.653
Namibia,NAM,2014,5.31,3.635
Namibia,NAM,2015,5.5,3.604
Namibia,NAM,2016,5.42,3.574
Namibia,NAM,2017,5.19,3.511
Namibia,NAM,2018,5.01,3.462
Namibia,NAM,2019,4.78,3.404
Namibia,NAM,2020,4.57,3.349
Namibia,NAM,2021,4.38,3.303
Namibia,NAM,2022,4.2,3.248
Namibia,NAM,2023,4.07,3.212
Nauru,NRU,1950,8.62,4.601
Nauru,NRU,1951,8.62,4.639
Nauru,NRU,1952,8.62,4.705
Nauru,NRU,1953,8.62,4.79
Nauru,NRU,1954,8.62,4.882
Nauru,NRU,1955,8.62,4.956
Nauru,NRU,1956,8.62,5.026
Nauru,NRU,1957,8.62,5.09
Nauru,NRU,1958,8.62,5.17
Nauru,NRU,1959,8.62,5.273
Nauru,NRU,1960,8.62,5.337
Nauru,NRU,1961,8.62,5.376
Nauru,NRU,1962,8.62,5.423
Nauru,NRU,1963,8.62,5.441
Nauru,NRU,1964,8.62,5.473
Nauru,NRU,1965,8.62,5.476
Nauru,NRU,1966,8.62,5.412
Nauru,NRU,1967,8.62,5.294
Nauru,NRU,1968,8.62,5.139
Nauru,NRU,1969,8.62,4.942
Nauru,NRU,1970,8.62,4.74
Nauru,NRU,1971,8.62,4.541
Nauru,NRU,1972,8.62,4.355
Nauru,NRU,1973,8.62,4.192
Nauru,NRU,1974,8.62,4.067
Nauru,NRU,1975,8.62,3.972
Nauru,NRU,1976,8.62,3.899
Nauru,NRU,1977,8.62,3.858
Nauru,NRU,1978,8.62,3.843
Nauru,NRU,1979,8.62,3.847
Nauru,NRU,1980,8.62,3.878
Nauru,NRU,1981,8.62,3.935
Nauru,NRU,1982,8.62,3.993
Nauru,NRU,1983,8.62,4.056
Nauru,NRU,1984,8.62,4.108
Nauru,NRU,1985,8.62,4.144
Nauru,NRU,1986,8.2,4.149
Nauru,NRU,1987,7.81,4.143
Nauru,NRU,1988,7.43,4.114
Nauru,NRU,1989,7.08,4.068
Nauru,NRU,1990,6.74,4.02
Nauru,NRU,1991,6.41,3.991
Nauru,NRU,1992,6.09,3.952
Nauru,NRU,1993,5.78,3.887
Nauru,NRU,1994,5.49,3.837
Nauru,NRU,1995,5.22,3.808
Nauru,NRU,1996,4.97,3.775
Nauru,NRU,1997,4.74,3.738
Nauru,NRU,1998,4.52,3.683
Nauru,NRU,1999,4.32,3.636
Nauru,NRU,2000,4.13,3.543
Nauru,NRU,2001,3.96,3.461
Nauru,NRU,2002,3.81,3.4
Nauru,NRU,2003,3.66,3.388
Nauru,NRU,2004,3.53,3.378
Nauru,NRU,2005,3.41,3.377
Nauru,NRU,2006,3.29,3.4
Nauru,NRU,2007,3.15,3.504
Nauru,NRU,2008,3.0,3.665
Nauru,NRU,2009,2.84,3.847
Nauru,NRU,2010,2.66,4.019
Nauru,NRU,2011,2.48,4.117
Nauru,NRU,2012,2.29,4.115
Nauru,NRU,2013,2.11,4.098
Nauru,NRU,2014,1.93,4.085
Nauru,NRU,2015,1.76,4.075
Nauru,NRU,2016,1.61,4.027
Nauru,NRU,2017,1.47,3.879
Nauru,NRU,2018,1.34,3.683
Nauru,NRU,2019,1.22,3.531
Nauru,NRU,2020,1.11,3.466
Nauru,NRU,2021,1.02,3.425
Nauru,NRU,2022,0.95,3.379
Nauru,NRU,2023,0.89,3.331
Nepal,NPL,1950,34.09,6.057
Nepal,NPL,1951,34.04,6.061
Nepal,NPL,1952,33.96,6.057
Nepal,NPL,1953,33.92,6.068
Nepal,NPL,1954,33.85,6.074
Nepal,NPL,1955,33.75,6.066
Nepal,NPL,1956,33.64,6.056
Nepal,NPL,1957,33.52,6.048
Nepal,NPL,1958,33.34,6.045
Nepal,NPL,1959,33.07,6.032
Nepal,NPL,1960,32.76,6.069
Nepal,NPL,1961,32.36,6.093
Nepal,NPL,1962,31.86,6.082
Nepal,NPL,1963,31.32,6.056
Nepal,NPL,1964,30.69,6.043
Nepal,NPL,1965,30.02,6.007
Nepal,NPL,1966,29.35,5.98
Nepal,NPL,1967,28.65,5.954
Nepal,NPL,1968,27.98,5.944
Nepal,NPL,1969,27.34,5.893
Nepal,NPL,1970,26.72,5.869
Nepal,NPL,1971,26.15,5.845
Nepal,NPL,1972,25.57,5.801
Nepal,NPL,1973,25.01,5.701
Nepal,NPL,1974,24.47,5.75
Nepal,NPL,1975,23.9,5.733
Nepal,NPL,1976,23.33,5.717
Nepal,NPL,1977,22.74,5.688
Nepal,NPL,1978,22.12,5.676
Nepal,NPL,1979,21.49,5.644
Nepal,NPL,1980,20.83,5.603
Nepal,NPL,1981,20.17,5.576
Nepal,NPL,1982,19.51,5.549
Nepal,NPL,1983,18.84,5.536
Nepal,NPL,1984,18.16,5.509
Nepal,NPL,1985,17.48,5.457
Nepal,NPL,1986,16.79,5.4
Nepal,NPL,1987,16.07,5.348
Nepal,NPL,1988,15.34,5.307
Nepal,NPL,1989,14.61,5.258
Nepal,NPL,1990,13.89,5.211
Nepal,NPL,1991,13.18,5.151
Nepal,NPL,1992,12.48,5.074
Nepal,NPL,1993,11.82,5.042
Nepal,NPL,1994,11.18,4.964
Nepal,NPL,1995,10.58,4.869
Nepal,NPL,1996,10.0,4.668
Nepal,NPL,1997,9.44,4.442
Nepal,NPL,1998,8.91,4.275
Nepal,NPL,1999,8.4,4.13
Nepal,NPL,2000,7.92,3.984
Nepal,NPL,2001,7.48,3.793
Nepal,NPL,2002,7.06,3.604
Nepal,NPL,2003,6.69,3.439
Nepal,NPL,2004,6.35,3.279
Nepal,NPL,2005,6.04,3.115
Nepal,NPL,2006,5.76,2.967
Nepal,NPL,2007,5.51,2.857
Nepal,NPL,2008,5.27,2.737
Nepal,NPL,2009,5.05,2.63
Nepal,NPL,2010,4.83,2.541
Nepal,NPL,2011,4.62,2.462
Nepal,NPL,2012,4.41,2.42
Nepal,NPL,2013,4.21,2.36
Nepal,NPL,2014,4.01,2.319
Nepal,NPL,2015,3.82,2.273
Nepal,NPL,2016,3.64,2.226
Nepal,NPL,2017,3.46,2.173
Nepal,NPL,2018,3.3,2.12
Nepal,NPL,2019,3.14,2.08
Nepal,NPL,2020,2.99,2.051
Nepal,NPL,2021,2.86,2.025
Nepal,NPL,2022,2.75,2.002
Nepal,NPL,2023,2.65,1.984
Netherlands,NLD,1840,26.68,3.104
Netherlands,NLD,1841,27.78,3.104
Netherlands,NLD,1842,32.2,3.104
Netherlands,NLD,1843,27.47,3.104
Netherlands,NLD,1844,26.68,3.104
Netherlands,NLD,1845,27.32,3.104
Netherlands,NLD,1846,37.38,3.104
Netherlands,NLD,1847,33.83,3.104
Netherlands,NLD,1848,29.59,3.104
Netherlands,NLD,1849,27.47,3.104
Netherlands,NLD,1850,29.37,3.104
Netherlands,NLD,1851,30.36,3.104
Netherlands,NLD,1852,31.54,3.104
Netherlands,NLD,1853,29.31,3.104
Netherlands,NLD,1854,29.76,3.104
Netherlands,NLD,1855,34.31,3.104
Netherlands,NLD,1856,30.9,3.104
Netherlands,NLD,1857,34.17,3.104
Netherlands,NLD,1858,32.98,3.104
Netherlands,NLD,1859,38.96,3.104
Netherlands,NLD,1860,31.75,3.104
Netherlands,NLD,1861,33.28,3.104
Netherlands,NLD,1862,31.47,3.104
Netherlands,NLD,1863,32.03,3.104
Netherlands,NLD,1864,31.52,3.104
Netherlands,NLD,1865,34.15,3.104
Netherlands,NLD,1866,33.14,3.104
Netherlands,NLD,1867,31.0,3.104
Netherlands,NLD,1868,33.73,3.104
Netherlands,NLD,1869,28.88,3.104
Netherlands,NLD,1870,32.76,3.104
Netherlands,NLD,1871,36.86,3.104
Netherlands,NLD,1872,34.45,3.104
Netherlands,NLD,1873,31.25,3.104
Netherlands,NLD,1874,28.69,3.104
Netherlands,NLD,1875,32.5,3.104
Netherlands,NLD,1876,30.03,3.104
Netherlands,NLD,1877,28.47,3.104
Netherlands,NLD,1878,29.88,3.104
Netherlands,NLD,1879,28.3,3.104
Netherlands,NLD,1880,31.42,3.104
Netherlands,NLD,1881,27.62,3.104
Netherlands,NLD,1882,26.86,3.104
Netherlands,NLD,1883,28.33,3.104
Netherlands,NLD,1884,30.52,3.104
Netherlands,NLD,1885,27.05,3.104
Netherlands,NLD,1886,29.58,3.104
Netherlands,NLD,1887,25.55,3.104
Netherlands,NLD,1888,26.73,3.104
Netherlands,NLD,1889,26.71,3.104
Netherlands,NLD,1890,25.92,3.104
Netherlands,NLD,1891,26.3,3.104
Netherlands,NLD,1892,26.25,3.104
Netherlands,NLD,1893,24.86,3.104
Netherlands,NLD,1894,23.09,3.104
Netherlands,NLD,1895,24.43,3.104
Netherlands,NLD,1896,22.64,3.104
Netherlands,NLD,1897,21.44,3.104
Netherlands,NLD,1898,22.6,3.104
Netherlands,NLD,1899,21.51,3.104
Netherlands,NLD,1900,22.13,3.104
Netherlands,NLD,1901,22.93,3.104
Netherlands,NLD,1902,20.23,3.104
Netherlands,NLD,1903,19.68,3.104
Netherlands,NLD,1904,20.75,3.104
Netherlands,NLD,1905,19.03,3.104
Netherlands,NLD,1906,18.54,3.104
Netherlands,NLD,1907,17.16,3.104
Netherlands,NLD,1908,18.55,3.104
Netherlands,NLD,1909,15.41,3.104
Netherlands,NLD,1910,16.13,3.104
Netherlands,NLD,1911,18.84,3.104
Netherlands,NLD,1912,13.79,3.104
Netherlands,NLD,1913,14.04,3.104
Netherlands,NLD,1914,14.31,3.104
Netherlands,NLD,1915,13.51,3.104
Netherlands,NLD,1916,14.07,3.104
Netherlands,NLD,1917,14.04,3.104
Netherlands,NLD,1918,17.91,3.104
Netherlands,NLD,1919,14.98,3.104
Netherlands,NLD,1920,12.37,3.104
Netherlands,NLD,1921,11.52,3.104
Netherlands,NLD,1922,10.54,3.104
Netherlands,NLD,1923,9.43,3.104
Netherlands,NLD,1924,8.29,3.104
Netherlands,NLD,1925,8.14,3.104
Netherlands,NLD,1926,8.58,3.104
Netherlands,NLD,1927,8.33,3.104
Netherlands,NLD,1928,7.37,3.104
Netherlands,NLD,1929,8.17,3.104
Netherlands,NLD,1930,7.02,3.104
Netherlands,NLD,1931,6.71,3.104
Netherlands,NLD,1932,6.23,3.104
Netherlands,NLD,1933,5.68,3.104
Netherlands,NLD,1934,5.62,3.104
Netherlands,NLD,1935,5.23,3.104
Netherlands,NLD,1936,5.19,3.104
Netherlands,NLD,1937,4.91,3.104
Netherlands,NLD,1938,4.93,3.104
Netherlands,NLD,1939,4.48,3.104
Netherlands,NLD,1940,5.19,3.104
Netherlands,NLD,1941,5.66,3.104
Netherlands,NLD,1942,5.4,3.104
Netherlands,NLD,1943,6.19,3.104
Netherlands,NLD,1944,7.05,3.104
Netherlands,NLD,1945,10.34,3.104
Netherlands,NLD,1946,6.19,3.104
Netherlands,NLD,1947,4.17,3.104
Netherlands,NLD,1948,3.57,3.104
Netherlands,NLD,1949,3.34,3.104
Netherlands,NLD,1950,3.19,3.104
Netherlands,NLD,1951,3.04,3.064
Netherlands,NLD,1952,2.9,3.094
Netherlands,NLD,1953,2.77,3.037
Netherlands,NLD,1954,2.64,3.027
Netherlands,NLD,1955,2.51,3.032
Netherlands,NLD,1956,2.4,3.052
Netherlands,NLD,1957,2.31,3.074
Netherlands,NLD,1958,2.22,3.103
Netherlands,NLD,1959,2.15,3.158
Netherlands,NLD,1960,2.08,3.118
Netherlands,NLD,1961,2.03,3.207
Netherlands,NLD,1962,1.97,3.17
Netherlands,NLD,1963,1.92,3.183
Netherlands,NLD,1964,1.88,3.153
Netherlands,NLD,1965,1.83,3.03
Netherlands,NLD,1966,1.79,2.896
Netherlands,NLD,1967,1.74,2.799
Netherlands,NLD,1968,1.69,2.707
Netherlands,NLD,1969,1.64,2.737
Netherlands,NLD,1970,1.58,2.573
Netherlands,NLD,1971,1.53,2.366
Netherlands,NLD,1972,1.47,2.152
Netherlands,NLD,1973,1.41,1.909
Netherlands,NLD,1974,1.36,1.774
Netherlands,NLD,1975,1.31,1.666
Netherlands,NLD,1976,1.26,1.629
Netherlands,NLD,1977,1.21,1.583
Netherlands,NLD,1978,1.16,1.582
Netherlands,NLD,1979,1.12,1.565
Netherlands,NLD,1980,1.09,1.596
Netherlands,NLD,1981,1.06,1.558
Netherlands,NLD,1982,1.04,1.494
Netherlands,NLD,1983,1.02,1.467
Netherlands,NLD,1984,0.99,1.488
Netherlands,NLD,1985,0.97,1.509
Netherlands,NLD,1986,0.95,1.548
Netherlands,NLD,1987,0.92,1.556
Netherlands,NLD,1988,0.89,1.545
Netherlands,NLD,1989,0.86,1.556
Netherlands,NLD,1990,0.83,1.614
Netherlands,NLD,1991,0.8,1.61
Netherlands,NLD,1992,0.77,1.588
Netherlands,NLD,1993,0.74,1.573
Netherlands,NLD,1994,0.71,1.569
Netherlands,NLD,1995,0.69,1.534
Netherlands,NLD,1996,0.67,1.53
Netherlands,NLD,1997,0.66,1.564
Netherlands,NLD,1998,0.64,1.628
Netherlands,NLD,1999,0.63,1.656
Netherlands,NLD,2000,0.62,1.721
Netherlands,NLD,2001,0.61,1.712
Netherlands,NLD,2002,0.59,1.729
Netherlands,NLD,2003,0.57,1.742
Netherlands,NLD,2004,0.55,1.722
Netherlands,NLD,2005,0.53,1.706
Netherlands,NLD,2006,0.51,1.715
Netherlands,NLD,2007,0.49,1.714
Netherlands,NLD,2008,0.47,1.764
Netherlands,NLD,2009,0.46,1.783
Netherlands,NLD,2010,0.44,1.787
Netherlands,NLD,2011,0.43,1.752
Netherlands,NLD,2012,0.42,1.716
Netherlands,NLD,2013,0.42,1.677
Netherlands,NLD,2014,0.41,1.704
Netherlands,NLD,2015,0.41,1.657
Netherlands,NLD,2016,0.41,1.658
Netherlands,NLD,2017,0.4,1.617
Netherlands,NLD,2018,0.4,1.585
Netherlands,NLD,2019,0.4,1.572
Netherlands,NLD,2020,0.4,1.545
Netherlands,NLD,2021,0.4,1.624
Netherlands,NLD,2022,0.4,1.514
Netherlands,NLD,2023,0.4,1.43
New Caledonia,NCL,1950,7.30375,5.132
New Caledonia,NCL,1951,7.30375,5.141
New Caledonia,NCL,1952,7.30375,5.156
New Caledonia,NCL,1953,7.30375,5.173
New Caledonia,NCL,1954,7.30375,5.187
New Caledonia,NCL,1955,7.30375,5.244
New Caledonia,NCL,1956,7.30375,5.301
New Caledonia,NCL,1957,7.30375,5.353
New Caledonia,NCL,1958,7.30375,5.383
New Caledonia,NCL,1959,7.30375,5.407
New Caledonia,NCL,1960,7.30375,5.436
New Caledonia,NCL,1961,7.30375,5.465
New Caledonia,NCL,1962,7.30375,5.388
New Caledonia,NCL,1963,7.30375,5.343
New Caledonia,NCL,1964,7.30375,5.368
New Caledonia,NCL,1965,7.30375,5.311
New Caledonia,NCL,1966,7.30375,5.248
New Caledonia,NCL,1967,7.30375,5.15
New Caledonia,NCL,1968,7.30375,5.058
New Caledonia,NCL,1969,7.30375,5.008
New Caledonia,NCL,1970,7.30375,5.07
New Caledonia,NCL,1971,7.30375,5.051
New Caledonia,NCL,1972,7.30375,5.047
New Caledonia,NCL,1973,7.30375,4.932
New Caledonia,NCL,1974,7.30375,4.686
New Caledonia,NCL,1975,7.30375,4.456
New Caledonia,NCL,1976,7.30375,4.231
New Caledonia,NCL,1977,7.30375,4.054
New Caledonia,NCL,1978,7.30375,3.875
New Caledonia,NCL,1979,7.30375,3.749
New Caledonia,NCL,1980,7.30375,3.659
New Caledonia,NCL,1981,7.30375,3.586
New Caledonia,NCL,1982,7.30375,3.484
New Caledonia,NCL,1983,7.30375,3.353
New Caledonia,NCL,1984,7.30375,3.164
New Caledonia,NCL,1985,7.30375,3.046
New Caledonia,NCL,1986,7.30375,3.079
New Caledonia,NCL,1987,7.30375,3.081
New Caledonia,NCL,1988,7.30375,3.083
New Caledonia,NCL,1989,7.30375,3.057
New Caledonia,NCL,1990,7.30375,3.1
New Caledonia,NCL,1991,7.30375,3.072
New Caledonia,NCL,1992,7.30375,2.948
New Caledonia,NCL,1993,7.30375,2.823
New Caledonia,NCL,1994,7.30375,2.715
New Caledonia,NCL,1995,7.30375,2.652
New Caledonia,NCL,1996,7.30375,2.654
New Caledonia,NCL,1997,7.30375,2.646
New Caledonia,NCL,1998,7.30375,2.547
New Caledonia,NCL,1999,7.30375,2.484
New Caledonia,NCL,2000,7.30375,2.509
New Caledonia,NCL,2001,7.30375,2.422
New Caledonia,NCL,2002,7.30375,2.347
New Caledonia,NCL,2003,7.30375,2.268
New Caledonia,NCL,2004,7.30375,2.243
New Caledonia,NCL,2005,7.30375,2.227
New Caledonia,NCL,2006,7.30375,2.241
New Caledonia,NCL,2007,7.30375,2.215
New Caledonia,NCL,2008,7.30375,2.204
New Caledonia,NCL,2009,7.30375,2.194
New Caledonia,NCL,2010,7.30375,2.187
New Caledonia,NCL,2011,7.30375,2.2
New Caledonia,NCL,2012,7.30375,2.202
New Caledonia,NCL,2013,7.30375,2.167
New Caledonia,NCL,2014,7.30375,2.118
New Caledonia,NCL,2015,7.30375,2.079
New Caledonia,NCL,2016,7.30375,2.078
New Caledonia,NCL,2017,7.30375,2.043
New Caledonia,NCL,2018,7.30375,2.041
New Caledonia,NCL,2019,7.30375,2.05
New Caledonia,NCL,2020,7.30375,2.022
New Caledonia,NCL,2021,7.30375,2.012
New Caledonia,NCL,2022,7.30375,1.998
New Caledonia,NCL,2023,7.30375,1.98
New Zealand,NZL,1862,11.54,3.552
New Zealand,NZL,1863,17.34,3.552
New Zealand,NZL,1864,18.66,3.552
New Zealand,NZL,1865,16.78,3.552
New Zealand,NZL,1866,14.93,3.552
New Zealand,NZL,1867,14.56,3.552
New Zealand,NZL,1868,14.2,3.552
New Zealand,NZL,1869,14.56,3.552
New Zealand,NZL,1870,13.66,3.552
New Zealand,NZL,1871,11.89,3.552
New Zealand,NZL,1872,14.93,3.552
New Zealand,NZL,1873,16.41,3.552
New Zealand,NZL,1874,16.59,3.552
New Zealand,NZL,1875,19.78,3.552
New Zealand,NZL,1876,15.48,3.552
New Zealand,NZL,1877,13.3,3.552
New Zealand,NZL,1878,12.06,3.552
New Zealand,NZL,1879,16.22,3.552
New Zealand,NZL,1880,13.66,3.552
New Zealand,NZL,1881,13.48,3.552
New Zealand,NZL,1882,12.77,3.552
New Zealand,NZL,1883,15.66,3.552
New Zealand,NZL,1884,11.2,3.552
New Zealand,NZL,1885,12.94,3.552
New Zealand,NZL,1886,14.56,3.552
New Zealand,NZL,1887,13.84,3.552
New Zealand,NZL,1888,9.85,3.552
New Zealand,NZL,1889,11.2,3.552
New Zealand,NZL,1890,11.2,3.552
New Zealand,NZL,1891,13.3,3.552
New Zealand,NZL,1892,12.94,3.552
New Zealand,NZL,1893,12.77,3.552
New Zealand,NZL,1894,11.54,3.552
New Zealand,NZL,1895,12.77,3.552
New Zealand,NZL,1896,10.86,3.552
New Zealand,NZL,1897,10.02,3.552
New Zealand,NZL,1898,11.37,3.552
New Zealand,NZL,1899,14.2,3.552
New Zealand,NZL,1900,10.52,3.552
New Zealand,NZL,1901,9.85,3.552
New Zealand,NZL,1902,11.89,3.552
New Zealand,NZL,1903,11.54,3.552
New Zealand,NZL,1904,9.85,3.552
New Zealand,NZL,1905,9.36,3.552
New Zealand,NZL,1906,8.42,3.552
New Zealand,NZL,1907,12.94,3.552
New Zealand,NZL,1908,9.36,3.552
New Zealand,NZL,1909,8.42,3.552
New Zealand,NZL,1910,9.36,3.552
New Zealand,NZL,1911,7.5,3.552
New Zealand,NZL,1912,6.73,3.552
New Zealand,NZL,1913,7.97,3.552
New Zealand,NZL,1914,6.73,3.552
New Zealand,NZL,1915,6.73,3.552
New Zealand,NZL,1916,6.73,3.552
New Zealand,NZL,1917,6.28,3.552
New Zealand,NZL,1918,6.28,3.552
New Zealand,NZL,1919,5.83,3.552
New Zealand,NZL,1920,6.73,3.552
New Zealand,NZL,1921,6.28,3.552
New Zealand,NZL,1922,5.4,3.552
New Zealand,NZL,1923,5.69,3.552
New Zealand,NZL,1924,5.11,3.552
New Zealand,NZL,1925,5.69,3.552
New Zealand,NZL,1926,5.69,3.552
New Zealand,NZL,1927,5.83,3.552
New Zealand,NZL,1928,5.11,3.552
New Zealand,NZL,1929,4.69,3.552
New Zealand,NZL,1930,4.83,3.552
New Zealand,NZL,1931,4.69,3.552
New Zealand,NZL,1932,4.83,3.552
New Zealand,NZL,1933,4.83,3.552
New Zealand,NZL,1934,4.97,3.552
New Zealand,NZL,1935,5.25,3.552
New Zealand,NZL,1936,5.25,3.552
New Zealand,NZL,1937,4.97,3.552
New Zealand,NZL,1938,6.58,3.552
New Zealand,NZL,1939,5.4,3.552
New Zealand,NZL,1940,4.69,3.552
New Zealand,NZL,1941,5.11,3.552
New Zealand,NZL,1942,4.69,3.552
New Zealand,NZL,1943,4.97,3.552
New Zealand,NZL,1944,4.97,3.552
New Zealand,NZL,1945,4.41,3.552
New Zealand,NZL,1946,4.01,3.552
New Zealand,NZL,1947,3.73,3.552
New Zealand,NZL,1948,3.6,3.552
New Zealand,NZL,1949,3.63,3.552
New Zealand,NZL,1950,3.55,3.552
New Zealand,NZL,1951,3.47,3.602
New Zealand,NZL,1952,3.39,3.668
New Zealand,NZL,1953,3.3,3.655
New Zealand,NZL,1954,3.21,3.778
New Zealand,NZL,1955,3.13,3.88
New Zealand,NZL,1956,3.07,3.979
New Zealand,NZL,1957,3.01,4.031
New Zealand,NZL,1958,2.94,4.11
New Zealand,NZL,1959,2.87,4.179
New Zealand,NZL,1960,2.78,4.241
New Zealand,NZL,1961,2.68,4.306
New Zealand,NZL,1962,2.58,4.159
New Zealand,NZL,1963,2.48,4.046
New Zealand,NZL,1964,2.39,3.776
New Zealand,NZL,1965,2.31,3.537
New Zealand,NZL,1966,2.25,3.42
New Zealand,NZL,1967,2.2,3.35
New Zealand,NZL,1968,2.16,3.335
New Zealand,NZL,1969,2.12,3.273
New Zealand,NZL,1970,2.08,3.168
New Zealand,NZL,1971,2.03,3.18
New Zealand,NZL,1972,1.98,2.998
New Zealand,NZL,1973,1.94,2.738
New Zealand,NZL,1974,1.88,2.574
New Zealand,NZL,1975,1.83,2.357
New Zealand,NZL,1976,1.77,2.27
New Zealand,NZL,1977,1.71,2.213
New Zealand,NZL,1978,1.66,2.077
New Zealand,NZL,1979,1.61,2.113
New Zealand,NZL,1980,1.56,2.032
New Zealand,NZL,1981,1.52,2.011
New Zealand,NZL,1982,1.48,1.947
New Zealand,NZL,1983,1.45,1.92
New Zealand,NZL,1984,1.41,1.928
New Zealand,NZL,1985,1.38,1.93
New Zealand,NZL,1986,1.34,1.96
New Zealand,NZL,1987,1.29,2.029
New Zealand,NZL,1988,1.24,2.098
New Zealand,NZL,1989,1.18,2.121
New Zealand,NZL,1990,1.12,2.167
New Zealand,NZL,1991,1.06,2.092
New Zealand,NZL,1992,1.0,2.06
New Zealand,NZL,1993,0.95,2.038
New Zealand,NZL,1994,0.91,1.982
New Zealand,NZL,1995,0.87,1.979
New Zealand,NZL,1996,0.84,1.961
New Zealand,NZL,1997,0.81,1.956
New Zealand,NZL,1998,0.78,1.895
New Zealand,NZL,1999,0.76,1.966
New Zealand,NZL,2000,0.74,1.977
New Zealand,NZL,2001,0.72,1.964
New Zealand,NZL,2002,0.7,1.892
New Zealand,NZL,2003,0.69,1.929
New Zealand,NZL,2004,0.67,1.976
New Zealand,NZL,2005,0.66,1.961
New Zealand,NZL,2006,0.65,2.01
New Zealand,NZL,2007,0.65,2.169
New Zealand,NZL,2008,0.64,2.187
New Zealand,NZL,2009,0.63,2.133
New Zealand,NZL,2010,0.62,2.165
New Zealand,NZL,2011,0.61,2.096
New Zealand,NZL,2012,0.6,2.087
New Zealand,NZL,2013,0.59,2.004
New Zealand,NZL,2014,0.57,1.925
New Zealand,NZL,2015,0.56,1.982
New Zealand,NZL,2016,0.55,1.876
New Zealand,NZL,2017,0.53,1.811
New Zealand,NZL,2018,0.52,1.719
New Zealand,NZL,2019,0.51,1.717
New Zealand,NZL,2020,0.5,1.63
New Zealand,NZL,2021,0.49,1.647
New Zealand,NZL,2022,0.48,1.665
New Zealand,NZL,2023,0.47,1.667
Nicaragua,NIC,1950,20.89,7.121
Nicaragua,NIC,1951,20.89,7.118
Nicaragua,NIC,1952,20.89,7.096
Nicaragua,NIC,1953,20.89,7.096
Nicaragua,NIC,1954,20.89,7.105
Nicaragua,NIC,1955,20.89,7.123
Nicaragua,NIC,1956,20.64,7.139
Nicaragua,NIC,1957,20.43,7.152
Nicaragua,NIC,1958,20.21,7.159
Nicaragua,NIC,1959,20.0,7.163
Nicaragua,NIC,1960,19.8,7.159
Nicaragua,NIC,1961,19.59,7.112
Nicaragua,NIC,1962,19.4,7.1
Nicaragua,NIC,1963,19.19,7.081
Nicaragua,NIC,1964,18.95,7.064
Nicaragua,NIC,1965,18.7,7.033
Nicaragua,NIC,1966,18.43,6.99
Nicaragua,NIC,1967,18.13,6.94
Nicaragua,NIC,1968,17.8,6.885
Nicaragua,NIC,1969,17.44,6.825
Nicaragua,NIC,1970,17.05,6.773
Nicaragua,NIC,1971,16.61,6.714
Nicaragua,NIC,1972,18.67,6.653
Nicaragua,NIC,1973,15.59,6.586
Nicaragua,NIC,1974,14.99,6.521
Nicaragua,NIC,1975,14.35,6.445
Nicaragua,NIC,1976,13.65,6.366
Nicaragua,NIC,1977,12.92,6.28
Nicaragua,NIC,1978,12.19,6.164
Nicaragua,NIC,1979,11.48,6.069
Nicaragua,NIC,1980,10.8,5.959
Nicaragua,NIC,1981,10.16,5.84
Nicaragua,NIC,1982,9.58,5.737
Nicaragua,NIC,1983,9.07,5.611
Nicaragua,NIC,1984,8.62,5.488
Nicaragua,NIC,1985,8.21,5.359
Nicaragua,NIC,1986,7.85,5.217
Nicaragua,NIC,1987,7.53,5.073
Nicaragua,NIC,1988,7.22,4.931
Nicaragua,NIC,1989,6.92,4.762
Nicaragua,NIC,1990,6.62,4.596
Nicaragua,NIC,1991,6.31,4.432
Nicaragua,NIC,1992,6.0,4.267
Nicaragua,NIC,1993,5.69,4.102
Nicaragua,NIC,1994,5.39,3.937
Nicaragua,NIC,1995,5.09,3.775
Nicaragua,NIC,1996,4.81,3.62
Nicaragua,NIC,1997,4.54,3.473
Nicaragua,NIC,1998,5.01,3.339
Nicaragua,NIC,1999,4.04,3.218
Nicaragua,NIC,2000,3.82,3.12
Nicaragua,NIC,2001,3.62,2.996
Nicaragua,NIC,2002,3.43,2.887
Nicaragua,NIC,2003,3.26,2.827
Nicaragua,NIC,2004,3.1,2.784
Nicaragua,NIC,2005,2.95,2.765
Nicaragua,NIC,2006,2.81,2.733
Nicaragua,NIC,2007,2.68,2.697
Nicaragua,NIC,2008,2.55,2.66
Nicaragua,NIC,2009,2.44,2.626
Nicaragua,NIC,2010,2.33,2.596
Nicaragua,NIC,2011,2.22,2.558
Nicaragua,NIC,2012,2.13,2.527
Nicaragua,NIC,2013,2.03,2.492
Nicaragua,NIC,2014,1.94,2.463
Nicaragua,NIC,2015,1.86,2.434
Nicaragua,NIC,2016,1.78,2.407
Nicaragua,NIC,2017,1.71,2.378
Nicaragua,NIC,2018,1.64,2.347
Nicaragua,NIC,2019,1.57,2.321
Nicaragua,NIC,2020,1.51,2.299
Nicaragua,NIC,2021,1.45,2.265
Nicaragua,NIC,2022,1.39,2.24
Nicaragua,NIC,2023,1.34,2.218
Niger,NER,1950,31.86,7.559
Niger,NER,1951,31.86,7.558
Niger,NER,1952,31.86,7.56
Niger,NER,1953,31.86,7.552
Niger,NER,1954,31.86,7.554
Niger,NER,1955,31.86,7.551
Niger,NER,1956,31.86,7.542
Niger,NER,1957,31.86,7.542
Niger,NER,1958,31.86,7.542
Niger,NER,1959,31.86,7.528
Niger,NER,1960,31.86,7.53
Niger,NER,1961,31.86,7.512
Niger,NER,1962,31.86,7.501
Niger,NER,1963,31.86,7.489
Niger,NER,1964,31.86,7.48
Niger,NER,1965,31.86,7.466
Niger,NER,1966,31.86,7.481
Niger,NER,1967,31.86,7.49
Niger,NER,1968,32.29,7.497
Niger,NER,1969,32.74,7.506
Niger,NER,1970,33.18,7.514
Niger,NER,1971,33.59,7.518
Niger,NER,1972,33.99,7.523
Niger,NER,1973,34.23,7.529
Niger,NER,1974,34.29,7.539
Niger,NER,1975,34.21,7.539
Niger,NER,1976,33.93,7.563
Niger,NER,1977,33.5,7.595
Niger,NER,1978,33.03,7.662
Niger,NER,1979,32.6,7.722
Niger,NER,1980,32.33,7.782
Niger,NER,1981,32.31,7.822
Niger,NER,1982,32.5,7.862
Niger,NER,1983,32.86,7.902
Niger,NER,1984,33.3,7.921
Niger,NER,1985,33.7,7.932
Niger,NER,1986,33.99,7.904
Niger,NER,1987,34.09,7.871
Niger,NER,1988,33.98,7.841
Niger,NER,1989,33.68,7.818
Niger,NER,1990,33.17,7.806
Niger,NER,1991,32.5,7.798
Niger,NER,1992,31.67,7.795
Niger,NER,1993,30.63,7.79
Niger,NER,1994,29.42,7.786
Niger,NER,1995,28.13,7.776
Niger,NER,1996,26.88,7.78
Niger,NER,1997,25.73,7.802
Niger,NER,1998,24.67,7.84
Niger,NER,1999,23.72,7.84
Niger,NER,2000,22.78,7.829
Niger,NER,2001,21.75,7.81
Niger,NER,2002,20.62,7.797
Niger,NER,2003,19.44,7.789
Niger,NER,2004,18.28,7.777
Niger,NER,2005,17.19,7.769
Niger,NER,2006,16.2,7.744
Niger,NER,2007,15.36,7.726
Niger,NER,2008,14.66,7.702
Niger,NER,2009,14.09,7.679
Niger,NER,2010,13.65,7.64
Niger,NER,2011,13.31,7.592
Niger,NER,2012,13.07,7.527
Niger,NER,2013,12.89,7.445
Niger,NER,2014,12.74,7.342
Niger,NER,2015,12.63,7.215
Niger,NER,2016,12.51,7.043
Niger,NER,2017,12.39,6.874
Niger,NER,2018,12.28,6.706
Niger,NER,2019,12.18,6.537
Niger,NER,2020,12.06,6.369
Niger,NER,2021,11.91,6.2
Niger,NER,2022,11.71,6.135
Niger,NER,2023,11.48,6.061
Nigeria,NGA,1950,31.33,6.419
Nigeria,NGA,1951,31.33,6.415
Nigeria,NGA,1952,31.33,6.391
Nigeria,NGA,1953,31.33,6.396
Nigeria,NGA,1954,31.33,6.396
Nigeria,NGA,1955,31.33,6.402
Nigeria,NGA,1956,31.33,6.409
Nigeria,NGA,1957,31.33,6.404
Nigeria,NGA,1958,31.33,6.386
Nigeria,NGA,1959,31.33,6.375
Nigeria,NGA,1960,31.33,6.364
Nigeria,NGA,1961,31.33,6.353
Nigeria,NGA,1962,31.33,6.356
Nigeria,NGA,1963,31.13,6.349
Nigeria,NGA,1964,32.71,6.362
Nigeria,NGA,1965,32.02,6.367
Nigeria,NGA,1966,31.34,6.386
Nigeria,NGA,1967,30.66,6.401
Nigeria,NGA,1968,29.99,6.42
Nigeria,NGA,1969,29.25,6.438
Nigeria,NGA,1970,28.51,6.466
Nigeria,NGA,1971,27.7,6.532
Nigeria,NGA,1972,26.88,6.579
Nigeria,NGA,1973,26.05,6.633
Nigeria,NGA,1974,25.2,6.703
Nigeria,NGA,1975,24.39,6.773
Nigeria,NGA,1976,23.62,6.806
Nigeria,NGA,1977,22.91,6.862
Nigeria,NGA,1978,22.29,6.921
Nigeria,NGA,1979,21.76,6.887
Nigeria,NGA,1980,21.32,6.847
Nigeria,NGA,1981,21.0,6.82
Nigeria,NGA,1982,20.8,6.799
Nigeria,NGA,1983,20.72,6.775
Nigeria,NGA,1984,20.72,6.701
Nigeria,NGA,1985,20.78,6.616
Nigeria,NGA,1986,20.87,6.557
Nigeria,NGA,1987,20.94,6.504
Nigeria,NGA,1988,20.99,6.498
Nigeria,NGA,1989,21.01,6.494
Nigeria,NGA,1990,20.98,6.459
Nigeria,NGA,1991,20.92,6.426
Nigeria,NGA,1992,20.83,6.391
Nigeria,NGA,1993,20.73,6.354
Nigeria,NGA,1994,20.58,6.319
Nigeria,NGA,1995,20.38,6.273
Nigeria,NGA,1996,20.11,6.217
Nigeria,NGA,1997,19.74,6.138
Nigeria,NGA,1998,19.29,6.069
Nigeria,NGA,1999,18.78,6.082
Nigeria,NGA,2000,18.23,6.124
Nigeria,NGA,2001,17.68,6.128
Nigeria,NGA,2002,17.11,6.116
Nigeria,NGA,2003,16.54,6.1
Nigeria,NGA,2004,15.98,6.09
Nigeria,NGA,2005,15.45,6.063
Nigeria,NGA,2006,14.96,6.053
Nigeria,NGA,2007,14.52,6.027
Nigeria,NGA,2008,14.13,6.024
Nigeria,NGA,2009,13.8,5.993
Nigeria,NGA,2010,13.51,5.948
Nigeria,NGA,2011,13.29,5.893
Nigeria,NGA,2012,13.09,5.797
Nigeria,NGA,2013,12.93,5.694
Nigeria,NGA,2014,12.79,5.622
Nigeria,NGA,2015,12.64,5.503
Nigeria,NGA,2016,12.48,5.343
Nigeria,NGA,2017,12.28,5.182
Nigeria,NGA,2018,12.02,5.021
Nigeria,NGA,2019,11.75,4.861
Nigeria,NGA,2020,11.44,4.7
Nigeria,NGA,2021,11.13,4.636
Nigeria,NGA,2022,10.81,4.552
Nigeria,NGA,2023,10.49,4.482
Niue,NIU,1943,14.76,6.324
Niue,NIU,1944,14.55,6.324
Niue,NIU,1945,14.36,6.324
Niue,NIU,1946,14.19,6.324
Niue,NIU,1947,13.99,6.324
Niue,NIU,1948,13.77,6.324
Niue,NIU,1949,13.53,6.324
Niue,NIU,1950,13.29,6.324
Niue,NIU,1951,13.02,6.414
Niue,NIU,1952,12.71,6.493
Niue,NIU,1953,12.39,6.572
Niue,NIU,1954,12.07,6.655
Niue,NIU,1955,11.73,6.765
Niue,NIU,1956,11.38,6.878
Niue,NIU,1957,11.01,6.96
Niue,NIU,1958,10.64,6.954
Niue,NIU,1959,10.25,6.962
Niue,NIU,1960,9.85,6.955
Niue,NIU,1961,9.43,6.942
Niue,NIU,1962,9.02,6.92
Niue,NIU,1963,8.6,6.899
Niue,NIU,1964,8.19,6.865
Niue,NIU,1965,7.76,6.82
Niue,NIU,1966,7.35,6.759
Niue,NIU,1967,6.94,6.687
Niue,NIU,1968,6.55,6.597
Niue,NIU,1969,6.15,6.473
Niue,NIU,1970,5.77,6.236
Niue,NIU,1971,5.39,5.969
Niue,NIU,1972,5.03,5.709
Niue,NIU,1973,4.68,5.471
Niue,NIU,1974,4.34,5.275
Niue,NIU,1975,4.01,5.087
Niue,NIU,1976,3.71,4.929
Niue,NIU,1977,3.43,4.81
Niue,NIU,1978,3.19,4.717
Niue,NIU,1979,2.99,4.68
Niue,NIU,1980,2.83,4.704
Niue,NIU,1981,2.7,4.715
Niue,NIU,1982,2.61,4.697
Niue,NIU,1983,2.54,4.655
Niue,NIU,1984,2.5,4.576
Niue,NIU,1985,2.48,4.477
Niue,NIU,1986,2.48,4.367
Niue,NIU,1987,2.49,4.276
Niue,NIU,1988,2.51,4.201
Niue,NIU,1989,2.53,4.125
Niue,NIU,1990,2.56,4.024
Niue,NIU,1991,2.59,3.871
Niue,NIU,1992,2.63,3.728
Niue,NIU,1993,2.68,3.595
Niue,NIU,1994,2.74,3.462
Niue,NIU,1995,2.82,3.35
Niue,NIU,1996,2.9,3.238
Niue,NIU,1997,2.99,3.147
Niue,NIU,1998,3.09,3.054
Niue,NIU,1999,3.18,2.971
Niue,NIU,2000,3.27,2.903
Niue,NIU,2001,3.37,2.866
Niue,NIU,2002,3.45,2.859
Niue,NIU,2003,3.54,2.885
Niue,NIU,2004,3.62,2.918
Niue,NIU,2005,3.69,2.964
Niue,NIU,2006,3.71,2.996
Niue,NIU,2007,3.71,3.007
Niue,NIU,2008,3.67,3.013
Niue,NIU,2009,3.62,3.04
Niue,NIU,2010,3.55,3.045
Niue,NIU,2011,3.46,3.032
Niue,NIU,2012,3.37,3.011
Niue,NIU,2013,3.28,2.971
Niue,NIU,2014,3.19,2.934
Niue,NIU,2015,3.1,2.879
Niue,NIU,2016,3.0,2.825
Niue,NIU,2017,2.92,2.765
Niue,NIU,2018,2.84,2.698
Niue,NIU,2019,2.75,2.629
Niue,NIU,2020,2.66,2.596
Niue,NIU,2021,2.58,2.561
Niue,NIU,2022,2.5,2.543
Niue,NIU,2023,2.43,2.514
North America,OWID_NAM,1950,6.76,3.8043504
North America,OWID_NAM,1951,6.76,3.8898606
North America,OWID_NAM,1952,6.58,3.9698787
North America,OWID_NAM,1953,6.37,4.028781
North America,OWID_NAM,1954,6.16,4.1252365
North America,OWID_NAM,1955,6.23,4.1587663
North America,OWID_NAM,1956,6.57,4.239658
North America,OWID_NAM,1957,6.66,4.30163
North America,OWID_NAM,1958,6.44,4.3406005
North America,OWID_NAM,1959,6.28,4.3489094
North America,OWID_NAM,1960,6.14,4.3585887
North America,OWID_NAM,1961,5.99,4.340236
North America,OWID_NAM,1962,5.86,4.2417483
North America,OWID_NAM,1963,5.73,4.150096
North America,OWID_NAM,1964,5.61,4.062967
North America,OWID_NAM,1965,5.48,3.8723707
North America,OWID_NAM,1966,5.36,3.7089016
North America,OWID_NAM,1967,5.24,3.573783
North America,OWID_NAM,1968,5.11,3.4837909
North America,OWID_NAM,1969,4.98,3.4575992
North America,OWID_NAM,1970,4.85,3.4301722
North America,OWID_NAM,1971,4.7,3.267387
North America,OWID_NAM,1972,4.58,3.0577521
North America,OWID_NAM,1973,4.42,2.9295118
North America,OWID_NAM,1974,4.29,2.8557389
North America,OWID_NAM,1975,4.13,2.7705348
North America,OWID_NAM,1976,4.03,2.7066262
North America,OWID_NAM,1977,3.84,2.695135
North America,OWID_NAM,1978,3.7,2.645372
North America,OWID_NAM,1979,3.57,2.629843
North America,OWID_NAM,1980,3.46,2.5988743
North America,OWID_NAM,1981,3.31,2.5603702
North America,OWID_NAM,1982,3.23,2.5507786
North America,OWID_NAM,1983,3.07,2.5176473
North America,OWID_NAM,1984,2.97,2.4992476
North America,OWID_NAM,1985,2.87,2.4970105
North America,OWID_NAM,1986,2.78,2.478307
North America,OWID_NAM,1987,2.69,2.476652
North America,OWID_NAM,1988,2.6,2.494193
North America,OWID_NAM,1989,2.52,2.5262873
North America,OWID_NAM,1990,2.43,2.5432146
North America,OWID_NAM,1991,2.34,2.5146444
North America,OWID_NAM,1992,2.25,2.4855387
North America,OWID_NAM,1993,2.17,2.451382
North America,OWID_NAM,1994,2.08,2.4223242
North America,OWID_NAM,1995,2.01,2.3889124
North America,OWID_NAM,1996,1.93,2.3637447
North America,OWID_NAM,1997,1.87,2.3392942
North America,OWID_NAM,1998,1.84,2.3306787
North America,OWID_NAM,1999,1.74,2.3214195
North America,OWID_NAM,2000,1.69,2.3272805
North America,OWID_NAM,2001,1.64,2.301309
North America,OWID_NAM,2002,1.59,2.2772021
North America,OWID_NAM,2003,1.55,2.2678351
North America,OWID_NAM,2004,1.51,2.2513099
North America,OWID_NAM,2005,1.47,2.2374172
North America,OWID_NAM,2006,1.44,2.2452502
North America,OWID_NAM,2007,1.4,2.2398806
North America,OWID_NAM,2008,1.37,2.209838
North America,OWID_NAM,2009,1.34,2.1684575
North America,OWID_NAM,2010,1.41,2.119871
North America,OWID_NAM,2011,1.27,2.0942779
North America,OWID_NAM,2012,1.24,2.075143
North America,OWID_NAM,2013,1.21,2.0513146
North America,OWID_NAM,2014,1.19,2.0388033
North America,OWID_NAM,2015,1.16,2.0081358
North America,OWID_NAM,2016,1.14,1.9728338
North America,OWID_NAM,2017,1.11,1.9253684
North America,OWID_NAM,2018,1.09,1.8944266
North America,OWID_NAM,2019,1.07,1.8635086
North America,OWID_NAM,2020,1.05,1.8093059
North America,OWID_NAM,2021,1.04,1.8073522
North America,OWID_NAM,2022,1.02,1.8062992
North America,OWID_NAM,2023,1.0,1.7720436
North Korea,PRK,1950,46.32,4.994
North Korea,PRK,1951,40.49,2.597
North Korea,PRK,1952,26.54,2.611
North Korea,PRK,1953,21.8,3.082
North Korea,PRK,1954,16.9,3.496
North Korea,PRK,1955,15.54,3.674
North Korea,PRK,1956,14.38,3.508
North Korea,PRK,1957,13.43,4.281
North Korea,PRK,1958,12.67,4.271
North Korea,PRK,1959,12.06,3.559
North Korea,PRK,1960,11.58,3.568
North Korea,PRK,1961,11.16,3.261
North Korea,PRK,1962,10.76,3.412
North Korea,PRK,1963,10.36,3.626
North Korea,PRK,1964,9.92,3.547
North Korea,PRK,1965,9.46,3.556
North Korea,PRK,1966,8.96,3.709
North Korea,PRK,1967,8.45,4.05
North Korea,PRK,1968,7.94,3.872
North Korea,PRK,1969,7.45,3.86
North Korea,PRK,1970,6.99,3.848
North Korea,PRK,1971,6.58,3.739
North Korea,PRK,1972,6.2,3.889
North Korea,PRK,1973,5.86,3.353
North Korea,PRK,1974,5.56,3.142
North Korea,PRK,1975,5.28,3.047
North Korea,PRK,1976,5.03,2.836
North Korea,PRK,1977,4.8,2.771
North Korea,PRK,1978,4.59,2.793
North Korea,PRK,1979,4.4,2.849
North Korea,PRK,1980,4.22,2.841
North Korea,PRK,1981,4.05,2.921
North Korea,PRK,1982,3.91,2.854
North Korea,PRK,1983,3.8,2.777
North Korea,PRK,1984,3.71,2.708
North Korea,PRK,1985,3.68,2.646
North Korea,PRK,1986,3.68,2.594
North Korea,PRK,1987,3.78,2.529
North Korea,PRK,1988,3.83,2.468
North Korea,PRK,1989,3.95,2.412
North Korea,PRK,1990,4.07,2.388
North Korea,PRK,1991,4.18,2.351
North Korea,PRK,1992,4.25,2.287
North Korea,PRK,1993,4.27,2.218
North Korea,PRK,1994,4.25,2.183
North Korea,PRK,1995,10.77,2.146
North Korea,PRK,1996,10.62,2.093
North Korea,PRK,1997,10.46,2.027
North Korea,PRK,1998,10.32,1.991
North Korea,PRK,1999,10.17,1.966
North Korea,PRK,2000,10.02,1.941
North Korea,PRK,2001,9.9,1.94
North Korea,PRK,2002,9.78,1.919
North Korea,PRK,2003,3.45,1.909
North Korea,PRK,2004,3.38,1.899
North Korea,PRK,2005,3.33,1.872
North Korea,PRK,2006,3.28,1.936
North Korea,PRK,2007,3.24,1.943
North Korea,PRK,2008,3.1,1.97
North Korea,PRK,2009,3.0,1.905
North Korea,PRK,2010,2.87,1.89
North Korea,PRK,2011,2.72,1.883
North Korea,PRK,2012,2.57,1.882
North Korea,PRK,2013,2.41,1.877
North Korea,PRK,2014,2.26,1.874
North Korea,PRK,2015,2.14,1.863
North Korea,PRK,2016,2.06,1.856
North Korea,PRK,2017,1.91,1.848
North Korea,PRK,2018,1.84,1.834
North Korea,PRK,2019,1.77,1.825
North Korea,PRK,2020,1.74,1.821
North Korea,PRK,2021,1.74,1.806
North Korea,PRK,2022,1.77,1.797
North Korea,PRK,2023,1.8,1.78
North Macedonia,MKD,1950,18.66,5.138
North Macedonia,MKD,1951,18.66,4.97
North Macedonia,MKD,1952,18.66,4.834
North Macedonia,MKD,1953,18.66,4.554
North Macedonia,MKD,1954,18.66,4.53
North Macedonia,MKD,1955,18.66,4.288
North Macedonia,MKD,1956,18.66,4.041
North Macedonia,MKD,1957,18.66,3.896
North Macedonia,MKD,1958,18.66,3.859
North Macedonia,MKD,1959,18.66,3.915
North Macedonia,MKD,1960,18.66,3.826
North Macedonia,MKD,1961,18.018,3.615
North Macedonia,MKD,1962,17.376,3.503
North Macedonia,MKD,1963,16.734,3.616
North Macedonia,MKD,1964,16.092,3.56
North Macedonia,MKD,1965,15.45,3.516
North Macedonia,MKD,1966,14.808,3.432
North Macedonia,MKD,1967,14.166,3.332
North Macedonia,MKD,1968,13.524000000000001,3.219
North Macedonia,MKD,1969,12.882,3.101
North Macedonia,MKD,1970,12.24,3.012
North Macedonia,MKD,1971,11.653636363636364,2.927
North Macedonia,MKD,1972,11.067272727272726,2.865
North Macedonia,MKD,1973,10.48090909090909,2.719
North Macedonia,MKD,1974,9.894545454545455,2.698
North Macedonia,MKD,1975,9.308181818181819,2.692
North Macedonia,MKD,1976,8.721818181818183,2.623
North Macedonia,MKD,1977,8.135454545454545,2.49
North Macedonia,MKD,1978,7.549090909090909,2.416
North Macedonia,MKD,1979,6.962727272727273,2.401
North Macedonia,MKD,1980,6.376363636363636,2.363
North Macedonia,MKD,1981,5.79,2.293
North Macedonia,MKD,1982,5.53,2.286
North Macedonia,MKD,1983,5.25,2.25
North Macedonia,MKD,1984,5.06,2.24
North Macedonia,MKD,1985,5.0,2.252
North Macedonia,MKD,1986,4.91,2.253
North Macedonia,MKD,1987,4.69,2.315
North Macedonia,MKD,1988,4.36,2.324
North Macedonia,MKD,1989,4.01,2.25
North Macedonia,MKD,1990,3.7,2.269
North Macedonia,MKD,1991,3.46,2.31
North Macedonia,MKD,1992,3.3,2.281
North Macedonia,MKD,1993,3.13,2.26
North Macedonia,MKD,1994,2.85,2.232
North Macedonia,MKD,1995,2.45,2.13
North Macedonia,MKD,1996,2.12,2.059
North Macedonia,MKD,1997,1.93,1.916
North Macedonia,MKD,1998,1.83,1.89
North Macedonia,MKD,1999,1.73,1.77
North Macedonia,MKD,2000,1.59,1.863
North Macedonia,MKD,2001,1.48,1.729
North Macedonia,MKD,2002,1.43,1.786
North Macedonia,MKD,2003,1.43,1.745
North Macedonia,MKD,2004,1.42,1.524
North Macedonia,MKD,2005,1.37,1.469
North Macedonia,MKD,2006,1.3,1.514
North Macedonia,MKD,2007,1.23,1.533
North Macedonia,MKD,2008,1.17,1.565
North Macedonia,MKD,2009,1.1,1.637
North Macedonia,MKD,2010,1.04,1.707
North Macedonia,MKD,2011,1.0,1.625
North Macedonia,MKD,2012,1.02,1.709
North Macedonia,MKD,2013,1.07,1.705
North Macedonia,MKD,2014,1.11,1.768
North Macedonia,MKD,2015,1.13,1.758
North Macedonia,MKD,2016,1.08,1.786
North Macedonia,MKD,2017,0.97,1.725
North Macedonia,MKD,2018,0.83,1.731
North Macedonia,MKD,2019,0.7,1.651
North Macedonia,MKD,2020,0.59,1.625
North Macedonia,MKD,2021,0.5,1.622
North Macedonia,MKD,2022,0.41,1.588
North Macedonia,MKD,2023,0.33,1.465
Northern America (UN),UN_NAM,1950,7.30375,3.105
Northern America (UN),UN_NAM,1951,7.30375,3.212
Northern America (UN),UN_NAM,1952,7.30375,3.31
Northern America (UN),UN_NAM,1953,7.30375,3.379
Northern America (UN),UN_NAM,1954,7.30375,3.496
Northern America (UN),UN_NAM,1955,7.30375,3.533
Northern America (UN),UN_NAM,1956,7.30375,3.635
Northern America (UN),UN_NAM,1957,7.30375,3.714
Northern America (UN),UN_NAM,1958,7.30375,3.758
Northern America (UN),UN_NAM,1959,7.30375,3.756
Northern America (UN),UN_NAM,1960,7.30375,3.74
Northern America (UN),UN_NAM,1961,7.30375,3.698
Northern America (UN),UN_NAM,1962,7.30375,3.547
Northern America (UN),UN_NAM,1963,7.30375,3.41
Northern America (UN),UN_NAM,1964,7.30375,3.274
Northern America (UN),UN_NAM,1965,7.30375,2.992
Northern America (UN),UN_NAM,1966,7.30375,2.768
Northern America (UN),UN_NAM,1967,7.30375,2.599
Northern America (UN),UN_NAM,1968,7.30375,2.499
Northern America (UN),UN_NAM,1969,7.30375,2.49
Northern America (UN),UN_NAM,1970,7.30375,2.491
Northern America (UN),UN_NAM,1971,7.30375,2.297
Northern America (UN),UN_NAM,1972,7.30375,2.045
Northern America (UN),UN_NAM,1973,7.30375,1.914
Northern America (UN),UN_NAM,1974,7.30375,1.866
Northern America (UN),UN_NAM,1975,7.30375,1.813
Northern America (UN),UN_NAM,1976,7.30375,1.782
Northern America (UN),UN_NAM,1977,7.30375,1.816
Northern America (UN),UN_NAM,1978,7.30375,1.792
Northern America (UN),UN_NAM,1979,7.30375,1.826
Northern America (UN),UN_NAM,1980,7.30375,1.84
Northern America (UN),UN_NAM,1981,7.30375,1.825
Northern America (UN),UN_NAM,1982,7.30375,1.831
Northern America (UN),UN_NAM,1983,7.30375,1.804
Northern America (UN),UN_NAM,1984,7.30375,1.804
Northern America (UN),UN_NAM,1985,7.30375,1.828
Northern America (UN),UN_NAM,1986,7.30375,1.825
Northern America (UN),UN_NAM,1987,7.30375,1.853
Northern America (UN),UN_NAM,1988,7.30375,1.907
Northern America (UN),UN_NAM,1989,7.30375,1.977
Northern America (UN),UN_NAM,1990,7.30375,2.034
Northern America (UN),UN_NAM,1991,7.30375,2.025
Northern America (UN),UN_NAM,1992,7.30375,2.008
Northern America (UN),UN_NAM,1993,7.30375,1.979
Northern America (UN),UN_NAM,1994,7.30375,1.959
Northern America (UN),UN_NAM,1995,7.30375,1.936
Northern America (UN),UN_NAM,1996,7.30375,1.928
Northern America (UN),UN_NAM,1997,7.30375,1.917
Northern America (UN),UN_NAM,1998,7.30375,1.938
Northern America (UN),UN_NAM,1999,7.30375,1.946
Northern America (UN),UN_NAM,2000,7.30375,1.979
Northern America (UN),UN_NAM,2001,7.30375,1.964
Northern America (UN),UN_NAM,2002,7.30375,1.955
Northern America (UN),UN_NAM,2003,7.30375,1.977
Northern America (UN),UN_NAM,2004,7.30375,1.984
Northern America (UN),UN_NAM,2005,7.30375,1.994
Northern America (UN),UN_NAM,2006,7.30375,2.041
Northern America (UN),UN_NAM,2007,7.30375,2.054
Northern America (UN),UN_NAM,2008,7.30375,2.018
Northern America (UN),UN_NAM,2009,7.30375,1.957
Northern America (UN),UN_NAM,2010,7.30375,1.89
Northern America (UN),UN_NAM,2011,7.30375,1.856
Northern America (UN),UN_NAM,2012,7.30375,1.84
Northern America (UN),UN_NAM,2013,7.30375,1.818
Northern America (UN),UN_NAM,2014,7.30375,1.826
Northern America (UN),UN_NAM,2015,7.30375,1.811
Northern America (UN),UN_NAM,2016,7.30375,1.784
Northern America (UN),UN_NAM,2017,7.30375,1.734
Northern America (UN),UN_NAM,2018,7.30375,1.695
Northern America (UN),UN_NAM,2019,7.30375,1.664
Northern America (UN),UN_NAM,2020,7.30375,1.596
Northern America (UN),UN_NAM,2021,7.30375,1.614
Northern America (UN),UN_NAM,2022,7.30375,1.636
Northern America (UN),UN_NAM,2023,7.30375,1.597
Northern Mariana Islands,MNP,1950,7.30375,6.081
Northern Mariana Islands,MNP,1951,7.30375,6.082
Northern Mariana Islands,MNP,1952,7.30375,6.082
Northern Mariana Islands,MNP,1953,7.30375,6.082
Northern Mariana Islands,MNP,1954,7.30375,6.075
Northern Mariana Islands,MNP,1955,7.30375,6.068
Northern Mariana Islands,MNP,1956,7.30375,6.058
Northern Mariana Islands,MNP,1957,7.30375,6.049
Northern Mariana Islands,MNP,1958,7.30375,6.025
Northern Mariana Islands,MNP,1959,7.30375,5.991
Northern Mariana Islands,MNP,1960,7.30375,5.958
Northern Mariana Islands,MNP,1961,7.30375,5.912
Northern Mariana Islands,MNP,1962,7.30375,5.848
Northern Mariana Islands,MNP,1963,7.30375,5.793
Northern Mariana Islands,MNP,1964,7.30375,5.716
Northern Mariana Islands,MNP,1965,7.30375,5.658
Northern Mariana Islands,MNP,1966,7.30375,5.589
Northern Mariana Islands,MNP,1967,7.30375,5.701
Northern Mariana Islands,MNP,1968,7.30375,7.741
Northern Mariana Islands,MNP,1969,7.30375,7.623
Northern Mariana Islands,MNP,1970,7.30375,7.439
Northern Mariana Islands,MNP,1971,7.30375,7.134
Northern Mariana Islands,MNP,1972,7.30375,6.776
Northern Mariana Islands,MNP,1973,7.30375,6.398
Northern Mariana Islands,MNP,1974,7.30375,6.02
Northern Mariana Islands,MNP,1975,7.30375,5.625
Northern Mariana Islands,MNP,1976,7.30375,5.234
Northern Mariana Islands,MNP,1977,7.30375,4.829
Northern Mariana Islands,MNP,1978,7.30375,4.434
Northern Mariana Islands,MNP,1979,7.30375,4.047
Northern Mariana Islands,MNP,1980,7.30375,3.647
Northern Mariana Islands,MNP,1981,7.30375,3.258
Northern Mariana Islands,MNP,1982,7.30375,2.896
Northern Mariana Islands,MNP,1983,7.30375,2.581
Northern Mariana Islands,MNP,1984,7.30375,2.323
Northern Mariana Islands,MNP,1985,7.30375,2.145
Northern Mariana Islands,MNP,1986,7.30375,2.174
Northern Mariana Islands,MNP,1987,7.30375,2.343
Northern Mariana Islands,MNP,1988,7.30375,2.157
Northern Mariana Islands,MNP,1989,7.30375,2.015
Northern Mariana Islands,MNP,1990,7.30375,2.338
Northern Mariana Islands,MNP,1991,7.30375,2.823
Northern Mariana Islands,MNP,1992,7.30375,3.066
Northern Mariana Islands,MNP,1993,7.30375,3.226
Northern Mariana Islands,MNP,1994,7.30375,2.978
Northern Mariana Islands,MNP,1995,7.30375,3.077
Northern Mariana Islands,MNP,1996,7.30375,2.588
Northern Mariana Islands,MNP,1997,7.30375,2.245
Northern Mariana Islands,MNP,1998,7.30375,1.685
Northern Mariana Islands,MNP,1999,7.30375,1.614
Northern Mariana Islands,MNP,2000,7.30375,1.64
Northern Mariana Islands,MNP,2001,7.30375,1.736
Northern Mariana Islands,MNP,2002,7.30375,1.678
Northern Mariana Islands,MNP,2003,7.30375,1.893
Northern Mariana Islands,MNP,2004,7.30375,2.066
Northern Mariana Islands,MNP,2005,7.30375,2.256
Northern Mariana Islands,MNP,2006,7.30375,2.613
Northern Mariana Islands,MNP,2007,7.30375,2.786
Northern Mariana Islands,MNP,2008,7.30375,2.815
Northern Mariana Islands,MNP,2009,7.30375,2.736
Northern Mariana Islands,MNP,2010,7.30375,2.982
Northern Mariana Islands,MNP,2011,7.30375,3.208
Northern Mariana Islands,MNP,2012,7.30375,3.328
Northern Mariana Islands,MNP,2013,7.30375,3.535
Northern Mariana Islands,MNP,2014,7.30375,3.372
Northern Mariana Islands,MNP,2015,7.30375,3.134
Northern Mariana Islands,MNP,2016,7.30375,2.923
Northern Mariana Islands,MNP,2017,7.30375,2.762
Northern Mariana Islands,MNP,2018,7.30375,2.643
Northern Mariana Islands,MNP,2019,7.30375,2.559
Northern Mariana Islands,MNP,2020,7.30375,2.494
Northern Mariana Islands,MNP,2021,7.30375,2.441
Northern Mariana Islands,MNP,2022,7.30375,2.388
Northern Mariana Islands,MNP,2023,7.30375,2.348
Norway,NOR,1836,21.28,2.523
Norway,NOR,1837,21.47,2.523
Norway,NOR,1838,21.47,2.523
Norway,NOR,1839,25.67,2.523
Norway,NOR,1840,22.22,2.523
Norway,NOR,1841,17.72,2.523
Norway,NOR,1842,19.22,2.523
Norway,NOR,1843,18.28,2.523
Norway,NOR,1844,18.09,2.523
Norway,NOR,1845,18.28,2.523
Norway,NOR,1846,20.5,2.523
Norway,NOR,1847,22.62,2.523
Norway,NOR,1848,22.06,2.523
Norway,NOR,1849,18.21,2.523
Norway,NOR,1850,16.84,2.523
Norway,NOR,1851,16.89,2.523
Norway,NOR,1852,18.28,2.523
Norway,NOR,1853,16.69,2.523
Norway,NOR,1854,15.26,2.523
Norway,NOR,1855,16.18,2.523
Norway,NOR,1856,17.07,2.523
Norway,NOR,1857,16.62,2.523
Norway,NOR,1858,15.58,2.523
Norway,NOR,1859,17.33,2.523
Norway,NOR,1860,17.28,2.523
Norway,NOR,1861,22.85,2.523
Norway,NOR,1862,24.63,2.523
Norway,NOR,1863,21.69,2.523
Norway,NOR,1864,18.72,2.523
Norway,NOR,1865,17.99,2.523
Norway,NOR,1866,17.0,2.523
Norway,NOR,1867,18.87,2.523
Norway,NOR,1868,20.27,2.523
Norway,NOR,1869,17.88,2.523
Norway,NOR,1870,16.23,2.523
Norway,NOR,1871,17.32,2.523
Norway,NOR,1872,17.67,2.523
Norway,NOR,1873,18.11,2.523
Norway,NOR,1874,19.53,2.523
Norway,NOR,1875,19.11,2.523
Norway,NOR,1876,19.96,2.523
Norway,NOR,1877,18.33,2.523
Norway,NOR,1878,16.79,2.523
Norway,NOR,1879,14.74,2.523
Norway,NOR,1880,15.21,2.523
Norway,NOR,1881,16.78,2.523
Norway,NOR,1882,20.62,2.523
Norway,NOR,1883,17.72,2.523
Norway,NOR,1884,17.13,2.523
Norway,NOR,1885,15.95,2.523
Norway,NOR,1886,15.87,2.523
Norway,NOR,1887,15.83,2.523
Norway,NOR,1888,16.82,2.523
Norway,NOR,1889,18.78,2.523
Norway,NOR,1890,17.79,2.523
Norway,NOR,1891,16.18,2.523
Norway,NOR,1892,16.61,2.523
Norway,NOR,1893,14.77,2.523
Norway,NOR,1894,17.13,2.523
Norway,NOR,1895,14.83,2.523
Norway,NOR,1896,14.38,2.523
Norway,NOR,1897,13.85,2.523
Norway,NOR,1898,13.58,2.523
Norway,NOR,1899,15.46,2.523
Norway,NOR,1900,13.35,2.523
Norway,NOR,1901,13.16,2.523
Norway,NOR,1902,11.05,2.523
Norway,NOR,1903,11.82,2.523
Norway,NOR,1904,10.81,2.523
Norway,NOR,1905,11.71,2.523
Norway,NOR,1906,10.13,2.523
Norway,NOR,1907,9.67,2.523
Norway,NOR,1908,10.98,2.523
Norway,NOR,1909,10.31,2.523
Norway,NOR,1910,9.36,2.523
Norway,NOR,1911,9.47,2.523
Norway,NOR,1912,9.56,2.523
Norway,NOR,1913,8.98,2.523
Norway,NOR,1914,9.65,2.523
Norway,NOR,1915,9.03,2.523
Norway,NOR,1916,9.69,2.523
Norway,NOR,1917,9.11,2.523
Norway,NOR,1918,10.12,2.523
Norway,NOR,1919,9.28,2.523
Norway,NOR,1920,8.69,2.523
Norway,NOR,1921,7.18,2.523
Norway,NOR,1922,7.43,2.523
Norway,NOR,1923,6.81,2.523
Norway,NOR,1924,6.52,2.523
Norway,NOR,1925,6.49,2.523
Norway,NOR,1926,6.17,2.523
Norway,NOR,1927,6.43,2.523
Norway,NOR,1928,6.38,2.523
Norway,NOR,1929,6.9,2.523
Norway,NOR,1930,5.93,2.523
Norway,NOR,1931,5.9,2.523
Norway,NOR,1932,5.92,2.523
Norway,NOR,1933,5.8,2.523
Norway,NOR,1934,5.1,2.523
Norway,NOR,1935,5.49,2.523
Norway,NOR,1936,5.42,2.523
Norway,NOR,1937,5.39,2.523
Norway,NOR,1938,4.88,2.523
Norway,NOR,1939,4.8,2.523
Norway,NOR,1940,4.94,2.523
Norway,NOR,1941,5.54,2.523
Norway,NOR,1942,5.34,2.523
Norway,NOR,1943,5.37,2.523
Norway,NOR,1944,5.44,2.523
Norway,NOR,1945,4.95,2.523
Norway,NOR,1946,4.77,2.523
Norway,NOR,1947,4.2,2.523
Norway,NOR,1948,3.64,2.523
Norway,NOR,1949,3.44,2.523
Norway,NOR,1950,3.28,2.523
Norway,NOR,1951,3.08,2.469
Norway,NOR,1952,2.91,2.578
Norway,NOR,1953,2.77,2.637
Norway,NOR,1954,2.66,2.671
Norway,NOR,1955,2.58,2.758
Norway,NOR,1956,2.52,2.829
Norway,NOR,1957,2.46,2.824
Norway,NOR,1958,2.39,2.865
Norway,NOR,1959,2.32,2.882
Norway,NOR,1960,2.26,2.847
Norway,NOR,1961,2.21,2.915
Norway,NOR,1962,2.15,2.894
Norway,NOR,1963,2.1,2.905
Norway,NOR,1964,2.04,2.962
Norway,NOR,1965,1.97,2.925
Norway,NOR,1966,1.9,2.891
Norway,NOR,1967,1.82,2.786
Norway,NOR,1968,1.75,2.751
Norway,NOR,1969,1.69,2.697
Norway,NOR,1970,1.62,2.512
Norway,NOR,1971,1.56,2.494
Norway,NOR,1972,1.5,2.39
Norway,NOR,1973,1.43,2.234
Norway,NOR,1974,1.36,2.134
Norway,NOR,1975,1.29,1.986
Norway,NOR,1976,1.22,1.867
Norway,NOR,1977,1.15,1.759
Norway,NOR,1978,1.09,1.771
Norway,NOR,1979,1.04,1.751
Norway,NOR,1980,1.01,1.722
Norway,NOR,1981,0.99,1.701
Norway,NOR,1982,0.99,1.706
Norway,NOR,1983,1.0,1.656
Norway,NOR,1984,1.01,1.657
Norway,NOR,1985,1.02,1.675
Norway,NOR,1986,1.02,1.707
Norway,NOR,1987,1.01,1.744
Norway,NOR,1988,0.98,1.841
Norway,NOR,1989,0.93,1.887
Norway,NOR,1990,0.87,1.932
Norway,NOR,1991,0.79,1.92
Norway,NOR,1992,0.72,1.888
Norway,NOR,1993,0.66,1.865
Norway,NOR,1994,0.61,1.869
Norway,NOR,1995,0.57,1.873
Norway,NOR,1996,0.54,1.892
Norway,NOR,1997,0.52,1.86
Norway,NOR,1998,0.51,1.82
Norway,NOR,1999,0.5,1.849
Norway,NOR,2000,0.49,1.854
Norway,NOR,2001,0.47,1.788
Norway,NOR,2002,0.46,1.757
Norway,NOR,2003,0.44,1.798
Norway,NOR,2004,0.42,1.828
Norway,NOR,2005,0.41,1.835
Norway,NOR,2006,0.39,1.899
Norway,NOR,2007,0.37,1.897
Norway,NOR,2008,0.36,1.951
Norway,NOR,2009,0.34,1.974
Norway,NOR,2010,0.33,1.941
Norway,NOR,2011,0.31,1.876
Norway,NOR,2012,0.3,1.847
Norway,NOR,2013,0.29,1.779
Norway,NOR,2014,0.28,1.754
Norway,NOR,2015,0.27,1.728
Norway,NOR,2016,0.26,1.705
Norway,NOR,2017,0.25,1.624
Norway,NOR,2018,0.25,1.566
Norway,NOR,2019,0.24,1.533
Norway,NOR,2020,0.24,1.482
Norway,NOR,2021,0.23,1.56
Norway,NOR,2022,0.23,1.415
Norway,NOR,2023,0.24,1.405
Oceania,OWID_OCE,1949,6.88,3.6668189
Oceania,OWID_OCE,1950,6.77,3.6668189
Oceania,OWID_OCE,1951,6.93,3.687441
Oceania,OWID_OCE,1952,6.46,3.7854252
Oceania,OWID_OCE,1953,6.28,3.8036237
Oceania,OWID_OCE,1954,6.12,3.8231747
Oceania,OWID_OCE,1955,5.96,3.895869
Oceania,OWID_OCE,1956,5.8,3.949168
Oceania,OWID_OCE,1957,5.65,4.017965
Oceania,OWID_OCE,1958,5.53,4.0353746
Oceania,OWID_OCE,1959,5.39,4.0612736
Oceania,OWID_OCE,1960,5.25,4.088014
Oceania,OWID_OCE,1961,5.1,4.1579723
Oceania,OWID_OCE,1962,4.96,4.072438
Oceania,OWID_OCE,1963,4.82,3.9979084
Oceania,OWID_OCE,1964,4.7,3.844038
Oceania,OWID_OCE,1965,4.56,3.7018971
Oceania,OWID_OCE,1966,4.44,3.6255162
Oceania,OWID_OCE,1967,4.34,3.5852757
Oceania,OWID_OCE,1968,4.25,3.5982573
Oceania,OWID_OCE,1969,4.15,3.5828218
Oceania,OWID_OCE,1970,4.05,3.5256393
Oceania,OWID_OCE,1971,3.92,3.5718153
Oceania,OWID_OCE,1972,3.8,3.4125051
Oceania,OWID_OCE,1973,3.67,3.1928043
Oceania,OWID_OCE,1974,3.54,3.07286
Oceania,OWID_OCE,1975,3.41,2.920262
Oceania,OWID_OCE,1976,3.27,2.8038883
Oceania,OWID_OCE,1977,3.15,2.7539039
Oceania,OWID_OCE,1978,3.04,2.6799197
Oceania,OWID_OCE,1979,2.95,2.6346235
Oceania,OWID_OCE,1980,2.86,2.5970423
Oceania,OWID_OCE,1981,2.78,2.6063647
Oceania,OWID_OCE,1982,2.71,2.587863
Oceania,OWID_OCE,1983,2.65,2.5752776
Oceania,OWID_OCE,1984,2.6,2.530682
Oceania,OWID_OCE,1985,2.55,2.5397809
Oceania,OWID_OCE,1986,2.49,2.5153184
Oceania,OWID_OCE,1987,2.44,2.5030062
Oceania,OWID_OCE,1988,2.37,2.4997544
Oceania,OWID_OCE,1989,2.31,2.4964588
Oceania,OWID_OCE,1990,2.25,2.537209
Oceania,OWID_OCE,1991,2.19,2.4923592
Oceania,OWID_OCE,1992,2.14,2.506914
Oceania,OWID_OCE,1993,2.1,2.4890022
Oceania,OWID_OCE,1994,2.07,2.469519
Oceania,OWID_OCE,1995,2.04,2.4476361
Oceania,OWID_OCE,1996,2.02,2.4336064
Oceania,OWID_OCE,1997,2.0,2.423818
Oceania,OWID_OCE,1998,1.99,2.4090114
Oceania,OWID_OCE,1999,1.98,2.423883
Oceania,OWID_OCE,2000,1.97,2.428219
Oceania,OWID_OCE,2001,1.96,2.4117298
Oceania,OWID_OCE,2002,1.95,2.417253
Oceania,OWID_OCE,2003,1.93,2.420421
Oceania,OWID_OCE,2004,1.92,2.43368
Oceania,OWID_OCE,2005,1.91,2.4639127
Oceania,OWID_OCE,2006,1.89,2.4825656
Oceania,OWID_OCE,2007,1.86,2.5515428
Oceania,OWID_OCE,2008,1.83,2.5599842
Oceania,OWID_OCE,2009,1.79,2.5144236
Oceania,OWID_OCE,2010,1.76,2.5001037
Oceania,OWID_OCE,2011,1.72,2.4687498
Oceania,OWID_OCE,2012,1.68,2.4635663
Oceania,OWID_OCE,2013,1.64,2.418012
Oceania,OWID_OCE,2014,1.61,2.3560889
Oceania,OWID_OCE,2015,1.58,2.3451734
Oceania,OWID_OCE,2016,1.55,2.313491
Oceania,OWID_OCE,2017,1.52,2.264939
Oceania,OWID_OCE,2018,1.49,2.2449045
Oceania,OWID_OCE,2019,1.47,2.1904926
Oceania,OWID_OCE,2020,1.44,2.1407125
Oceania,OWID_OCE,2021,1.42,2.1636748
Oceania,OWID_OCE,2022,1.39,2.1492639
Oceania,OWID_OCE,2023,1.35,2.1344285
Oceania (UN),UN_OCE,1950,7.30375,3.687
Oceania (UN),UN_OCE,1951,7.30375,3.703
Oceania (UN),UN_OCE,1952,7.30375,3.798
Oceania (UN),UN_OCE,1953,7.30375,3.817
Oceania (UN),UN_OCE,1954,7.30375,3.842
Oceania (UN),UN_OCE,1955,7.30375,3.92
Oceania (UN),UN_OCE,1956,7.30375,3.98
Oceania (UN),UN_OCE,1957,7.30375,4.054
Oceania (UN),UN_OCE,1958,7.30375,4.074
Oceania (UN),UN_OCE,1959,7.30375,4.101
Oceania (UN),UN_OCE,1960,7.30375,4.126
Oceania (UN),UN_OCE,1961,7.30375,4.2
Oceania (UN),UN_OCE,1962,7.30375,4.116
Oceania (UN),UN_OCE,1963,7.30375,4.042
Oceania (UN),UN_OCE,1964,7.30375,3.888
Oceania (UN),UN_OCE,1965,7.30375,3.742
Oceania (UN),UN_OCE,1966,7.30375,3.659
Oceania (UN),UN_OCE,1967,7.30375,3.617
Oceania (UN),UN_OCE,1968,7.30375,3.63
Oceania (UN),UN_OCE,1969,7.30375,3.612
Oceania (UN),UN_OCE,1970,7.30375,3.566
Oceania (UN),UN_OCE,1971,7.30375,3.604
Oceania (UN),UN_OCE,1972,7.30375,3.423
Oceania (UN),UN_OCE,1973,7.30375,3.207
Oceania (UN),UN_OCE,1974,7.30375,3.089
Oceania (UN),UN_OCE,1975,7.30375,2.932
Oceania (UN),UN_OCE,1976,7.30375,2.812
Oceania (UN),UN_OCE,1977,7.30375,2.761
Oceania (UN),UN_OCE,1978,7.30375,2.686
Oceania (UN),UN_OCE,1979,7.30375,2.643
Oceania (UN),UN_OCE,1980,7.30375,2.609
Oceania (UN),UN_OCE,1981,7.30375,2.621
Oceania (UN),UN_OCE,1982,7.30375,2.6
Oceania (UN),UN_OCE,1983,7.30375,2.584
Oceania (UN),UN_OCE,1984,7.30375,2.54
Oceania (UN),UN_OCE,1985,7.30375,2.552
Oceania (UN),UN_OCE,1986,7.30375,2.53
Oceania (UN),UN_OCE,1987,7.30375,2.52
Oceania (UN),UN_OCE,1988,7.30375,2.515
Oceania (UN),UN_OCE,1989,7.30375,2.51
Oceania (UN),UN_OCE,1990,7.30375,2.552
Oceania (UN),UN_OCE,1991,7.30375,2.506
Oceania (UN),UN_OCE,1992,7.30375,2.518
Oceania (UN),UN_OCE,1993,7.30375,2.499
Oceania (UN),UN_OCE,1994,7.30375,2.483
Oceania (UN),UN_OCE,1995,7.30375,2.464
Oceania (UN),UN_OCE,1996,7.30375,2.453
Oceania (UN),UN_OCE,1997,7.30375,2.442
Oceania (UN),UN_OCE,1998,7.30375,2.427
Oceania (UN),UN_OCE,1999,7.30375,2.442
Oceania (UN),UN_OCE,2000,7.30375,2.447
Oceania (UN),UN_OCE,2001,7.30375,2.432
Oceania (UN),UN_OCE,2002,7.30375,2.441
Oceania (UN),UN_OCE,2003,7.30375,2.444
Oceania (UN),UN_OCE,2004,7.30375,2.456
Oceania (UN),UN_OCE,2005,7.30375,2.488
Oceania (UN),UN_OCE,2006,7.30375,2.509
Oceania (UN),UN_OCE,2007,7.30375,2.581
Oceania (UN),UN_OCE,2008,7.30375,2.591
Oceania (UN),UN_OCE,2009,7.30375,2.542
Oceania (UN),UN_OCE,2010,7.30375,2.524
Oceania (UN),UN_OCE,2011,7.30375,2.49
Oceania (UN),UN_OCE,2012,7.30375,2.485
Oceania (UN),UN_OCE,2013,7.30375,2.438
Oceania (UN),UN_OCE,2014,7.30375,2.375
Oceania (UN),UN_OCE,2015,7.30375,2.364
Oceania (UN),UN_OCE,2016,7.30375,2.333
Oceania (UN),UN_OCE,2017,7.30375,2.282
Oceania (UN),UN_OCE,2018,7.30375,2.258
Oceania (UN),UN_OCE,2019,7.30375,2.199
Oceania (UN),UN_OCE,2020,7.30375,2.14
Oceania (UN),UN_OCE,2021,7.30375,2.168
Oceania (UN),UN_OCE,2022,7.30375,2.157
Oceania (UN),UN_OCE,2023,7.30375,2.142
Oman,OMN,1950,39.28,7.261
Oman,OMN,1951,39.28,7.253
Oman,OMN,1952,39.28,7.255
Oman,OMN,1953,39.28,7.251
Oman,OMN,1954,39.28,7.248
Oman,OMN,1955,39.28,7.233
Oman,OMN,1956,39.28,7.226
Oman,OMN,1957,39.28,7.228
Oman,OMN,1958,39.28,7.246
Oman,OMN,1959,39.28,7.253
Oman,OMN,1960,37.52,7.277
Oman,OMN,1961,35.77,7.287
Oman,OMN,1962,34.2,7.318
Oman,OMN,1963,32.66,7.334
Oman,OMN,1964,31.21,7.37
Oman,OMN,1965,29.79,7.391
Oman,OMN,1966,28.44,7.412
Oman,OMN,1967,27.06,7.437
Oman,OMN,1968,25.73,7.462
Oman,OMN,1969,24.41,7.489
Oman,OMN,1970,23.09,7.523
Oman,OMN,1971,21.79,7.558
Oman,OMN,1972,20.53,7.588
Oman,OMN,1973,19.3,7.625
Oman,OMN,1974,18.1,7.672
Oman,OMN,1975,16.91,7.711
Oman,OMN,1976,15.71,7.743
Oman,OMN,1977,14.53,7.781
Oman,OMN,1978,13.36,7.818
Oman,OMN,1979,12.23,7.85
Oman,OMN,1980,11.13,7.887
Oman,OMN,1981,10.09,7.904
Oman,OMN,1982,9.1,7.837
Oman,OMN,1983,8.18,7.748
Oman,OMN,1984,7.34,7.642
Oman,OMN,1985,6.58,7.512
Oman,OMN,1986,5.9,7.352
Oman,OMN,1987,5.3,7.175
Oman,OMN,1988,4.78,6.953
Oman,OMN,1989,4.32,6.717
Oman,OMN,1990,3.91,6.456
Oman,OMN,1991,3.54,6.197
Oman,OMN,1992,3.2,5.919
Oman,OMN,1993,2.9,5.638
Oman,OMN,1994,2.64,5.359
Oman,OMN,1995,2.41,5.067
Oman,OMN,1996,2.22,4.79
Oman,OMN,1997,2.04,4.524
Oman,OMN,1998,1.89,4.274
Oman,OMN,1999,1.76,4.064
Oman,OMN,2000,1.64,3.852
Oman,OMN,2001,1.54,3.662
Oman,OMN,2002,1.45,3.51
Oman,OMN,2003,1.38,3.371
Oman,OMN,2004,1.32,3.2
Oman,OMN,2005,1.28,3.029
Oman,OMN,2006,1.24,2.879
Oman,OMN,2007,1.22,2.761
Oman,OMN,2008,1.2,2.762
Oman,OMN,2009,1.19,2.829
Oman,OMN,2010,1.17,2.973
Oman,OMN,2011,1.16,2.955
Oman,OMN,2012,1.15,2.928
Oman,OMN,2013,1.13,2.954
Oman,OMN,2014,1.12,2.97
Oman,OMN,2015,1.12,2.965
Oman,OMN,2016,1.11,2.949
Oman,OMN,2017,1.1,2.923
Oman,OMN,2018,1.09,2.81
Oman,OMN,2019,1.08,2.696
Oman,OMN,2020,1.07,2.638
Oman,OMN,2021,1.06,2.588
Oman,OMN,2022,1.05,2.449
Oman,OMN,2023,1.04,2.525
Pakistan,PAK,1950,37.22,6.8
Pakistan,PAK,1951,35.7,6.8
Pakistan,PAK,1952,34.25,6.8
Pakistan,PAK,1953,32.87,6.8
Pakistan,PAK,1954,31.54,6.8
Pakistan,PAK,1955,30.29,6.8
Pakistan,PAK,1956,29.1,6.8
Pakistan,PAK,1957,27.97,6.8
Pakistan,PAK,1958,26.93,6.8
Pakistan,PAK,1959,25.94,6.8
Pakistan,PAK,1960,25.01,6.8
Pakistan,PAK,1961,24.12,6.8
Pakistan,PAK,1962,23.29,6.8
Pakistan,PAK,1963,22.52,6.8
Pakistan,PAK,1964,21.81,6.8
Pakistan,PAK,1965,21.18,6.8
Pakistan,PAK,1966,20.63,6.8
Pakistan,PAK,1967,20.15,6.8
Pakistan,PAK,1968,19.74,6.8
Pakistan,PAK,1969,19.36,6.8
Pakistan,PAK,1970,19.02,6.801
Pakistan,PAK,1971,18.7,6.802
Pakistan,PAK,1972,18.39,6.805
Pakistan,PAK,1973,18.11,6.808
Pakistan,PAK,1974,17.84,6.811
Pakistan,PAK,1975,17.59,6.812
Pakistan,PAK,1976,17.35,6.808
Pakistan,PAK,1977,17.13,6.799
Pakistan,PAK,1978,16.91,6.783
Pakistan,PAK,1979,16.7,6.761
Pakistan,PAK,1980,16.49,6.734
Pakistan,PAK,1981,16.27,6.704
Pakistan,PAK,1982,16.05,6.674
Pakistan,PAK,1983,15.81,6.644
Pakistan,PAK,1984,15.56,6.615
Pakistan,PAK,1985,15.3,6.585
Pakistan,PAK,1986,15.04,6.554
Pakistan,PAK,1987,14.77,6.518
Pakistan,PAK,1988,14.51,6.476
Pakistan,PAK,1989,14.24,6.425
Pakistan,PAK,1990,13.98,6.364
Pakistan,PAK,1991,13.71,6.291
Pakistan,PAK,1992,13.42,6.207
Pakistan,PAK,1993,13.11,6.112
Pakistan,PAK,1994,12.8,6.008
Pakistan,PAK,1995,12.47,5.894
Pakistan,PAK,1996,12.12,5.771
Pakistan,PAK,1997,11.78,5.642
Pakistan,PAK,1998,11.45,5.507
Pakistan,PAK,1999,11.12,5.462
Pakistan,PAK,2000,10.81,5.352
Pakistan,PAK,2001,10.53,5.182
Pakistan,PAK,2002,10.28,5.012
Pakistan,PAK,2003,10.05,4.894
Pakistan,PAK,2004,9.85,4.685
Pakistan,PAK,2005,9.65,4.595
Pakistan,PAK,2006,9.47,4.589
Pakistan,PAK,2007,9.29,4.554
Pakistan,PAK,2008,9.1,4.515
Pakistan,PAK,2009,8.91,4.465
Pakistan,PAK,2010,8.71,4.398
Pakistan,PAK,2011,8.49,4.305
Pakistan,PAK,2012,8.27,4.204
Pakistan,PAK,2013,8.04,4.125
Pakistan,PAK,2014,7.8,4.055
Pakistan,PAK,2015,7.56,3.988
Pakistan,PAK,2016,7.33,3.902
Pakistan,PAK,2017,7.1,3.9
Pakistan,PAK,2018,6.88,3.855
Pakistan,PAK,2019,6.67,3.81
Pakistan,PAK,2020,6.46,3.765
Pakistan,PAK,2021,6.25,3.72
Pakistan,PAK,2022,6.05,3.662
Pakistan,PAK,2023,5.85,3.605
Palau,PLW,1950,9.58,7.153
Palau,PLW,1951,9.58,7.147
Palau,PLW,1952,9.58,7.155
Palau,PLW,1953,9.58,7.155
Palau,PLW,1954,9.58,7.169
Palau,PLW,1955,9.58,7.176
Palau,PLW,1956,9.58,7.167
Palau,PLW,1957,9.58,7.18
Palau,PLW,1958,9.58,7.186
Palau,PLW,1959,9.58,7.191
Palau,PLW,1960,9.58,7.189
Palau,PLW,1961,9.58,7.173
Palau,PLW,1962,9.58,7.145
Palau,PLW,1963,9.58,7.117
Palau,PLW,1964,9.58,7.076
Palau,PLW,1965,9.58,7.014
Palau,PLW,1966,9.27,6.932
Palau,PLW,1967,8.97,6.836
Palau,PLW,1968,8.65,6.714
Palau,PLW,1969,8.34,6.576
Palau,PLW,1970,8.0,6.387
Palau,PLW,1971,7.62,6.164
Palau,PLW,1972,7.24,5.896
Palau,PLW,1973,6.85,5.592
Palau,PLW,1974,6.46,5.258
Palau,PLW,1975,6.06,4.903
Palau,PLW,1976,5.7,4.526
Palau,PLW,1977,5.37,4.09
Palau,PLW,1978,5.09,3.74
Palau,PLW,1979,4.84,3.486
Palau,PLW,1980,4.63,3.351
Palau,PLW,1981,4.44,3.276
Palau,PLW,1982,4.27,3.22
Palau,PLW,1983,4.13,3.143
Palau,PLW,1984,4.01,3.08
Palau,PLW,1985,3.9,3.01
Palau,PLW,1986,3.81,2.976
Palau,PLW,1987,3.73,2.933
Palau,PLW,1988,3.66,2.905
Palau,PLW,1989,3.6,2.917
Palau,PLW,1990,3.53,2.881
Palau,PLW,1991,3.47,2.742
Palau,PLW,1992,3.4,2.71
Palau,PLW,1993,3.32,2.727
Palau,PLW,1994,3.23,2.661
Palau,PLW,1995,3.14,2.553
Palau,PLW,1996,3.04,2.39
Palau,PLW,1997,2.94,2.187
Palau,PLW,1998,2.84,2.006
Palau,PLW,1999,2.74,1.906
Palau,PLW,2000,2.65,1.819
Palau,PLW,2001,2.55,1.87
Palau,PLW,2002,2.46,1.923
Palau,PLW,2003,2.38,1.962
Palau,PLW,2004,2.29,1.989
Palau,PLW,2005,2.21,2.017
Palau,PLW,2006,2.14,1.996
Palau,PLW,2007,2.07,1.968
Palau,PLW,2008,2.02,1.947
Palau,PLW,2009,1.98,1.935
Palau,PLW,2010,1.97,1.937
Palau,PLW,2011,1.97,1.965
Palau,PLW,2012,1.99,2.006
Palau,PLW,2013,2.03,2.054
Palau,PLW,2014,2.08,2.032
Palau,PLW,2015,2.14,2.002
Palau,PLW,2016,2.21,2.055
Palau,PLW,2017,2.28,2.019
Palau,PLW,2018,2.32,1.97
Palau,PLW,2019,2.34,1.984
Palau,PLW,2020,2.33,1.972
Palau,PLW,2021,2.3,1.95
Palau,PLW,2022,2.27,1.927
Palau,PLW,2023,2.23,1.907
Palestine,PSE,1950,10.8,7.838
Palestine,PSE,1951,10.8,7.841
Palestine,PSE,1952,10.8,7.836
Palestine,PSE,1953,10.8,7.828
Palestine,PSE,1954,10.8,7.829
Palestine,PSE,1955,10.8,7.819
Palestine,PSE,1956,10.8,7.815
Palestine,PSE,1957,10.8,7.809
Palestine,PSE,1958,10.8,7.806
Palestine,PSE,1959,10.8,7.805
Palestine,PSE,1960,10.8,7.793
Palestine,PSE,1961,10.8,7.786
Palestine,PSE,1962,10.8,7.792
Palestine,PSE,1963,10.8,7.781
Palestine,PSE,1964,10.8,7.775
Palestine,PSE,1965,10.8,7.775
Palestine,PSE,1966,10.8,7.753
Palestine,PSE,1967,10.8,7.738
Palestine,PSE,1968,10.8,7.706
Palestine,PSE,1969,10.8,7.681
Palestine,PSE,1970,10.8,7.651
Palestine,PSE,1971,10.8,7.614
Palestine,PSE,1972,10.8,7.586
Palestine,PSE,1973,10.8,7.554
Palestine,PSE,1974,10.8,7.519
Palestine,PSE,1975,10.8,7.48
Palestine,PSE,1976,10.16,7.438
Palestine,PSE,1977,9.55,7.384
Palestine,PSE,1978,8.98,7.33
Palestine,PSE,1979,8.45,7.283
Palestine,PSE,1980,7.95,7.179
Palestine,PSE,1981,7.48,7.133
Palestine,PSE,1982,7.04,7.089
Palestine,PSE,1983,6.63,7.042
Palestine,PSE,1984,6.25,6.996
Palestine,PSE,1985,5.89,6.943
Palestine,PSE,1986,5.56,6.911
Palestine,PSE,1987,5.25,6.888
Palestine,PSE,1988,4.97,6.866
Palestine,PSE,1989,4.72,6.836
Palestine,PSE,1990,4.49,6.809
Palestine,PSE,1991,4.28,6.751
Palestine,PSE,1992,4.09,6.65
Palestine,PSE,1993,3.92,6.501
Palestine,PSE,1994,3.77,6.334
Palestine,PSE,1995,3.62,6.161
Palestine,PSE,1996,3.49,5.988
Palestine,PSE,1997,3.36,5.817
Palestine,PSE,1998,3.24,5.693
Palestine,PSE,1999,3.13,5.583
Palestine,PSE,2000,3.03,5.457
Palestine,PSE,2001,2.94,5.342
Palestine,PSE,2002,2.85,5.216
Palestine,PSE,2003,2.77,5.062
Palestine,PSE,2004,2.68,4.971
Palestine,PSE,2005,2.6,4.867
Palestine,PSE,2006,2.52,4.739
Palestine,PSE,2007,2.43,4.627
Palestine,PSE,2008,2.35,4.509
Palestine,PSE,2009,2.28,4.44
Palestine,PSE,2010,2.2,4.434
Palestine,PSE,2011,2.12,4.305
Palestine,PSE,2012,2.04,4.154
Palestine,PSE,2013,1.97,4.049
Palestine,PSE,2014,2.2,3.995
Palestine,PSE,2015,1.83,3.977
Palestine,PSE,2016,1.76,3.887
Palestine,PSE,2017,1.69,3.771
Palestine,PSE,2018,1.63,3.674
Palestine,PSE,2019,1.57,3.591
Palestine,PSE,2020,1.52,3.511
Palestine,PSE,2021,1.47,3.442
Palestine,PSE,2022,1.42,3.375
Palestine,PSE,2023,2.63,3.311
Panama,PAN,1950,12.07,5.568
Panama,PAN,1951,12.08,5.615
Panama,PAN,1952,11.72,5.667
Panama,PAN,1953,11.37,5.718
Panama,PAN,1954,11.03,5.725
Panama,PAN,1955,10.71,5.734
Panama,PAN,1956,10.41,5.745
Panama,PAN,1957,10.13,5.757
Panama,PAN,1958,9.85,5.763
Panama,PAN,1959,9.58,5.794
Panama,PAN,1960,9.31,5.829
Panama,PAN,1961,9.04,5.865
Panama,PAN,1962,8.78,5.872
Panama,PAN,1963,8.52,5.865
Panama,PAN,1964,8.28,5.808
Panama,PAN,1965,8.05,5.728
Panama,PAN,1966,7.83,5.649
Panama,PAN,1967,7.62,5.534
Panama,PAN,1968,7.38,5.411
Panama,PAN,1969,7.1,5.287
Panama,PAN,1970,6.78,5.175
Panama,PAN,1971,6.43,5.054
Panama,PAN,1972,6.07,4.908
Panama,PAN,1973,5.72,4.741
Panama,PAN,1974,5.41,4.576
Panama,PAN,1975,5.15,4.414
Panama,PAN,1976,4.93,4.264
Panama,PAN,1977,4.76,4.118
Panama,PAN,1978,4.61,3.984
Panama,PAN,1979,4.47,3.884
Panama,PAN,1980,4.34,3.796
Panama,PAN,1981,4.19,3.723
Panama,PAN,1982,4.05,3.659
Panama,PAN,1983,3.9,3.601
Panama,PAN,1984,3.75,3.519
Panama,PAN,1985,3.61,3.427
Panama,PAN,1986,3.47,3.339
Panama,PAN,1987,3.35,3.251
Panama,PAN,1988,3.24,3.173
Panama,PAN,1989,3.14,3.121
Panama,PAN,1990,3.05,3.072
Panama,PAN,1991,2.97,2.999
Panama,PAN,1992,2.91,2.95
Panama,PAN,1993,2.87,2.909
Panama,PAN,1994,2.83,2.877
Panama,PAN,1995,2.8,2.852
Panama,PAN,1996,2.77,2.83
Panama,PAN,1997,2.73,2.81
Panama,PAN,1998,2.68,2.789
Panama,PAN,1999,2.63,2.767
Panama,PAN,2000,2.56,2.744
Panama,PAN,2001,2.49,2.72
Panama,PAN,2002,2.41,2.698
Panama,PAN,2003,2.33,2.679
Panama,PAN,2004,2.25,2.68
Panama,PAN,2005,2.17,2.643
Panama,PAN,2006,2.1,2.62
Panama,PAN,2007,2.03,2.612
Panama,PAN,2008,1.97,2.608
Panama,PAN,2009,1.91,2.593
Panama,PAN,2010,1.86,2.587
Panama,PAN,2011,1.81,2.604
Panama,PAN,2012,1.77,2.591
Panama,PAN,2013,1.75,2.569
Panama,PAN,2014,1.73,2.552
Panama,PAN,2015,1.72,2.53
Panama,PAN,2016,1.7,2.502
Panama,PAN,2017,1.68,2.462
Panama,PAN,2018,1.65,2.402
Panama,PAN,2019,1.59,2.288
Panama,PAN,2020,1.52,2.184
Panama,PAN,2021,1.45,2.152
Panama,PAN,2022,1.39,2.139
Panama,PAN,2023,1.33,2.119
Papua New Guinea,PNG,1948,28.29,5.711
Papua New Guinea,PNG,1949,27.44,5.711
Papua New Guinea,PNG,1950,26.67,5.711
Papua New Guinea,PNG,1951,28.61,5.742
Papua New Guinea,PNG,1952,25.16,5.758
Papua New Guinea,PNG,1953,24.43,5.793
Papua New Guinea,PNG,1954,23.73,5.778
Papua New Guinea,PNG,1955,23.04,5.817
Papua New Guinea,PNG,1956,22.38,5.841
Papua New Guinea,PNG,1957,21.73,5.888
Papua New Guinea,PNG,1958,21.09,5.929
Papua New Guinea,PNG,1959,20.45,5.957
Papua New Guinea,PNG,1960,19.83,6.018
Papua New Guinea,PNG,1961,19.21,6.074
Papua New Guinea,PNG,1962,18.62,6.135
Papua New Guinea,PNG,1963,18.03,6.153
Papua New Guinea,PNG,1964,17.44,6.191
Papua New Guinea,PNG,1965,16.87,6.203
Papua New Guinea,PNG,1966,16.3,6.232
Papua New Guinea,PNG,1967,15.76,6.242
Papua New Guinea,PNG,1968,15.23,6.252
Papua New Guinea,PNG,1969,14.71,6.258
Papua New Guinea,PNG,1970,14.22,6.25
Papua New Guinea,PNG,1971,13.74,6.229
Papua New Guinea,PNG,1972,13.29,6.197
Papua New Guinea,PNG,1973,12.85,6.16
Papua New Guinea,PNG,1974,12.43,6.114
Papua New Guinea,PNG,1975,12.05,6.065
Papua New Guinea,PNG,1976,11.68,6.018
Papua New Guinea,PNG,1977,11.34,5.957
Papua New Guinea,PNG,1978,11.02,5.879
Papua New Guinea,PNG,1979,10.72,5.785
Papua New Guinea,PNG,1980,10.44,5.705
Papua New Guinea,PNG,1981,10.18,5.645
Papua New Guinea,PNG,1982,9.94,5.587
Papua New Guinea,PNG,1983,9.71,5.563
Papua New Guinea,PNG,1984,9.5,5.514
Papua New Guinea,PNG,1985,9.3,5.47
Papua New Guinea,PNG,1986,9.12,5.415
Papua New Guinea,PNG,1987,8.96,5.359
Papua New Guinea,PNG,1988,8.78,5.302
Papua New Guinea,PNG,1989,8.63,5.243
Papua New Guinea,PNG,1990,8.47,5.18
Papua New Guinea,PNG,1991,8.31,5.109
Papua New Guinea,PNG,1992,8.17,5.033
Papua New Guinea,PNG,1993,8.03,4.962
Papua New Guinea,PNG,1994,7.89,4.87
Papua New Guinea,PNG,1995,7.77,4.78
Papua New Guinea,PNG,1996,7.64,4.728
Papua New Guinea,PNG,1997,7.52,4.679
Papua New Guinea,PNG,1998,7.41,4.632
Papua New Guinea,PNG,1999,7.3,4.587
Papua New Guinea,PNG,2000,7.19,4.525
Papua New Guinea,PNG,2001,7.08,4.469
Papua New Guinea,PNG,2002,6.96,4.419
Papua New Guinea,PNG,2003,6.84,4.362
Papua New Guinea,PNG,2004,6.71,4.283
Papua New Guinea,PNG,2005,6.58,4.22
Papua New Guinea,PNG,2006,6.44,4.148
Papua New Guinea,PNG,2007,6.31,4.076
Papua New Guinea,PNG,2008,6.16,4.015
Papua New Guinea,PNG,2009,6.02,3.941
Papua New Guinea,PNG,2010,5.88,3.883
Papua New Guinea,PNG,2011,5.73,3.816
Papua New Guinea,PNG,2012,5.59,3.746
Papua New Guinea,PNG,2013,5.44,3.684
Papua New Guinea,PNG,2014,5.3,3.625
Papua New Guinea,PNG,2015,5.17,3.558
Papua New Guinea,PNG,2016,5.02,3.495
Papua New Guinea,PNG,2017,4.87,3.432
Papua New Guinea,PNG,2018,4.72,3.382
Papua New Guinea,PNG,2019,4.59,3.322
Papua New Guinea,PNG,2020,4.45,3.274
Papua New Guinea,PNG,2021,4.31,3.215
Papua New Guinea,PNG,2022,4.17,3.165
Papua New Guinea,PNG,2023,4.03,3.099
Paraguay,PRY,1950,9.34,6.49
Paraguay,PRY,1951,9.34,6.493
Paraguay,PRY,1952,9.26,6.499
Paraguay,PRY,1953,9.19,6.503
Paraguay,PRY,1954,9.11,6.506
Paraguay,PRY,1955,9.03,6.509
Paraguay,PRY,1956,8.48,6.51
Paraguay,PRY,1957,8.4,6.511
Paraguay,PRY,1958,8.32,6.509
Paraguay,PRY,1959,8.24,6.506
Paraguay,PRY,1960,8.18,6.5
Paraguay,PRY,1961,8.11,6.489
Paraguay,PRY,1962,8.06,6.472
Paraguay,PRY,1963,8.02,6.447
Paraguay,PRY,1964,7.99,6.421
Paraguay,PRY,1965,7.96,6.345
Paraguay,PRY,1966,7.94,6.231
Paraguay,PRY,1967,7.91,6.097
Paraguay,PRY,1968,7.88,5.972
Paraguay,PRY,1969,7.84,5.837
Paraguay,PRY,1970,7.79,5.718
Paraguay,PRY,1971,7.73,5.591
Paraguay,PRY,1972,7.66,5.458
Paraguay,PRY,1973,7.57,5.351
Paraguay,PRY,1974,7.46,5.272
Paraguay,PRY,1975,7.34,5.177
Paraguay,PRY,1976,7.21,5.117
Paraguay,PRY,1977,7.06,5.078
Paraguay,PRY,1978,6.91,5.036
Paraguay,PRY,1979,6.74,5.062
Paraguay,PRY,1980,6.55,5.102
Paraguay,PRY,1981,6.35,5.153
Paraguay,PRY,1982,6.14,5.126
Paraguay,PRY,1983,5.92,5.087
Paraguay,PRY,1984,5.71,5.037
Paraguay,PRY,1985,5.5,4.974
Paraguay,PRY,1986,5.3,4.929
Paraguay,PRY,1987,5.1,4.847
Paraguay,PRY,1988,4.92,4.774
Paraguay,PRY,1989,4.73,4.681
Paraguay,PRY,1990,4.55,4.565
Paraguay,PRY,1991,4.38,4.481
Paraguay,PRY,1992,4.23,4.402
Paraguay,PRY,1993,4.08,4.282
Paraguay,PRY,1994,3.95,4.196
Paraguay,PRY,1995,3.83,4.108
Paraguay,PRY,1996,3.72,4.014
Paraguay,PRY,1997,3.62,3.911
Paraguay,PRY,1998,3.53,3.798
Paraguay,PRY,1999,3.45,3.67
Paraguay,PRY,2000,3.36,3.508
Paraguay,PRY,2001,3.29,3.361
Paraguay,PRY,2002,3.22,3.233
Paraguay,PRY,2003,3.14,3.123
Paraguay,PRY,2004,3.07,3.053
Paraguay,PRY,2005,2.99,2.973
Paraguay,PRY,2006,2.91,2.889
Paraguay,PRY,2007,2.83,2.823
Paraguay,PRY,2008,2.75,2.792
Paraguay,PRY,2009,2.67,2.757
Paraguay,PRY,2010,2.59,2.695
Paraguay,PRY,2011,2.51,2.667
Paraguay,PRY,2012,2.44,2.658
Paraguay,PRY,2013,2.37,2.636
Paraguay,PRY,2014,2.3,2.646
Paraguay,PRY,2015,2.22,2.645
Paraguay,PRY,2016,2.15,2.624
Paraguay,PRY,2017,2.08,2.591
Paraguay,PRY,2018,2.01,2.561
Paraguay,PRY,2019,1.94,2.525
Paraguay,PRY,2020,1.88,2.497
Paraguay,PRY,2021,1.82,2.469
Paraguay,PRY,2022,1.76,2.444
Paraguay,PRY,2023,1.7,2.422
Peru,PER,1950,30.75,6.939
Peru,PER,1951,30.75,6.942
Peru,PER,1952,30.75,6.948
Peru,PER,1953,29.36,6.953
Peru,PER,1954,28.02,6.957
Peru,PER,1955,26.78,6.96
Peru,PER,1956,25.7,6.962
Peru,PER,1957,24.81,6.962
Peru,PER,1958,24.08,6.959
Peru,PER,1959,23.44,6.953
Peru,PER,1960,22.85,6.941
Peru,PER,1961,22.24,6.923
Peru,PER,1962,21.59,6.895
Peru,PER,1963,20.9,6.858
Peru,PER,1964,20.16,6.81
Peru,PER,1965,19.44,6.75
Peru,PER,1966,18.74,6.68
Peru,PER,1967,18.11,6.6
Peru,PER,1968,17.53,6.513
Peru,PER,1969,17.01,6.418
Peru,PER,1970,19.7,6.316
Peru,PER,1971,16.07,6.207
Peru,PER,1972,15.6,6.091
Peru,PER,1973,15.13,5.968
Peru,PER,1974,14.66,5.841
Peru,PER,1975,14.22,5.709
Peru,PER,1976,13.82,5.575
Peru,PER,1977,13.49,5.44
Peru,PER,1978,13.2,5.305
Peru,PER,1979,12.93,5.171
Peru,PER,1980,12.66,5.041
Peru,PER,1981,12.36,4.915
Peru,PER,1982,12.0,4.795
Peru,PER,1983,11.58,4.68
Peru,PER,1984,11.08,4.568
Peru,PER,1985,10.53,4.46
Peru,PER,1986,9.97,4.354
Peru,PER,1987,9.43,4.247
Peru,PER,1988,8.92,4.138
Peru,PER,1989,8.46,4.026
Peru,PER,1990,8.04,3.912
Peru,PER,1991,7.63,3.794
Peru,PER,1992,7.2,3.673
Peru,PER,1993,6.75,3.552
Peru,PER,1994,6.29,3.432
Peru,PER,1995,5.82,3.315
Peru,PER,1996,5.36,3.203
Peru,PER,1997,4.92,3.099
Peru,PER,1998,4.51,3.002
Peru,PER,1999,4.13,2.917
Peru,PER,2000,3.79,2.845
Peru,PER,2001,3.49,2.744
Peru,PER,2002,3.24,2.693
Peru,PER,2003,3.01,2.661
Peru,PER,2004,2.82,2.673
Peru,PER,2005,2.65,2.643
Peru,PER,2006,2.5,2.619
Peru,PER,2007,2.37,2.583
Peru,PER,2008,2.25,2.528
Peru,PER,2009,2.14,2.48
Peru,PER,2010,2.04,2.421
Peru,PER,2011,1.96,2.413
Peru,PER,2012,1.89,2.356
Peru,PER,2013,1.84,2.317
Peru,PER,2014,1.79,2.271
Peru,PER,2015,1.76,2.229
Peru,PER,2016,1.73,2.189
Peru,PER,2017,1.71,2.152
Peru,PER,2018,1.69,2.118
Peru,PER,2019,1.68,2.086
Peru,PER,2020,1.66,2.056
Peru,PER,2021,1.64,2.029
Peru,PER,2022,1.61,2.004
Peru,PER,2023,1.58,1.98
Philippines,PHL,1950,17.45,7.129
Philippines,PHL,1951,16.42,7.117
Philippines,PHL,1952,15.46,7.111
Philippines,PHL,1953,13.22,7.104
Philippines,PHL,1954,12.69,7.089
Philippines,PHL,1955,12.19,7.071
Philippines,PHL,1956,11.72,7.052
Philippines,PHL,1957,11.28,7.026
Philippines,PHL,1958,10.85,7.003
Philippines,PHL,1959,10.45,7.0
Philippines,PHL,1960,10.1,6.996
Philippines,PHL,1961,9.8,6.994
Philippines,PHL,1962,9.54,6.98
Philippines,PHL,1963,9.33,6.952
Philippines,PHL,1964,9.13,6.886
Philippines,PHL,1965,8.95,6.799
Philippines,PHL,1966,8.78,6.691
Philippines,PHL,1967,8.62,6.572
Philippines,PHL,1968,8.48,6.448
Philippines,PHL,1969,8.37,6.333
Philippines,PHL,1970,8.28,6.218
Philippines,PHL,1971,8.21,6.083
Philippines,PHL,1972,8.18,5.937
Philippines,PHL,1973,8.17,5.787
Philippines,PHL,1974,8.17,5.693
Philippines,PHL,1975,8.17,5.596
Philippines,PHL,1976,8.15,5.505
Philippines,PHL,1977,8.11,5.442
Philippines,PHL,1978,8.06,5.393
Philippines,PHL,1979,7.99,5.255
Philippines,PHL,1980,7.9,5.108
Philippines,PHL,1981,7.8,4.973
Philippines,PHL,1982,7.69,4.917
Philippines,PHL,1983,7.56,4.867
Philippines,PHL,1984,7.4,4.77
Philippines,PHL,1985,7.21,4.664
Philippines,PHL,1986,6.96,4.563
Philippines,PHL,1987,6.66,4.509
Philippines,PHL,1988,6.32,4.449
Philippines,PHL,1989,5.96,4.365
Philippines,PHL,1990,5.6,4.322
Philippines,PHL,1991,5.27,4.273
Philippines,PHL,1992,4.98,4.161
Philippines,PHL,1993,4.73,4.098
Philippines,PHL,1994,4.51,4.079
Philippines,PHL,1995,4.31,4.067
Philippines,PHL,1996,4.14,4.004
Philippines,PHL,1997,4.0,3.943
Philippines,PHL,1998,3.88,3.884
Philippines,PHL,1999,3.78,3.825
Philippines,PHL,2000,3.69,3.754
Philippines,PHL,2001,3.61,3.719
Philippines,PHL,2002,3.52,3.651
Philippines,PHL,2003,3.44,3.591
Philippines,PHL,2004,3.36,3.524
Philippines,PHL,2005,3.28,3.448
Philippines,PHL,2006,3.21,3.466
Philippines,PHL,2007,3.14,3.403
Philippines,PHL,2008,3.07,3.401
Philippines,PHL,2009,3.01,3.376
Philippines,PHL,2010,2.96,3.315
Philippines,PHL,2011,2.91,3.236
Philippines,PHL,2012,2.87,3.143
Philippines,PHL,2013,2.83,3.042
Philippines,PHL,2014,2.8,2.894
Philippines,PHL,2015,2.78,2.829
Philippines,PHL,2016,2.78,2.679
Philippines,PHL,2017,2.78,2.525
Philippines,PHL,2018,2.79,2.378
Philippines,PHL,2019,2.8,2.215
Philippines,PHL,2020,2.79,2.075
Philippines,PHL,2021,2.77,1.95
Philippines,PHL,2022,2.73,1.929
Philippines,PHL,2023,2.69,1.916
Poland,POL,1921,30.41,3.654
Poland,POL,1922,27.16,3.654
Poland,POL,1927,24.43,3.654
Poland,POL,1928,23.33,3.654
Poland,POL,1929,24.06,3.654
Poland,POL,1930,22.96,3.654
Poland,POL,1931,22.78,3.654
Poland,POL,1932,23.15,3.654
Poland,POL,1933,20.16,3.654
Poland,POL,1934,22.59,3.654
Poland,POL,1935,19.97,3.654
Poland,POL,1936,22.59,3.654
Poland,POL,1937,21.66,3.654
Poland,POL,1938,22.41,3.654
Poland,POL,1948,16.97,3.654
Poland,POL,1949,16.22,3.654
Poland,POL,1950,13.72,3.654
Poland,POL,1951,12.71,3.701
Poland,POL,1952,11.8,3.637
Poland,POL,1953,10.97,3.594
Poland,POL,1954,10.23,3.552
Poland,POL,1955,9.55,3.555
Poland,POL,1956,8.91,3.463
Poland,POL,1957,8.28,3.496
Poland,POL,1958,7.65,3.392
Poland,POL,1959,7.06,3.248
Poland,POL,1960,6.51,3.004
Poland,POL,1961,6.02,2.86
Poland,POL,1962,5.6,2.744
Poland,POL,1963,5.23,2.7
Poland,POL,1964,4.89,2.603
Poland,POL,1965,4.57,2.537
Poland,POL,1966,4.29,2.447
Poland,POL,1967,4.06,2.349
Poland,POL,1968,3.89,2.296
Poland,POL,1969,3.75,2.259
Poland,POL,1970,3.59,2.254
Poland,POL,1971,3.42,2.251
Poland,POL,1972,3.24,2.238
Poland,POL,1973,3.06,2.252
Poland,POL,1974,2.9,2.265
Poland,POL,1975,2.79,2.282
Poland,POL,1976,2.7,2.313
Poland,POL,1977,2.62,2.252
Poland,POL,1978,2.54,2.232
Poland,POL,1979,2.47,2.277
Poland,POL,1980,2.4,2.277
Poland,POL,1981,2.33,2.246
Poland,POL,1982,2.26,2.34
Poland,POL,1983,2.19,2.416
Poland,POL,1984,2.11,2.377
Poland,POL,1985,2.03,2.323
Poland,POL,1986,1.96,2.218
Poland,POL,1987,1.89,2.157
Poland,POL,1988,1.84,2.142
Poland,POL,1989,1.79,2.098
Poland,POL,1990,1.74,2.065
Poland,POL,1991,1.69,2.067
Poland,POL,1992,1.65,1.956
Poland,POL,1993,1.6,1.87
Poland,POL,1994,1.53,1.801
Poland,POL,1995,1.43,1.634
Poland,POL,1996,1.32,1.587
Poland,POL,1997,1.2,1.516
Poland,POL,1998,1.09,1.439
Poland,POL,1999,1.0,1.377
Poland,POL,2000,0.93,1.366
Poland,POL,2001,0.88,1.315
Poland,POL,2002,0.84,1.252
Poland,POL,2003,0.81,1.225
Poland,POL,2004,0.78,1.228
Poland,POL,2005,0.76,1.244
Poland,POL,2006,0.73,1.269
Poland,POL,2007,0.7,1.311
Poland,POL,2008,0.67,1.386
Poland,POL,2009,0.63,1.402
Poland,POL,2010,0.6,1.407
Poland,POL,2011,0.57,1.338
Poland,POL,2012,0.54,1.329
Poland,POL,2013,0.52,1.292
Poland,POL,2014,0.5,1.317
Poland,POL,2015,0.49,1.323
Poland,POL,2016,0.48,1.389
Poland,POL,2017,0.46,1.472
Poland,POL,2018,0.45,1.443
Poland,POL,2019,0.44,1.436
Poland,POL,2020,0.44,1.384
Poland,POL,2021,0.44,1.322
Poland,POL,2022,0.44,1.261
Poland,POL,2023,0.44,1.299
Portugal,PRT,1910,21.28,3.203
Portugal,PRT,1913,26.02,3.203
Portugal,PRT,1914,23.88,3.203
Portugal,PRT,1915,23.88,3.203
Portugal,PRT,1916,24.97,3.203
Portugal,PRT,1917,23.88,3.203
Portugal,PRT,1918,33.99,3.203
Portugal,PRT,1919,29.59,3.203
Portugal,PRT,1920,26.68,3.203
Portugal,PRT,1921,23.88,3.203
Portugal,PRT,1922,23.15,3.203
Portugal,PRT,1923,26.68,3.203
Portugal,PRT,1924,23.15,3.203
Portugal,PRT,1925,20.91,3.203
Portugal,PRT,1926,23.15,3.203
Portugal,PRT,1927,22.78,3.203
Portugal,PRT,1929,24.43,3.203
Portugal,PRT,1930,23.15,3.203
Portugal,PRT,1931,22.59,3.203
Portugal,PRT,1932,23.7,3.203
Portugal,PRT,1933,24.06,3.203
Portugal,PRT,1934,23.15,3.203
Portugal,PRT,1935,24.06,3.203
Portugal,PRT,1936,22.41,3.203
Portugal,PRT,1937,24.43,3.203
Portugal,PRT,1938,21.85,3.203
Portugal,PRT,1939,18.66,3.203
Portugal,PRT,1940,20.28,3.203
Portugal,PRT,1941,24.59,3.112
Portugal,PRT,1942,21.9,3.143
Portugal,PRT,1943,21.25,3.289
Portugal,PRT,1944,19.43,3.317
Portugal,PRT,1945,17.99,3.407
Portugal,PRT,1946,17.85,3.316
Portugal,PRT,1947,15.76,3.192
Portugal,PRT,1948,15.81,3.482
Portugal,PRT,1949,15.59,3.306
Portugal,PRT,1950,15.02,3.158
Portugal,PRT,1951,14.47,3.178
Portugal,PRT,1952,13.96,3.2
Portugal,PRT,1953,13.49,3.043
Portugal,PRT,1954,13.08,2.964
Portugal,PRT,1955,12.73,3.133
Portugal,PRT,1956,12.43,3.032
Portugal,PRT,1957,12.18,3.138
Portugal,PRT,1958,11.96,3.151
Portugal,PRT,1959,11.72,3.144
Portugal,PRT,1960,11.41,3.16
Portugal,PRT,1961,10.99,3.205
Portugal,PRT,1962,10.44,3.233
Portugal,PRT,1963,9.76,3.135
Portugal,PRT,1964,9.1,3.215
Portugal,PRT,1965,8.53,3.159
Portugal,PRT,1966,8.09,3.164
Portugal,PRT,1967,7.76,3.157
Portugal,PRT,1968,7.51,3.123
Portugal,PRT,1969,7.22,3.114
Portugal,PRT,1970,6.81,3.008
Portugal,PRT,1971,6.3,2.995
Portugal,PRT,1972,5.78,2.857
Portugal,PRT,1973,5.27,2.765
Portugal,PRT,1974,4.79,2.695
Portugal,PRT,1975,4.35,2.75
Portugal,PRT,1976,3.94,2.807
Portugal,PRT,1977,3.57,2.682
Portugal,PRT,1978,3.24,2.45
Portugal,PRT,1979,2.97,2.315
Portugal,PRT,1980,2.75,2.245
Portugal,PRT,1981,2.58,2.131
Portugal,PRT,1982,2.43,2.07
Portugal,PRT,1983,2.29,1.955
Portugal,PRT,1984,2.16,1.895
Portugal,PRT,1985,2.04,1.729
Portugal,PRT,1986,1.93,1.663
Portugal,PRT,1987,1.82,1.62
Portugal,PRT,1988,1.7,1.608
Portugal,PRT,1989,1.59,1.572
Portugal,PRT,1990,1.47,1.555
Portugal,PRT,1991,1.36,1.557
Portugal,PRT,1992,1.25,1.536
Portugal,PRT,1993,1.14,1.513
Portugal,PRT,1994,1.05,1.445
Portugal,PRT,1995,0.98,1.411
Portugal,PRT,1996,0.92,1.441
Portugal,PRT,1997,0.86,1.469
Portugal,PRT,1998,0.82,1.473
Portugal,PRT,1999,0.77,1.502
Portugal,PRT,2000,0.72,1.538
Portugal,PRT,2001,0.66,1.455
Portugal,PRT,2002,0.61,1.46
Portugal,PRT,2003,0.55,1.437
Portugal,PRT,2004,0.5,1.405
Portugal,PRT,2005,0.47,1.408
Portugal,PRT,2006,0.44,1.372
Portugal,PRT,2007,0.42,1.352
Portugal,PRT,2008,0.4,1.383
Portugal,PRT,2009,0.39,1.349
Portugal,PRT,2010,0.38,1.381
Portugal,PRT,2011,0.37,1.343
Portugal,PRT,2012,0.37,1.277
Portugal,PRT,2013,0.36,1.213
Portugal,PRT,2014,0.36,1.23
Portugal,PRT,2015,0.36,1.302
Portugal,PRT,2016,0.36,1.356
Portugal,PRT,2017,0.36,1.377
Portugal,PRT,2018,0.35,1.411
Portugal,PRT,2019,0.35,1.421
Portugal,PRT,2020,0.34,1.405
Portugal,PRT,2021,0.33,1.328
Portugal,PRT,2022,0.32,1.453
Portugal,PRT,2023,0.32,1.508
Puerto Rico,PRI,1950,7.30375,5.206
Puerto Rico,PRI,1951,7.30375,5.063
Puerto Rico,PRI,1952,7.30375,4.827
Puerto Rico,PRI,1953,7.30375,4.681
Puerto Rico,PRI,1954,7.30375,4.678
Puerto Rico,PRI,1955,7.30375,4.68
Puerto Rico,PRI,1956,7.30375,4.704
Puerto Rico,PRI,1957,7.30375,4.587
Puerto Rico,PRI,1958,7.30375,4.618
Puerto Rico,PRI,1959,7.30375,4.554
Puerto Rico,PRI,1960,7.30375,4.593
Puerto Rico,PRI,1961,7.30375,4.412
Puerto Rico,PRI,1962,7.30375,4.34
Puerto Rico,PRI,1963,7.30375,4.253
Puerto Rico,PRI,1964,7.30375,4.177
Puerto Rico,PRI,1965,7.30375,4.096
Puerto Rico,PRI,1966,7.30375,3.706
Puerto Rico,PRI,1967,7.30375,3.518
Puerto Rico,PRI,1968,7.30375,3.32
Puerto Rico,PRI,1969,7.30375,3.243
Puerto Rico,PRI,1970,7.30375,3.167
Puerto Rico,PRI,1971,7.30375,3.209
Puerto Rico,PRI,1972,7.30375,3.006
Puerto Rico,PRI,1973,7.30375,2.902
Puerto Rico,PRI,1974,7.30375,2.871
Puerto Rico,PRI,1975,7.30375,2.803
Puerto Rico,PRI,1976,7.30375,2.865
Puerto Rico,PRI,1977,7.30375,2.897
Puerto Rico,PRI,1978,7.30375,2.847
Puerto Rico,PRI,1979,7.30375,2.766
Puerto Rico,PRI,1980,7.30375,2.698
Puerto Rico,PRI,1981,7.30375,2.591
Puerto Rico,PRI,1982,7.30375,2.482
Puerto Rico,PRI,1983,7.30375,2.329
Puerto Rico,PRI,1984,7.30375,2.225
Puerto Rico,PRI,1985,7.30375,2.222
Puerto Rico,PRI,1986,7.30375,2.266
Puerto Rico,PRI,1987,7.30375,2.23
Puerto Rico,PRI,1988,7.30375,2.224
Puerto Rico,PRI,1989,7.30375,2.302
Puerto Rico,PRI,1990,7.30375,2.291
Puerto Rico,PRI,1991,7.30375,2.213
Puerto Rico,PRI,1992,7.30375,2.196
Puerto Rico,PRI,1993,7.30375,2.21
Puerto Rico,PRI,1994,7.30375,2.175
Puerto Rico,PRI,1995,7.30375,2.15
Puerto Rico,PRI,1996,7.30375,2.144
Puerto Rico,PRI,1997,7.30375,2.169
Puerto Rico,PRI,1998,7.30375,2.08
Puerto Rico,PRI,1999,7.30375,2.038
Puerto Rico,PRI,2000,7.30375,2.041
Puerto Rico,PRI,2001,7.30375,1.946
Puerto Rico,PRI,2002,7.30375,1.856
Puerto Rico,PRI,2003,7.30375,1.807
Puerto Rico,PRI,2004,7.30375,1.837
Puerto Rico,PRI,2005,7.30375,1.842
Puerto Rico,PRI,2006,7.30375,1.798
Puerto Rico,PRI,2007,7.30375,1.738
Puerto Rico,PRI,2008,7.30375,1.624
Puerto Rico,PRI,2009,7.30375,1.595
Puerto Rico,PRI,2010,7.30375,1.619
Puerto Rico,PRI,2011,7.30375,1.595
Puerto Rico,PRI,2012,7.30375,1.541
Puerto Rico,PRI,2013,7.30375,1.473
Puerto Rico,PRI,2014,7.30375,1.437
Puerto Rico,PRI,2015,7.30375,1.35
Puerto Rico,PRI,2016,7.30375,1.264
Puerto Rico,PRI,2017,7.30375,1.133
Puerto Rico,PRI,2018,7.30375,1.026
Puerto Rico,PRI,2019,7.30375,0.979
Puerto Rico,PRI,2020,7.30375,0.934
Puerto Rico,PRI,2021,7.30375,0.944
Puerto Rico,PRI,2022,7.30375,0.94
Puerto Rico,PRI,2023,7.30375,0.941
Qatar,QAT,1950,13.84,6.544
Qatar,QAT,1951,13.84,6.543
Qatar,QAT,1952,13.84,6.55
Qatar,QAT,1953,13.84,6.539
Qatar,QAT,1954,13.84,6.546
Qatar,QAT,1955,13.84,6.538
Qatar,QAT,1956,13.84,6.538
Qatar,QAT,1957,13.84,6.531
Qatar,QAT,1958,13.84,6.53
Qatar,QAT,1959,13.84,6.532
Qatar,QAT,1960,13.84,6.531
Qatar,QAT,1961,12.90625,6.526
Qatar,QAT,1962,11.9725,6.53
Qatar,QAT,1963,11.03875,6.527
Qatar,QAT,1964,10.105,6.525
Qatar,QAT,1965,9.17125,6.527
Qatar,QAT,1966,8.2375,6.521
Qatar,QAT,1967,7.30375,6.462
Qatar,QAT,1968,6.37,6.392
Qatar,QAT,1969,7.07,6.311
Qatar,QAT,1970,6.6,6.228
Qatar,QAT,1971,6.16,6.145
Qatar,QAT,1972,5.77,6.073
Qatar,QAT,1973,5.4,6.008
Qatar,QAT,1974,5.06,5.935
Qatar,QAT,1975,4.75,5.861
Qatar,QAT,1976,4.48,5.782
Qatar,QAT,1977,4.24,5.691
Qatar,QAT,1978,4.02,5.577
Qatar,QAT,1979,3.81,5.461
Qatar,QAT,1980,3.62,5.329
Qatar,QAT,1981,3.45,5.196
Qatar,QAT,1982,3.29,5.044
Qatar,QAT,1983,3.13,4.898
Qatar,QAT,1984,2.98,4.756
Qatar,QAT,1985,2.82,4.642
Qatar,QAT,1986,2.68,4.565
Qatar,QAT,1987,2.52,4.539
Qatar,QAT,1988,2.37,4.515
Qatar,QAT,1989,2.23,4.412
Qatar,QAT,1990,2.08,4.23
Qatar,QAT,1991,1.94,3.988
Qatar,QAT,1992,1.82,3.852
Qatar,QAT,1993,1.71,3.765
Qatar,QAT,1994,1.61,3.665
Qatar,QAT,1995,1.53,3.557
Qatar,QAT,1996,1.46,3.444
Qatar,QAT,1997,1.4,3.327
Qatar,QAT,1998,1.34,3.211
Qatar,QAT,1999,1.29,3.117
Qatar,QAT,2000,1.25,3.073
Qatar,QAT,2001,1.2,3.08
Qatar,QAT,2002,1.16,3.011
Qatar,QAT,2003,1.12,2.925
Qatar,QAT,2004,1.08,2.794
Qatar,QAT,2005,1.04,2.635
Qatar,QAT,2006,1.01,2.509
Qatar,QAT,2007,0.98,2.438
Qatar,QAT,2008,0.96,2.369
Qatar,QAT,2009,0.93,2.254
Qatar,QAT,2010,0.91,2.137
Qatar,QAT,2011,0.89,2.07
Qatar,QAT,2012,0.87,2.04
Qatar,QAT,2013,0.84,2.032
Qatar,QAT,2014,0.82,2.03
Qatar,QAT,2015,0.79,1.976
Qatar,QAT,2016,0.75,1.856
Qatar,QAT,2017,0.72,1.834
Qatar,QAT,2018,0.69,1.756
Qatar,QAT,2019,0.67,1.731
Qatar,QAT,2020,0.64,1.675
Qatar,QAT,2021,0.63,1.605
Qatar,QAT,2022,0.61,1.739
Qatar,QAT,2023,0.6,1.729
Reunion,REU,1950,7.30375,6.963
Reunion,REU,1951,7.30375,6.967
Reunion,REU,1952,7.30375,6.917
Reunion,REU,1953,7.30375,6.884
Reunion,REU,1954,7.30375,6.738
Reunion,REU,1955,7.30375,6.766
Reunion,REU,1956,7.30375,6.596
Reunion,REU,1957,7.30375,6.531
Reunion,REU,1958,7.30375,6.177
Reunion,REU,1959,7.30375,6.106
Reunion,REU,1960,7.30375,6.105
Reunion,REU,1961,7.30375,6.056
Reunion,REU,1962,7.30375,6.168
Reunion,REU,1963,7.30375,6.272
Reunion,REU,1964,7.30375,6.172
Reunion,REU,1965,7.30375,6.152
Reunion,REU,1966,7.30375,5.979
Reunion,REU,1967,7.30375,5.672
Reunion,REU,1968,7.30375,5.458
Reunion,REU,1969,7.30375,5.045
Reunion,REU,1970,7.30375,4.299
Reunion,REU,1971,7.30375,4.038
Reunion,REU,1972,7.30375,3.922
Reunion,REU,1973,7.30375,3.813
Reunion,REU,1974,7.30375,3.727
Reunion,REU,1975,7.30375,3.647
Reunion,REU,1976,7.30375,3.529
Reunion,REU,1977,7.30375,3.414
Reunion,REU,1978,7.30375,3.282
Reunion,REU,1979,7.30375,3.116
Reunion,REU,1980,7.30375,2.874
Reunion,REU,1981,7.30375,2.908
Reunion,REU,1982,7.30375,2.596
Reunion,REU,1983,7.30375,2.563
Reunion,REU,1984,7.30375,2.581
Reunion,REU,1985,7.30375,2.51
Reunion,REU,1986,7.30375,2.39
Reunion,REU,1987,7.30375,2.373
Reunion,REU,1988,7.30375,2.364
Reunion,REU,1989,7.30375,2.4
Reunion,REU,1990,7.30375,2.571
Reunion,REU,1991,7.30375,2.566
Reunion,REU,1992,7.30375,2.545
Reunion,REU,1993,7.30375,2.386
Reunion,REU,1994,7.30375,2.329
Reunion,REU,1995,7.30375,2.272
Reunion,REU,1996,7.30375,2.256
Reunion,REU,1997,7.30375,2.343
Reunion,REU,1998,7.30375,2.312
Reunion,REU,1999,7.30375,2.337
Reunion,REU,2000,7.30375,2.499
Reunion,REU,2001,7.30375,2.451
Reunion,REU,2002,7.30375,2.411
Reunion,REU,2003,7.30375,2.429
Reunion,REU,2004,7.30375,2.451
Reunion,REU,2005,7.30375,2.486
Reunion,REU,2006,7.30375,2.443
Reunion,REU,2007,7.30375,2.468
Reunion,REU,2008,7.30375,2.466
Reunion,REU,2009,7.30375,2.366
Reunion,REU,2010,7.30375,2.189
Reunion,REU,2011,7.30375,2.189
Reunion,REU,2012,7.30375,2.229
Reunion,REU,2013,7.30375,2.215
Reunion,REU,2014,7.30375,2.237
Reunion,REU,2015,7.30375,2.235
Reunion,REU,2016,7.30375,2.219
Reunion,REU,2017,7.30375,2.226
Reunion,REU,2018,7.30375,2.165
Reunion,REU,2019,7.30375,2.133
Reunion,REU,2020,7.30375,2.146
Reunion,REU,2021,7.30375,2.19
Reunion,REU,2022,7.30375,2.187
Reunion,REU,2023,7.30375,2.174
Romania,ROU,1864,39.8,3.076
Romania,ROU,1865,35.6,3.076
Romania,ROU,1866,38.83,3.076
Romania,ROU,1867,31.55,3.076
Romania,ROU,1868,33.01,3.076
Romania,ROU,1869,31.39,3.076
Romania,ROU,1870,25.85,3.076
Romania,ROU,1871,23.15,3.076
Romania,ROU,1872,32.2,3.076
Romania,ROU,1873,31.06,3.076
Romania,ROU,1874,34.8,3.076
Romania,ROU,1875,33.01,3.076
Romania,ROU,1876,31.88,3.076
Romania,ROU,1877,30.9,3.076
Romania,ROU,1878,36.41,3.076
Romania,ROU,1879,30.08,3.076
Romania,ROU,1880,37.38,3.076
Romania,ROU,1881,28.77,3.076
Romania,ROU,1882,32.36,3.076
Romania,ROU,1883,28.44,3.076
Romania,ROU,1884,28.93,3.076
Romania,ROU,1885,27.62,3.076
Romania,ROU,1886,29.75,3.076
Romania,ROU,1887,31.39,3.076
Romania,ROU,1888,32.36,3.076
Romania,ROU,1889,31.06,3.076
Romania,ROU,1890,34.31,3.076
Romania,ROU,1891,33.99,3.076
Romania,ROU,1892,39.48,3.076
Romania,ROU,1893,35.28,3.076
Romania,ROU,1894,36.89,3.076
Romania,ROU,1895,32.69,3.076
Romania,ROU,1896,37.38,3.076
Romania,ROU,1897,34.96,3.076
Romania,ROU,1898,36.09,3.076
Romania,ROU,1899,32.2,3.076
Romania,ROU,1900,32.04,3.076
Romania,ROU,1901,32.85,3.076
Romania,ROU,1902,34.47,3.076
Romania,ROU,1903,47.75,3.076
Romania,ROU,1912,35.12,3.076
Romania,ROU,1913,37.86,3.076
Romania,ROU,1914,35.28,3.076
Romania,ROU,1915,32.36,3.076
Romania,ROU,1920,35.93,3.076
Romania,ROU,1921,32.53,3.076
Romania,ROU,1922,33.66,3.076
Romania,ROU,1923,33.66,3.076
Romania,ROU,1924,32.69,3.076
Romania,ROU,1925,31.23,3.076
Romania,ROU,1926,31.55,3.076
Romania,ROU,1927,33.99,3.076
Romania,ROU,1928,29.91,3.076
Romania,ROU,1929,32.04,3.076
Romania,ROU,1930,28.6,3.076
Romania,ROU,1931,29.26,3.076
Romania,ROU,1932,30.08,3.076
Romania,ROU,1933,28.27,3.076
Romania,ROU,1934,29.59,3.076
Romania,ROU,1935,31.23,3.076
Romania,ROU,1936,28.44,3.076
Romania,ROU,1937,28.93,3.076
Romania,ROU,1938,29.75,3.076
Romania,ROU,1939,28.6,3.076
Romania,ROU,1940,30.57,3.076
Romania,ROU,1941,27.0,3.076
Romania,ROU,1942,28.93,3.076
Romania,ROU,1943,29.91,3.076
Romania,ROU,1944,26.35,3.076
Romania,ROU,1945,30.57,3.076
Romania,ROU,1946,26.68,3.076
Romania,ROU,1947,32.53,3.076
Romania,ROU,1948,22.96,3.076
Romania,ROU,1949,21.66,3.076
Romania,ROU,1950,18.09,3.076
Romania,ROU,1951,18.28,3.052
Romania,ROU,1952,15.85,3.016
Romania,ROU,1953,14.2,2.992
Romania,ROU,1954,12.94,2.993
Romania,ROU,1955,10.02,3.011
Romania,ROU,1956,9.86,2.883
Romania,ROU,1957,9.75,2.711
Romania,ROU,1958,9.64,2.571
Romania,ROU,1959,9.37,2.422
Romania,ROU,1960,8.82,2.318
Romania,ROU,1961,7.98,2.156
Romania,ROU,1962,6.98,2.023
Romania,ROU,1963,6.03,1.987
Romania,ROU,1964,5.45,1.95
Romania,ROU,1965,5.44,1.903
Romania,ROU,1966,5.83,1.874
Romania,ROU,1967,6.27,3.588
Romania,ROU,1968,6.44,3.535
Romania,ROU,1969,6.23,3.112
Romania,ROU,1970,5.69,2.812
Romania,ROU,1971,5.06,2.598
Romania,ROU,1972,4.64,2.479
Romania,ROU,1973,4.49,2.394
Romania,ROU,1974,4.43,2.66
Romania,ROU,1975,4.27,2.595
Romania,ROU,1976,4.05,2.549
Romania,ROU,1977,3.86,2.566
Romania,ROU,1978,3.76,2.522
Romania,ROU,1979,3.68,2.49
Romania,ROU,1980,3.57,2.435
Romania,ROU,1981,3.44,2.354
Romania,ROU,1982,3.28,2.174
Romania,ROU,1983,3.14,2.077
Romania,ROU,1984,3.08,2.251
Romania,ROU,1985,3.16,2.309
Romania,ROU,1986,3.33,2.385
Romania,ROU,1987,3.45,2.38
Romania,ROU,1988,3.43,2.307
Romania,ROU,1989,3.31,2.204
Romania,ROU,1990,3.14,1.837
Romania,ROU,1991,2.97,1.6
Romania,ROU,1992,2.84,1.51
Romania,ROU,1993,2.79,1.437
Romania,ROU,1994,2.76,1.4
Romania,ROU,1995,2.73,1.337
Romania,ROU,1996,2.68,1.301
Romania,ROU,1997,2.58,1.317
Romania,ROU,1998,2.44,1.316
Romania,ROU,1999,2.29,1.304
Romania,ROU,2000,2.16,1.303
Romania,ROU,2001,2.06,1.272
Romania,ROU,2002,2.01,1.27
Romania,ROU,2003,1.99,1.298
Romania,ROU,2004,1.94,1.335
Romania,ROU,2005,1.82,1.394
Romania,ROU,2006,1.66,1.421
Romania,ROU,2007,1.51,1.449
Romania,ROU,2008,1.4,1.581
Romania,ROU,2009,1.31,1.636
Romania,ROU,2010,1.24,1.574
Romania,ROU,2011,1.18,1.475
Romania,ROU,2012,1.12,1.51
Romania,ROU,2013,1.05,1.466
Romania,ROU,2014,0.99,1.56
Romania,ROU,2015,0.92,1.621
Romania,ROU,2016,0.85,1.692
Romania,ROU,2017,0.79,1.77
Romania,ROU,2018,0.73,1.753
Romania,ROU,2019,0.68,1.711
Romania,ROU,2020,0.66,1.726
Romania,ROU,2021,0.65,1.718
Romania,ROU,2022,0.66,1.717
Romania,ROU,2023,0.66,1.713
Russia,RUS,1867,39.48,2.926
Russia,RUS,1868,48.56,2.926
Russia,RUS,1869,44.66,2.926
Russia,RUS,1870,40.29,2.926
Russia,RUS,1871,44.5,2.926
Russia,RUS,1872,47.91,2.926
Russia,RUS,1873,42.55,2.926
Russia,RUS,1874,42.55,2.926
Russia,RUS,1875,43.2,2.926
Russia,RUS,1876,45.15,2.926
Russia,RUS,1877,42.22,2.926
Russia,RUS,1878,48.72,2.926
Russia,RUS,1879,40.93,2.926
Russia,RUS,1880,46.45,2.926
Russia,RUS,1881,40.93,2.926
Russia,RUS,1882,48.88,2.926
Russia,RUS,1883,46.12,2.926
Russia,RUS,1884,41.25,2.926
Russia,RUS,1885,43.85,2.926
Russia,RUS,1886,40.29,2.926
Russia,RUS,1887,41.57,2.926
Russia,RUS,1888,40.61,2.926
Russia,RUS,1889,44.66,2.926
Russia,RUS,1890,47.42,2.926
Russia,RUS,1891,44.17,2.926
Russia,RUS,1892,49.86,2.926
Russia,RUS,1893,40.93,2.926
Russia,RUS,1894,43.04,2.926
Russia,RUS,1895,45.31,2.926
Russia,RUS,1896,44.5,2.926
Russia,RUS,1897,42.22,2.926
Russia,RUS,1898,45.31,2.926
Russia,RUS,1899,39.0,2.926
Russia,RUS,1900,40.93,2.926
Russia,RUS,1901,44.17,2.926
Russia,RUS,1902,41.9,2.926
Russia,RUS,1903,40.61,2.926
Russia,RUS,1904,37.7,2.926
Russia,RUS,1905,44.17,2.926
Russia,RUS,1906,40.29,2.926
Russia,RUS,1907,36.57,2.926
Russia,RUS,1908,39.64,2.926
Russia,RUS,1909,40.29,2.926
Russia,RUS,1910,44.01,2.926
Russia,RUS,1911,38.51,2.926
Russia,RUS,1950,34.81222222222222,2.926
Russia,RUS,1951,31.11444444444444,2.902
Russia,RUS,1952,27.416666666666664,2.863
Russia,RUS,1953,23.718888888888884,2.829
Russia,RUS,1954,20.021111111111107,2.852
Russia,RUS,1955,16.32333333333333,2.812
Russia,RUS,1956,12.62555555555555,2.758
Russia,RUS,1957,8.927777777777774,2.729
Russia,RUS,1958,5.23,2.692
Russia,RUS,1959,4.88,2.663
Russia,RUS,1960,4.55,2.633
Russia,RUS,1961,4.26,2.52
Russia,RUS,1962,3.99,2.362
Russia,RUS,1963,3.76,2.285
Russia,RUS,1964,3.55,2.176
Russia,RUS,1965,3.38,2.113
Russia,RUS,1966,3.23,2.105
Russia,RUS,1967,3.11,2.023
Russia,RUS,1968,3.02,1.98
Russia,RUS,1969,2.94,1.988
Russia,RUS,1970,2.88,2.007
Russia,RUS,1971,2.84,2.048
Russia,RUS,1972,2.81,2.068
Russia,RUS,1973,2.78,2.01
Russia,RUS,1974,2.77,2.027
Russia,RUS,1975,2.76,2.002
Russia,RUS,1976,2.76,1.993
Russia,RUS,1977,2.76,1.978
Russia,RUS,1978,2.76,1.953
Russia,RUS,1979,2.75,1.92
Russia,RUS,1980,2.73,1.916
Russia,RUS,1981,2.7,1.941
Russia,RUS,1982,2.66,2.022
Russia,RUS,1983,2.62,2.135
Russia,RUS,1984,2.56,2.099
Russia,RUS,1985,2.5,2.094
Russia,RUS,1986,2.42,2.205
Russia,RUS,1987,2.34,2.249
Russia,RUS,1988,2.26,2.159
Russia,RUS,1989,2.2,2.034
Russia,RUS,1990,2.17,1.91
Russia,RUS,1991,2.16,1.751
Russia,RUS,1992,2.17,1.566
Russia,RUS,1993,2.19,1.393
Russia,RUS,1994,2.2,1.398
Russia,RUS,1995,2.2,1.352
Russia,RUS,1996,2.17,1.289
Russia,RUS,1997,2.13,1.243
Russia,RUS,1998,2.08,1.242
Russia,RUS,1999,2.02,1.183
Russia,RUS,2000,1.94,1.19
Russia,RUS,2001,1.84,1.221
Russia,RUS,2002,1.73,1.287
Russia,RUS,2003,1.61,1.334
Russia,RUS,2004,1.5,1.345
Russia,RUS,2005,1.39,1.299
Russia,RUS,2006,1.29,1.315
Russia,RUS,2007,1.2,1.428
Russia,RUS,2008,1.13,1.517
Russia,RUS,2009,1.07,1.559
Russia,RUS,2010,1.04,1.585
Russia,RUS,2011,1.02,1.601
Russia,RUS,2012,0.99,1.708
Russia,RUS,2013,0.95,1.725
Russia,RUS,2014,0.89,1.766
Russia,RUS,2015,0.82,1.79
Russia,RUS,2016,0.75,1.773
Russia,RUS,2017,0.69,1.627
Russia,RUS,2018,0.63,1.581
Russia,RUS,2019,0.58,1.504
Russia,RUS,2020,0.54,1.505
Russia,RUS,2021,0.51,1.505
Russia,RUS,2022,0.47,1.452
Russia,RUS,2023,0.45,1.449
Rwanda,RWA,1950,25.01,8.152
Rwanda,RWA,1951,25.01,8.156
Rwanda,RWA,1952,25.01,8.178
Rwanda,RWA,1953,25.01,8.198
Rwanda,RWA,1954,25.01,8.217
Rwanda,RWA,1955,24.45,8.214
Rwanda,RWA,1956,24.94,8.231
Rwanda,RWA,1957,24.33,8.256
Rwanda,RWA,1958,23.66,8.27
Rwanda,RWA,1959,23.02,8.288
Rwanda,RWA,1960,22.42,8.283
Rwanda,RWA,1961,21.88,8.279
Rwanda,RWA,1962,21.51,8.271
Rwanda,RWA,1963,21.27,8.269
Rwanda,RWA,1964,21.13,8.266
Rwanda,RWA,1965,21.1,8.249
Rwanda,RWA,1966,21.19,8.23
Rwanda,RWA,1967,21.41,8.211
Rwanda,RWA,1968,21.69,8.187
Rwanda,RWA,1969,21.98,8.176
Rwanda,RWA,1970,22.26,8.145
Rwanda,RWA,1971,22.58,8.092
Rwanda,RWA,1972,22.95,8.089
Rwanda,RWA,1973,23.41,8.092
Rwanda,RWA,1974,24.02,8.102
Rwanda,RWA,1975,24.64,8.096
Rwanda,RWA,1976,25.07,8.122
Rwanda,RWA,1977,25.11,8.138
Rwanda,RWA,1978,24.57,8.157
Rwanda,RWA,1979,23.4,8.13
Rwanda,RWA,1980,21.82,8.115
Rwanda,RWA,1981,20.13,8.102
Rwanda,RWA,1982,18.61,8.064
Rwanda,RWA,1983,17.4,8.001
Rwanda,RWA,1984,16.59,7.913
Rwanda,RWA,1985,16.07,7.786
Rwanda,RWA,1986,15.63,7.612
Rwanda,RWA,1987,15.17,7.426
Rwanda,RWA,1988,14.83,7.234
Rwanda,RWA,1989,14.78,7.029
Rwanda,RWA,1990,15.14,6.803
Rwanda,RWA,1991,16.03,6.622
Rwanda,RWA,1992,17.53,6.539
Rwanda,RWA,1993,19.31,6.479
Rwanda,RWA,1994,38.9,6.415
Rwanda,RWA,1995,21.82,6.345
Rwanda,RWA,1996,22.19,6.289
Rwanda,RWA,1997,22.19,6.235
Rwanda,RWA,1998,21.49,6.171
Rwanda,RWA,1999,20.19,6.059
Rwanda,RWA,2000,18.49,5.967
Rwanda,RWA,2001,16.68,5.893
Rwanda,RWA,2002,14.94,5.816
Rwanda,RWA,2003,13.33,5.737
Rwanda,RWA,2004,11.81,5.64
Rwanda,RWA,2005,10.49,5.5
Rwanda,RWA,2006,9.37,5.335
Rwanda,RWA,2007,8.45,5.141
Rwanda,RWA,2008,7.62,4.922
Rwanda,RWA,2009,6.92,4.707
Rwanda,RWA,2010,6.33,4.522
Rwanda,RWA,2011,5.81,4.332
Rwanda,RWA,2012,5.45,4.201
Rwanda,RWA,2013,5.17,4.136
Rwanda,RWA,2014,4.96,4.117
Rwanda,RWA,2015,4.78,4.108
Rwanda,RWA,2016,4.63,4.106
Rwanda,RWA,2017,4.52,4.084
Rwanda,RWA,2018,4.43,4.047
Rwanda,RWA,2019,4.34,3.985
Rwanda,RWA,2020,4.25,3.913
Rwanda,RWA,2021,4.16,3.841
Rwanda,RWA,2022,4.08,3.778
Rwanda,RWA,2023,4.0,3.698
Saint Barthelemy,BLM,1950,7.30375,3.221
Saint Barthelemy,BLM,1951,7.30375,3.191
Saint Barthelemy,BLM,1952,7.30375,3.161
Saint Barthelemy,BLM,1953,7.30375,3.122
Saint Barthelemy,BLM,1954,7.30375,3.08
Saint Barthelemy,BLM,1955,7.30375,3.044
Saint Barthelemy,BLM,1956,7.30375,3.0
Saint Barthelemy,BLM,1957,7.30375,2.954
Saint Barthelemy,BLM,1958,7.30375,2.907
Saint Barthelemy,BLM,1959,7.30375,2.867
Saint Barthelemy,BLM,1960,7.30375,2.802
Saint Barthelemy,BLM,1961,7.30375,2.745
Saint Barthelemy,BLM,1962,7.30375,2.675
Saint Barthelemy,BLM,1963,7.30375,2.599
Saint Barthelemy,BLM,1964,7.30375,2.523
Saint Barthelemy,BLM,1965,7.30375,2.444
Saint Barthelemy,BLM,1966,7.30375,2.365
Saint Barthelemy,BLM,1967,7.30375,2.288
Saint Barthelemy,BLM,1968,7.30375,2.219
Saint Barthelemy,BLM,1969,7.30375,2.154
Saint Barthelemy,BLM,1970,7.30375,2.089
Saint Barthelemy,BLM,1971,7.30375,2.023
Saint Barthelemy,BLM,1972,7.30375,1.959
Saint Barthelemy,BLM,1973,7.30375,1.895
Saint Barthelemy,BLM,1974,7.30375,1.815
Saint Barthelemy,BLM,1975,7.30375,1.667
Saint Barthelemy,BLM,1976,7.30375,1.51
Saint Barthelemy,BLM,1977,7.30375,1.405
Saint Barthelemy,BLM,1978,7.30375,1.362
Saint Barthelemy,BLM,1979,7.30375,1.374
Saint Barthelemy,BLM,1980,7.30375,1.437
Saint Barthelemy,BLM,1981,7.30375,1.54
Saint Barthelemy,BLM,1982,7.30375,1.63
Saint Barthelemy,BLM,1983,7.30375,1.615
Saint Barthelemy,BLM,1984,7.30375,1.589
Saint Barthelemy,BLM,1985,7.30375,1.564
Saint Barthelemy,BLM,1986,7.30375,1.536
Saint Barthelemy,BLM,1987,7.30375,1.509
Saint Barthelemy,BLM,1988,7.30375,1.472
Saint Barthelemy,BLM,1989,7.30375,1.436
Saint Barthelemy,BLM,1990,7.30375,1.411
Saint Barthelemy,BLM,1991,7.30375,1.395
Saint Barthelemy,BLM,1992,7.30375,1.384
Saint Barthelemy,BLM,1993,7.30375,1.374
Saint Barthelemy,BLM,1994,7.30375,1.372
Saint Barthelemy,BLM,1995,7.30375,1.37
Saint Barthelemy,BLM,1996,7.30375,1.369
Saint Barthelemy,BLM,1997,7.30375,1.373
Saint Barthelemy,BLM,1998,7.30375,1.393
Saint Barthelemy,BLM,1999,7.30375,1.436
Saint Barthelemy,BLM,2000,7.30375,1.491
Saint Barthelemy,BLM,2001,7.30375,1.524
Saint Barthelemy,BLM,2002,7.30375,1.538
Saint Barthelemy,BLM,2003,7.30375,1.524
Saint Barthelemy,BLM,2004,7.30375,1.514
Saint Barthelemy,BLM,2005,7.30375,1.49
Saint Barthelemy,BLM,2006,7.30375,1.45
Saint Barthelemy,BLM,2007,7.30375,1.4
Saint Barthelemy,BLM,2008,7.30375,1.34
Saint Barthelemy,BLM,2009,7.30375,1.288
Saint Barthelemy,BLM,2010,7.30375,1.252
Saint Barthelemy,BLM,2011,7.30375,1.243
Saint Barthelemy,BLM,2012,7.30375,1.245
Saint Barthelemy,BLM,2013,7.30375,1.09
Saint Barthelemy,BLM,2014,7.30375,0.928
Saint Barthelemy,BLM,2015,7.30375,1.052
Saint Barthelemy,BLM,2016,7.30375,0.966
Saint Barthelemy,BLM,2017,7.30375,0.809
Saint Barthelemy,BLM,2018,7.30375,0.706
Saint Barthelemy,BLM,2019,7.30375,0.734
Saint Barthelemy,BLM,2020,7.30375,0.758
Saint Barthelemy,BLM,2021,7.30375,0.777
Saint Barthelemy,BLM,2022,7.30375,0.789
Saint Barthelemy,BLM,2023,7.30375,0.801
Saint Helena,SHN,1950,7.30375,5.621
Saint Helena,SHN,1951,7.30375,5.582
Saint Helena,SHN,1952,7.30375,5.537
Saint Helena,SHN,1953,7.30375,5.49
Saint Helena,SHN,1954,7.30375,5.448
Saint Helena,SHN,1955,7.30375,5.467
Saint Helena,SHN,1956,7.30375,5.436
Saint Helena,SHN,1957,7.30375,5.415
Saint Helena,SHN,1958,7.30375,5.384
Saint Helena,SHN,1959,7.30375,5.347
Saint Helena,SHN,1960,7.30375,5.285
Saint Helena,SHN,1961,7.30375,5.216
Saint Helena,SHN,1962,7.30375,5.141
Saint Helena,SHN,1963,7.30375,5.059
Saint Helena,SHN,1964,7.30375,4.994
Saint Helena,SHN,1965,7.30375,4.964
Saint Helena,SHN,1966,7.30375,4.943
Saint Helena,SHN,1967,7.30375,4.915
Saint Helena,SHN,1968,7.30375,4.863
Saint Helena,SHN,1969,7.30375,4.745
Saint Helena,SHN,1970,7.30375,4.412
Saint Helena,SHN,1971,7.30375,4.001
Saint Helena,SHN,1972,7.30375,3.696
Saint Helena,SHN,1973,7.30375,3.494
Saint Helena,SHN,1974,7.30375,3.38
Saint Helena,SHN,1975,7.30375,3.261
Saint Helena,SHN,1976,7.30375,3.09
Saint Helena,SHN,1977,7.30375,2.954
Saint Helena,SHN,1978,7.30375,2.858
Saint Helena,SHN,1979,7.30375,2.806
Saint Helena,SHN,1980,7.30375,2.791
Saint Helena,SHN,1981,7.30375,2.814
Saint Helena,SHN,1982,7.30375,2.775
Saint Helena,SHN,1983,7.30375,2.67
Saint Helena,SHN,1984,7.30375,2.542
Saint Helena,SHN,1985,7.30375,2.421
Saint Helena,SHN,1986,7.30375,2.351
Saint Helena,SHN,1987,7.30375,2.287
Saint Helena,SHN,1988,7.30375,2.25
Saint Helena,SHN,1989,7.30375,2.209
Saint Helena,SHN,1990,7.30375,2.144
Saint Helena,SHN,1991,7.30375,2.082
Saint Helena,SHN,1992,7.30375,2.023
Saint Helena,SHN,1993,7.30375,1.954
Saint Helena,SHN,1994,7.30375,1.881
Saint Helena,SHN,1995,7.30375,1.829
Saint Helena,SHN,1996,7.30375,1.771
Saint Helena,SHN,1997,7.30375,1.748
Saint Helena,SHN,1998,7.30375,1.724
Saint Helena,SHN,1999,7.30375,1.705
Saint Helena,SHN,2000,7.30375,1.68
Saint Helena,SHN,2001,7.30375,1.647
Saint Helena,SHN,2002,7.30375,1.621
Saint Helena,SHN,2003,7.30375,1.603
Saint Helena,SHN,2004,7.30375,1.59
Saint Helena,SHN,2005,7.30375,1.593
Saint Helena,SHN,2006,7.30375,1.599
Saint Helena,SHN,2007,7.30375,1.607
Saint Helena,SHN,2008,7.30375,1.616
Saint Helena,SHN,2009,7.30375,1.628
Saint Helena,SHN,2010,7.30375,1.652
Saint Helena,SHN,2011,7.30375,1.671
Saint Helena,SHN,2012,7.30375,1.686
Saint Helena,SHN,2013,7.30375,1.692
Saint Helena,SHN,2014,7.30375,1.699
Saint Helena,SHN,2015,7.30375,1.699
Saint Helena,SHN,2016,7.30375,1.697
Saint Helena,SHN,2017,7.30375,1.694
Saint Helena,SHN,2018,7.30375,1.681
Saint Helena,SHN,2019,7.30375,1.668
Saint Helena,SHN,2020,7.30375,1.656
Saint Helena,SHN,2021,7.30375,1.645
Saint Helena,SHN,2022,7.30375,1.637
Saint Helena,SHN,2023,7.30375,1.636
Saint Kitts and Nevis,KNA,1950,6.95,6.379
Saint Kitts and Nevis,KNA,1951,6.95,6.463
Saint Kitts and Nevis,KNA,1952,6.95,6.573
Saint Kitts and Nevis,KNA,1953,6.95,6.695
Saint Kitts and Nevis,KNA,1954,6.95,6.833
Saint Kitts and Nevis,KNA,1955,6.95,6.965
Saint Kitts and Nevis,KNA,1956,6.95,7.09
Saint Kitts and Nevis,KNA,1957,6.95,7.259
Saint Kitts and Nevis,KNA,1958,6.95,7.26
Saint Kitts and Nevis,KNA,1959,6.95,6.949
Saint Kitts and Nevis,KNA,1960,6.95,6.541
Saint Kitts and Nevis,KNA,1961,6.95,6.272
Saint Kitts and Nevis,KNA,1962,6.95,6.061
Saint Kitts and Nevis,KNA,1963,6.95,6.121
Saint Kitts and Nevis,KNA,1964,6.95,6.084
Saint Kitts and Nevis,KNA,1965,6.95,6.008
Saint Kitts and Nevis,KNA,1966,6.95,5.783
Saint Kitts and Nevis,KNA,1967,6.95,5.46
Saint Kitts and Nevis,KNA,1968,6.95,5.165
Saint Kitts and Nevis,KNA,1969,6.95,4.967
Saint Kitts and Nevis,KNA,1970,6.95,4.728
Saint Kitts and Nevis,KNA,1971,6.73,4.506
Saint Kitts and Nevis,KNA,1972,6.51,4.161
Saint Kitts and Nevis,KNA,1973,6.16,3.966
Saint Kitts and Nevis,KNA,1974,6.03,3.806
Saint Kitts and Nevis,KNA,1975,5.91,3.675
Saint Kitts and Nevis,KNA,1976,5.78,3.589
Saint Kitts and Nevis,KNA,1977,5.64,3.478
Saint Kitts and Nevis,KNA,1978,5.48,3.286
Saint Kitts and Nevis,KNA,1979,5.29,3.23
Saint Kitts and Nevis,KNA,1980,5.06,3.261
Saint Kitts and Nevis,KNA,1981,4.81,3.296
Saint Kitts and Nevis,KNA,1982,4.53,3.175
Saint Kitts and Nevis,KNA,1983,4.26,3.098
Saint Kitts and Nevis,KNA,1984,4.0,2.884
Saint Kitts and Nevis,KNA,1985,3.76,2.82
Saint Kitts and Nevis,KNA,1986,3.56,2.683
Saint Kitts and Nevis,KNA,1987,3.39,2.622
Saint Kitts and Nevis,KNA,1988,3.24,2.622
Saint Kitts and Nevis,KNA,1989,3.12,2.689
Saint Kitts and Nevis,KNA,1990,3.03,2.725
Saint Kitts and Nevis,KNA,1991,2.96,2.597
Saint Kitts and Nevis,KNA,1992,2.9,2.433
Saint Kitts and Nevis,KNA,1993,2.85,2.375
Saint Kitts and Nevis,KNA,1994,2.8,2.31
Saint Kitts and Nevis,KNA,1995,2.76,2.304
Saint Kitts and Nevis,KNA,1996,2.7,2.26
Saint Kitts and Nevis,KNA,1997,2.64,2.3
Saint Kitts and Nevis,KNA,1998,2.56,2.31
Saint Kitts and Nevis,KNA,1999,2.48,2.256
Saint Kitts and Nevis,KNA,2000,2.39,2.126
Saint Kitts and Nevis,KNA,2001,2.29,2.082
Saint Kitts and Nevis,KNA,2002,2.2,2.038
Saint Kitts and Nevis,KNA,2003,2.11,2.004
Saint Kitts and Nevis,KNA,2004,2.03,1.964
Saint Kitts and Nevis,KNA,2005,1.97,1.931
Saint Kitts and Nevis,KNA,2006,1.92,1.902
Saint Kitts and Nevis,KNA,2007,1.89,1.871
Saint Kitts and Nevis,KNA,2008,1.88,1.833
Saint Kitts and Nevis,KNA,2009,1.87,1.8
Saint Kitts and Nevis,KNA,2010,1.88,1.762
Saint Kitts and Nevis,KNA,2011,1.89,1.74
Saint Kitts and Nevis,KNA,2012,1.91,1.713
Saint Kitts and Nevis,KNA,2013,1.93,1.682
Saint Kitts and Nevis,KNA,2014,1.95,1.665
Saint Kitts and Nevis,KNA,2015,1.94,1.643
Saint Kitts and Nevis,KNA,2016,1.93,1.633
Saint Kitts and Nevis,KNA,2017,1.9,1.61
Saint Kitts and Nevis,KNA,2018,1.86,1.587
Saint Kitts and Nevis,KNA,2019,1.82,1.568
Saint Kitts and Nevis,KNA,2020,1.77,1.55
Saint Kitts and Nevis,KNA,2021,1.72,1.531
Saint Kitts and Nevis,KNA,2022,1.68,1.512
Saint Kitts and Nevis,KNA,2023,1.63,1.505
Saint Lucia,LCA,1950,17.46,6.42
Saint Lucia,LCA,1951,17.1,6.439
Saint Lucia,LCA,1952,16.74,6.46
Saint Lucia,LCA,1953,16.4,6.091
Saint Lucia,LCA,1954,16.04,6.245
Saint Lucia,LCA,1955,15.67,6.446
Saint Lucia,LCA,1956,15.28,6.598
Saint Lucia,LCA,1957,14.87,6.701
Saint Lucia,LCA,1958,14.42,6.759
Saint Lucia,LCA,1959,13.94,6.779
Saint Lucia,LCA,1960,13.42,6.767
Saint Lucia,LCA,1961,12.85,6.835
Saint Lucia,LCA,1962,12.25,6.818
Saint Lucia,LCA,1963,11.62,6.721
Saint Lucia,LCA,1964,10.96,6.758
Saint Lucia,LCA,1965,10.29,6.688
Saint Lucia,LCA,1966,9.62,6.607
Saint Lucia,LCA,1967,8.96,6.508
Saint Lucia,LCA,1968,8.32,6.387
Saint Lucia,LCA,1969,7.7,6.249
Saint Lucia,LCA,1970,7.1,6.101
Saint Lucia,LCA,1971,6.54,5.953
Saint Lucia,LCA,1972,6.02,5.813
Saint Lucia,LCA,1973,5.53,5.686
Saint Lucia,LCA,1974,5.08,5.571
Saint Lucia,LCA,1975,4.67,5.358
Saint Lucia,LCA,1976,4.3,5.161
Saint Lucia,LCA,1977,3.97,4.966
Saint Lucia,LCA,1978,3.68,4.825
Saint Lucia,LCA,1979,3.42,4.583
Saint Lucia,LCA,1980,3.2,4.412
Saint Lucia,LCA,1981,3.0,4.276
Saint Lucia,LCA,1982,2.83,4.169
Saint Lucia,LCA,1983,2.68,4.082
Saint Lucia,LCA,1984,2.55,4.018
Saint Lucia,LCA,1985,2.44,3.97
Saint Lucia,LCA,1986,2.35,3.801
Saint Lucia,LCA,1987,2.27,3.613
Saint Lucia,LCA,1988,2.2,3.435
Saint Lucia,LCA,1989,2.14,3.314
Saint Lucia,LCA,1990,2.09,3.238
Saint Lucia,LCA,1991,2.05,3.19
Saint Lucia,LCA,1992,2.01,3.11
Saint Lucia,LCA,1993,1.98,2.999
Saint Lucia,LCA,1994,1.95,3.028
Saint Lucia,LCA,1995,1.92,3.026
Saint Lucia,LCA,1996,1.9,2.712
Saint Lucia,LCA,1997,1.88,2.743
Saint Lucia,LCA,1998,1.87,2.403
Saint Lucia,LCA,1999,1.86,2.501
Saint Lucia,LCA,2000,1.85,2.207
Saint Lucia,LCA,2001,1.84,2.125
Saint Lucia,LCA,2002,1.83,2.032
Saint Lucia,LCA,2003,1.83,1.939
Saint Lucia,LCA,2004,1.83,1.863
Saint Lucia,LCA,2005,1.83,1.807
Saint Lucia,LCA,2006,1.82,1.765
Saint Lucia,LCA,2007,1.82,1.7
Saint Lucia,LCA,2008,1.82,1.7
Saint Lucia,LCA,2009,1.81,1.735
Saint Lucia,LCA,2010,1.8,1.673
Saint Lucia,LCA,2011,1.79,1.5
Saint Lucia,LCA,2012,1.78,1.5
Saint Lucia,LCA,2013,1.77,1.5
Saint Lucia,LCA,2014,1.75,1.485
Saint Lucia,LCA,2015,1.74,1.473
Saint Lucia,LCA,2016,1.72,1.461
Saint Lucia,LCA,2017,1.7,1.448
Saint Lucia,LCA,2018,1.67,1.436
Saint Lucia,LCA,2019,1.65,1.424
Saint Lucia,LCA,2020,1.63,1.411
Saint Lucia,LCA,2021,1.6,1.399
Saint Lucia,LCA,2022,1.58,1.387
Saint Lucia,LCA,2023,1.55,1.379
Saint Martin (French part),MAF,1950,7.30375,6.488
Saint Martin (French part),MAF,1951,7.30375,6.481
Saint Martin (French part),MAF,1952,7.30375,6.468
Saint Martin (French part),MAF,1953,7.30375,6.457
Saint Martin (French part),MAF,1954,7.30375,6.451
Saint Martin (French part),MAF,1955,7.30375,6.436
Saint Martin (French part),MAF,1956,7.30375,6.425
Saint Martin (French part),MAF,1957,7.30375,6.416
Saint Martin (French part),MAF,1958,7.30375,6.411
Saint Martin (French part),MAF,1959,7.30375,6.409
Saint Martin (French part),MAF,1960,7.30375,6.389
Saint Martin (French part),MAF,1961,7.30375,6.395
Saint Martin (French part),MAF,1962,7.30375,6.373
Saint Martin (French part),MAF,1963,7.30375,6.36
Saint Martin (French part),MAF,1964,7.30375,6.354
Saint Martin (French part),MAF,1965,7.30375,6.345
Saint Martin (French part),MAF,1966,7.30375,6.323
Saint Martin (French part),MAF,1967,7.30375,6.302
Saint Martin (French part),MAF,1968,7.30375,6.262
Saint Martin (French part),MAF,1969,7.30375,6.186
Saint Martin (French part),MAF,1970,7.30375,6.089
Saint Martin (French part),MAF,1971,7.30375,5.97
Saint Martin (French part),MAF,1972,7.30375,5.839
Saint Martin (French part),MAF,1973,7.30375,5.638
Saint Martin (French part),MAF,1974,7.30375,5.388
Saint Martin (French part),MAF,1975,7.30375,5.1
Saint Martin (French part),MAF,1976,7.30375,4.839
Saint Martin (French part),MAF,1977,7.30375,4.576
Saint Martin (French part),MAF,1978,7.30375,4.319
Saint Martin (French part),MAF,1979,7.30375,4.111
Saint Martin (French part),MAF,1980,7.30375,3.884
Saint Martin (French part),MAF,1981,7.30375,3.64
Saint Martin (French part),MAF,1982,7.30375,3.362
Saint Martin (French part),MAF,1983,7.30375,3.149
Saint Martin (French part),MAF,1984,7.30375,3.033
Saint Martin (French part),MAF,1985,7.30375,2.952
Saint Martin (French part),MAF,1986,7.30375,2.895
Saint Martin (French part),MAF,1987,7.30375,2.855
Saint Martin (French part),MAF,1988,7.30375,2.824
Saint Martin (French part),MAF,1989,7.30375,2.788
Saint Martin (French part),MAF,1990,7.30375,2.745
Saint Martin (French part),MAF,1991,7.30375,2.708
Saint Martin (French part),MAF,1992,7.30375,2.68
Saint Martin (French part),MAF,1993,7.30375,2.665
Saint Martin (French part),MAF,1994,7.30375,2.669
Saint Martin (French part),MAF,1995,7.30375,2.688
Saint Martin (French part),MAF,1996,7.30375,2.71
Saint Martin (French part),MAF,1997,7.30375,2.746
Saint Martin (French part),MAF,1998,7.30375,2.795
Saint Martin (French part),MAF,1999,7.30375,2.839
Saint Martin (French part),MAF,2000,7.30375,2.876
Saint Martin (French part),MAF,2001,7.30375,2.897
Saint Martin (French part),MAF,2002,7.30375,2.896
Saint Martin (French part),MAF,2003,7.30375,2.872
Saint Martin (French part),MAF,2004,7.30375,2.827
Saint Martin (French part),MAF,2005,7.30375,2.779
Saint Martin (French part),MAF,2006,7.30375,2.711
Saint Martin (French part),MAF,2007,7.30375,2.633
Saint Martin (French part),MAF,2008,7.30375,2.55
Saint Martin (French part),MAF,2009,7.30375,2.464
Saint Martin (French part),MAF,2010,7.30375,2.4
Saint Martin (French part),MAF,2011,7.30375,2.424
Saint Martin (French part),MAF,2012,7.30375,2.773
Saint Martin (French part),MAF,2013,7.30375,2.719
Saint Martin (French part),MAF,2014,7.30375,2.707
Saint Martin (French part),MAF,2015,7.30375,2.665
Saint Martin (French part),MAF,2016,7.30375,2.643
Saint Martin (French part),MAF,2017,7.30375,2.657
Saint Martin (French part),MAF,2018,7.30375,2.725
Saint Martin (French part),MAF,2019,7.30375,2.791
Saint Martin (French part),MAF,2020,7.30375,2.829
Saint Martin (French part),MAF,2021,7.30375,2.804
Saint Martin (French part),MAF,2022,7.30375,2.763
Saint Martin (French part),MAF,2023,7.30375,2.718
Saint Pierre and Miquelon,SPM,1950,7.30375,3.857
Saint Pierre and Miquelon,SPM,1951,7.30375,3.84
Saint Pierre and Miquelon,SPM,1952,7.30375,3.75
Saint Pierre and Miquelon,SPM,1953,7.30375,4.122
Saint Pierre and Miquelon,SPM,1954,7.30375,4.498
Saint Pierre and Miquelon,SPM,1955,7.30375,4.894
Saint Pierre and Miquelon,SPM,1956,7.30375,5.419
Saint Pierre and Miquelon,SPM,1957,7.30375,5.988
Saint Pierre and Miquelon,SPM,1958,7.30375,5.778
Saint Pierre and Miquelon,SPM,1959,7.30375,3.823
Saint Pierre and Miquelon,SPM,1960,7.30375,4.602
Saint Pierre and Miquelon,SPM,1961,7.30375,4.539
Saint Pierre and Miquelon,SPM,1962,7.30375,4.254
Saint Pierre and Miquelon,SPM,1963,7.30375,3.536
Saint Pierre and Miquelon,SPM,1964,7.30375,3.609
Saint Pierre and Miquelon,SPM,1965,7.30375,4.711
Saint Pierre and Miquelon,SPM,1966,7.30375,4.506
Saint Pierre and Miquelon,SPM,1967,7.30375,3.432
Saint Pierre and Miquelon,SPM,1968,7.30375,3.22
Saint Pierre and Miquelon,SPM,1969,7.30375,3.208
Saint Pierre and Miquelon,SPM,1970,7.30375,3.259
Saint Pierre and Miquelon,SPM,1971,7.30375,3.218
Saint Pierre and Miquelon,SPM,1972,7.30375,3.115
Saint Pierre and Miquelon,SPM,1973,7.30375,2.952
Saint Pierre and Miquelon,SPM,1974,7.30375,2.751
Saint Pierre and Miquelon,SPM,1975,7.30375,2.454
Saint Pierre and Miquelon,SPM,1976,7.30375,2.173
Saint Pierre and Miquelon,SPM,1977,7.30375,2.074
Saint Pierre and Miquelon,SPM,1978,7.30375,2.124
Saint Pierre and Miquelon,SPM,1979,7.30375,2.181
Saint Pierre and Miquelon,SPM,1980,7.30375,2.242
Saint Pierre and Miquelon,SPM,1981,7.30375,2.294
Saint Pierre and Miquelon,SPM,1982,7.30375,2.335
Saint Pierre and Miquelon,SPM,1983,7.30375,2.366
Saint Pierre and Miquelon,SPM,1984,7.30375,2.381
Saint Pierre and Miquelon,SPM,1985,7.30375,2.382
Saint Pierre and Miquelon,SPM,1986,7.30375,2.358
Saint Pierre and Miquelon,SPM,1987,7.30375,2.313
Saint Pierre and Miquelon,SPM,1988,7.30375,2.29
Saint Pierre and Miquelon,SPM,1989,7.30375,2.256
Saint Pierre and Miquelon,SPM,1990,7.30375,2.226
Saint Pierre and Miquelon,SPM,1991,7.30375,2.204
Saint Pierre and Miquelon,SPM,1992,7.30375,2.18
Saint Pierre and Miquelon,SPM,1993,7.30375,2.152
Saint Pierre and Miquelon,SPM,1994,7.30375,2.119
Saint Pierre and Miquelon,SPM,1995,7.30375,2.088
Saint Pierre and Miquelon,SPM,1996,7.30375,2.057
Saint Pierre and Miquelon,SPM,1997,7.30375,2.032
Saint Pierre and Miquelon,SPM,1998,7.30375,2.009
Saint Pierre and Miquelon,SPM,1999,7.30375,1.996
Saint Pierre and Miquelon,SPM,2000,7.30375,1.982
Saint Pierre and Miquelon,SPM,2001,7.30375,1.966
Saint Pierre and Miquelon,SPM,2002,7.30375,1.957
Saint Pierre and Miquelon,SPM,2003,7.30375,1.952
Saint Pierre and Miquelon,SPM,2004,7.30375,1.949
Saint Pierre and Miquelon,SPM,2005,7.30375,1.945
Saint Pierre and Miquelon,SPM,2006,7.30375,1.951
Saint Pierre and Miquelon,SPM,2007,7.30375,1.962
Saint Pierre and Miquelon,SPM,2008,7.30375,1.971
Saint Pierre and Miquelon,SPM,2009,7.30375,1.978
Saint Pierre and Miquelon,SPM,2010,7.30375,1.956
Saint Pierre and Miquelon,SPM,2011,7.30375,1.834
Saint Pierre and Miquelon,SPM,2012,7.30375,1.675
Saint Pierre and Miquelon,SPM,2013,7.30375,1.622
Saint Pierre and Miquelon,SPM,2014,7.30375,1.543
Saint Pierre and Miquelon,SPM,2015,7.30375,1.519
Saint Pierre and Miquelon,SPM,2016,7.30375,1.505
Saint Pierre and Miquelon,SPM,2017,7.30375,1.49
Saint Pierre and Miquelon,SPM,2018,7.30375,1.456
Saint Pierre and Miquelon,SPM,2019,7.30375,1.358
Saint Pierre and Miquelon,SPM,2020,7.30375,1.319
Saint Pierre and Miquelon,SPM,2021,7.30375,1.295
Saint Pierre and Miquelon,SPM,2022,7.30375,1.275
Saint Pierre and Miquelon,SPM,2023,7.30375,1.267
Saint Vincent and the Grenadines,VCT,1950,6.03,7.285
Saint Vincent and the Grenadines,VCT,1951,6.03,7.295
Saint Vincent and the Grenadines,VCT,1952,6.03,7.31
Saint Vincent and the Grenadines,VCT,1953,6.03,7.321
Saint Vincent and the Grenadines,VCT,1954,6.03,7.337
Saint Vincent and the Grenadines,VCT,1955,6.03,7.359
Saint Vincent and the Grenadines,VCT,1956,6.03,7.34
Saint Vincent and the Grenadines,VCT,1957,6.03,7.323
Saint Vincent and the Grenadines,VCT,1958,6.03,7.304
Saint Vincent and the Grenadines,VCT,1959,6.03,7.284
Saint Vincent and the Grenadines,VCT,1960,6.03,7.247
Saint Vincent and the Grenadines,VCT,1961,6.03,7.157
Saint Vincent and the Grenadines,VCT,1962,6.03,7.033
Saint Vincent and the Grenadines,VCT,1963,6.03,6.921
Saint Vincent and the Grenadines,VCT,1964,6.03,6.828
Saint Vincent and the Grenadines,VCT,1965,6.03,6.735
Saint Vincent and the Grenadines,VCT,1966,6.03,6.639
Saint Vincent and the Grenadines,VCT,1967,6.03,6.533
Saint Vincent and the Grenadines,VCT,1968,6.03,6.416
Saint Vincent and the Grenadines,VCT,1969,6.03,6.275
Saint Vincent and the Grenadines,VCT,1970,6.42,6.116
Saint Vincent and the Grenadines,VCT,1971,6.82,5.946
Saint Vincent and the Grenadines,VCT,1972,7.2,5.774
Saint Vincent and the Grenadines,VCT,1973,7.52,5.587
Saint Vincent and the Grenadines,VCT,1974,7.71,5.379
Saint Vincent and the Grenadines,VCT,1975,7.7,5.165
Saint Vincent and the Grenadines,VCT,1976,7.45,4.949
Saint Vincent and the Grenadines,VCT,1977,7.03,4.748
Saint Vincent and the Grenadines,VCT,1978,6.49,4.554
Saint Vincent and the Grenadines,VCT,1979,5.91,4.291
Saint Vincent and the Grenadines,VCT,1980,5.34,3.923
Saint Vincent and the Grenadines,VCT,1981,4.82,3.845
Saint Vincent and the Grenadines,VCT,1982,4.34,3.743
Saint Vincent and the Grenadines,VCT,1983,3.91,3.561
Saint Vincent and the Grenadines,VCT,1984,3.54,3.283
Saint Vincent and the Grenadines,VCT,1985,3.22,3.081
Saint Vincent and the Grenadines,VCT,1986,2.96,2.924
Saint Vincent and the Grenadines,VCT,1987,2.75,2.819
Saint Vincent and the Grenadines,VCT,1988,2.59,2.753
Saint Vincent and the Grenadines,VCT,1989,2.47,2.73
Saint Vincent and the Grenadines,VCT,1990,2.38,2.731
Saint Vincent and the Grenadines,VCT,1991,2.31,2.747
Saint Vincent and the Grenadines,VCT,1992,2.26,2.759
Saint Vincent and the Grenadines,VCT,1993,2.24,2.737
Saint Vincent and the Grenadines,VCT,1994,2.23,2.678
Saint Vincent and the Grenadines,VCT,1995,2.23,2.609
Saint Vincent and the Grenadines,VCT,1996,2.23,2.526
Saint Vincent and the Grenadines,VCT,1997,2.24,2.433
Saint Vincent and the Grenadines,VCT,1998,2.25,2.345
Saint Vincent and the Grenadines,VCT,1999,2.25,2.307
Saint Vincent and the Grenadines,VCT,2000,2.25,2.306
Saint Vincent and the Grenadines,VCT,2001,2.25,2.3
Saint Vincent and the Grenadines,VCT,2002,2.24,2.218
Saint Vincent and the Grenadines,VCT,2003,2.25,2.142
Saint Vincent and the Grenadines,VCT,2004,2.25,2.087
Saint Vincent and the Grenadines,VCT,2005,2.26,2.068
Saint Vincent and the Grenadines,VCT,2006,2.26,2.033
Saint Vincent and the Grenadines,VCT,2007,2.25,2.063
Saint Vincent and the Grenadines,VCT,2008,2.23,2.15
Saint Vincent and the Grenadines,VCT,2009,2.19,2.174
Saint Vincent and the Grenadines,VCT,2010,2.14,2.144
Saint Vincent and the Grenadines,VCT,2011,2.06,2.076
Saint Vincent and the Grenadines,VCT,2012,1.98,2.113
Saint Vincent and the Grenadines,VCT,2013,1.88,2.106
Saint Vincent and the Grenadines,VCT,2014,1.79,2.141
Saint Vincent and the Grenadines,VCT,2015,1.69,2.133
Saint Vincent and the Grenadines,VCT,2016,1.59,2.055
Saint Vincent and the Grenadines,VCT,2017,1.49,1.94
Saint Vincent and the Grenadines,VCT,2018,1.39,1.9
Saint Vincent and the Grenadines,VCT,2019,1.31,1.864
Saint Vincent and the Grenadines,VCT,2020,1.23,1.83
Saint Vincent and the Grenadines,VCT,2021,1.17,1.808
Saint Vincent and the Grenadines,VCT,2022,1.11,1.791
Saint Vincent and the Grenadines,VCT,2023,1.06,1.775
Samoa,WSM,1940,19.3,7.553
Samoa,WSM,1941,18.9,7.553
Samoa,WSM,1942,18.52,7.553
Samoa,WSM,1943,18.14,7.553
Samoa,WSM,1944,17.78,7.553
Samoa,WSM,1945,17.42,7.553
Samoa,WSM,1946,17.05,7.553
Samoa,WSM,1947,16.69,7.553
Samoa,WSM,1948,16.31,7.553
Samoa,WSM,1949,15.92,7.553
Samoa,WSM,1950,15.5,7.553
Samoa,WSM,1951,15.05,7.599
Samoa,WSM,1952,14.6,7.632
Samoa,WSM,1953,14.12,7.658
Samoa,WSM,1954,13.63,7.687
Samoa,WSM,1955,13.14,7.711
Samoa,WSM,1956,12.64,7.734
Samoa,WSM,1957,12.14,7.756
Samoa,WSM,1958,11.66,7.771
Samoa,WSM,1959,11.19,7.787
Samoa,WSM,1960,10.74,7.779
Samoa,WSM,1961,10.32,7.771
Samoa,WSM,1962,9.93,7.759
Samoa,WSM,1963,9.56,7.729
Samoa,WSM,1964,11.1,7.703
Samoa,WSM,1965,8.9,7.653
Samoa,WSM,1966,8.57,7.596
Samoa,WSM,1967,8.23,7.551
Samoa,WSM,1968,7.89,7.499
Samoa,WSM,1969,7.53,7.432
Samoa,WSM,1970,7.19,7.338
Samoa,WSM,1971,6.85,7.224
Samoa,WSM,1972,6.52,7.07
Samoa,WSM,1973,6.2,6.908
Samoa,WSM,1974,5.9,6.747
Samoa,WSM,1975,5.62,6.606
Samoa,WSM,1976,5.34,6.473
Samoa,WSM,1977,5.07,6.313
Samoa,WSM,1978,4.82,6.146
Samoa,WSM,1979,4.59,5.991
Samoa,WSM,1980,4.38,5.861
Samoa,WSM,1981,4.19,5.749
Samoa,WSM,1982,4.01,5.677
Samoa,WSM,1983,3.85,5.617
Samoa,WSM,1984,3.7,5.553
Samoa,WSM,1985,3.56,5.489
Samoa,WSM,1986,3.42,5.421
Samoa,WSM,1987,3.3,5.316
Samoa,WSM,1988,3.18,5.207
Samoa,WSM,1989,3.08,5.107
Samoa,WSM,1990,2.98,5.007
Samoa,WSM,1991,2.89,4.912
Samoa,WSM,1992,2.8,4.865
Samoa,WSM,1993,2.7,4.826
Samoa,WSM,1994,2.61,4.792
Samoa,WSM,1995,2.52,4.767
Samoa,WSM,1996,2.44,4.739
Samoa,WSM,1997,2.35,4.695
Samoa,WSM,1998,2.27,4.645
Samoa,WSM,1999,2.19,4.572
Samoa,WSM,2000,2.12,4.523
Samoa,WSM,2001,2.06,4.477
Samoa,WSM,2002,2.0,4.444
Samoa,WSM,2003,1.97,4.392
Samoa,WSM,2004,1.94,4.343
Samoa,WSM,2005,1.93,4.322
Samoa,WSM,2006,1.93,4.322
Samoa,WSM,2007,1.93,4.358
Samoa,WSM,2008,1.93,4.417
Samoa,WSM,2009,2.54,4.466
Samoa,WSM,2010,1.93,4.52
Samoa,WSM,2011,1.92,4.56
Samoa,WSM,2012,1.91,4.545
Samoa,WSM,2013,1.89,4.491
Samoa,WSM,2014,1.87,4.423
Samoa,WSM,2015,1.85,4.344
Samoa,WSM,2016,1.83,4.262
Samoa,WSM,2017,1.81,4.196
Samoa,WSM,2018,1.78,4.136
Samoa,WSM,2019,2.02,4.061
Samoa,WSM,2020,1.7,4.002
Samoa,WSM,2021,1.66,3.94
Samoa,WSM,2022,1.62,3.883
Samoa,WSM,2023,1.57,3.829
San Marino,SMR,1950,1.99,2.821
San Marino,SMR,1951,1.99,2.715
San Marino,SMR,1952,1.99,2.646
San Marino,SMR,1953,1.99,2.589
San Marino,SMR,1954,1.99,2.541
San Marino,SMR,1955,1.99,2.507
San Marino,SMR,1956,1.99,2.472
San Marino,SMR,1957,1.99,2.436
San Marino,SMR,1958,1.99,2.402
San Marino,SMR,1959,1.99,2.385
San Marino,SMR,1960,1.99,2.428
San Marino,SMR,1961,1.99,2.684
San Marino,SMR,1962,1.99,2.434
San Marino,SMR,1963,1.99,2.401
San Marino,SMR,1964,1.99,2.368
San Marino,SMR,1965,1.99,2.334
San Marino,SMR,1966,1.99,2.326
San Marino,SMR,1967,1.99,2.305
San Marino,SMR,1968,1.99,2.299
San Marino,SMR,1969,1.99,2.312
San Marino,SMR,1970,1.99,2.316
San Marino,SMR,1971,1.99,2.326
San Marino,SMR,1972,1.99,2.286
San Marino,SMR,1973,1.99,2.227
San Marino,SMR,1974,1.99,2.134
San Marino,SMR,1975,1.99,2.053
San Marino,SMR,1976,1.99,1.947
San Marino,SMR,1977,1.99,1.868
San Marino,SMR,1978,1.99,1.771
San Marino,SMR,1979,1.99,1.634
San Marino,SMR,1980,1.99,1.525
San Marino,SMR,1981,1.99,1.412
San Marino,SMR,1982,1.99,1.304
San Marino,SMR,1983,1.99,1.248
San Marino,SMR,1984,1.99,1.198
San Marino,SMR,1985,1.99,1.17
San Marino,SMR,1986,1.82,1.147
San Marino,SMR,1987,1.66,1.135
San Marino,SMR,1988,1.52,1.14
San Marino,SMR,1989,1.39,1.145
San Marino,SMR,1990,1.27,1.162
San Marino,SMR,1991,1.16,1.167
San Marino,SMR,1992,1.06,1.15
San Marino,SMR,1993,0.97,1.123
San Marino,SMR,1994,0.89,1.138
San Marino,SMR,1995,0.81,1.166
San Marino,SMR,1996,0.75,1.212
San Marino,SMR,1997,0.69,1.243
San Marino,SMR,1998,0.63,1.263
San Marino,SMR,1999,0.58,1.288
San Marino,SMR,2000,0.54,1.404
San Marino,SMR,2001,0.5,1.519
San Marino,SMR,2002,0.46,1.432
San Marino,SMR,2003,0.42,1.296
San Marino,SMR,2004,0.39,1.298
San Marino,SMR,2005,0.37,1.198
San Marino,SMR,2006,0.34,1.242
San Marino,SMR,2007,0.32,1.257
San Marino,SMR,2008,0.3,1.521
San Marino,SMR,2009,0.28,1.358
San Marino,SMR,2010,0.27,1.459
San Marino,SMR,2011,0.25,1.456
San Marino,SMR,2012,0.24,1.289
San Marino,SMR,2013,0.23,1.483
San Marino,SMR,2014,0.21,1.259
San Marino,SMR,2015,0.2,1.196
San Marino,SMR,2016,0.19,1.127
San Marino,SMR,2017,0.18,1.054
San Marino,SMR,2018,0.17,1.077
San Marino,SMR,2019,0.17,1.096
San Marino,SMR,2020,0.16,1.113
San Marino,SMR,2021,0.15,1.125
San Marino,SMR,2022,0.15,1.136
San Marino,SMR,2023,0.14,1.149
Sao Tome and Principe,STP,1950,9.56,6.227
Sao Tome and Principe,STP,1951,9.56,6.218
Sao Tome and Principe,STP,1952,9.56,6.202
Sao Tome and Principe,STP,1953,9.56,6.191
Sao Tome and Principe,STP,1954,9.56,6.185
Sao Tome and Principe,STP,1955,9.56,6.184
Sao Tome and Principe,STP,1956,9.56,6.187
Sao Tome and Principe,STP,1957,9.56,6.195
Sao Tome and Principe,STP,1958,9.56,6.208
Sao Tome and Principe,STP,1959,9.56,6.223
Sao Tome and Principe,STP,1960,9.56,6.242
Sao Tome and Principe,STP,1961,9.56,6.263
Sao Tome and Principe,STP,1962,9.56,6.284
Sao Tome and Principe,STP,1963,9.56,6.306
Sao Tome and Principe,STP,1964,9.56,6.327
Sao Tome and Principe,STP,1965,9.56,6.349
Sao Tome and Principe,STP,1966,9.29,6.371
Sao Tome and Principe,STP,1967,9.04,6.394
Sao Tome and Principe,STP,1968,8.85,6.419
Sao Tome and Principe,STP,1969,8.71,6.444
Sao Tome and Principe,STP,1970,8.64,6.468
Sao Tome and Principe,STP,1971,8.63,6.49
Sao Tome and Principe,STP,1972,8.67,6.51
Sao Tome and Principe,STP,1973,8.73,6.525
Sao Tome and Principe,STP,1974,8.79,6.534
Sao Tome and Principe,STP,1975,8.85,6.534
Sao Tome and Principe,STP,1976,8.89,6.524
Sao Tome and Principe,STP,1977,8.93,6.504
Sao Tome and Principe,STP,1978,8.96,6.473
Sao Tome and Principe,STP,1979,9.02,6.434
Sao Tome and Principe,STP,1980,9.1,6.386
Sao Tome and Principe,STP,1981,9.21,6.333
Sao Tome and Principe,STP,1982,9.37,6.276
Sao Tome and Principe,STP,1983,9.56,6.217
Sao Tome and Principe,STP,1984,9.77,6.158
Sao Tome and Principe,STP,1985,9.99,6.101
Sao Tome and Principe,STP,1986,11.38,6.046
Sao Tome and Principe,STP,1987,10.4,5.992
Sao Tome and Principe,STP,1988,10.56,5.938
Sao Tome and Principe,STP,1989,10.7,5.884
Sao Tome and Principe,STP,1990,10.81,5.828
Sao Tome and Principe,STP,1991,10.88,5.769
Sao Tome and Principe,STP,1992,10.89,5.704
Sao Tome and Principe,STP,1993,10.82,5.635
Sao Tome and Principe,STP,1994,10.68,5.562
Sao Tome and Principe,STP,1995,10.44,5.554
Sao Tome and Principe,STP,1996,10.13,5.474
Sao Tome and Principe,STP,1997,9.73,5.396
Sao Tome and Principe,STP,1998,9.26,5.304
Sao Tome and Principe,STP,1999,8.76,5.228
Sao Tome and Principe,STP,2000,8.21,5.157
Sao Tome and Principe,STP,2001,7.66,5.097
Sao Tome and Principe,STP,2002,7.1,5.062
Sao Tome and Principe,STP,2003,6.57,5.013
Sao Tome and Principe,STP,2004,6.05,4.962
Sao Tome and Principe,STP,2005,5.56,4.939
Sao Tome and Principe,STP,2006,5.11,4.933
Sao Tome and Principe,STP,2007,4.68,4.957
Sao Tome and Principe,STP,2008,4.3,4.906
Sao Tome and Principe,STP,2009,3.95,4.838
Sao Tome and Principe,STP,2010,3.63,4.769
Sao Tome and Principe,STP,2011,3.33,4.718
Sao Tome and Principe,STP,2012,3.04,4.664
Sao Tome and Principe,STP,2013,2.77,4.584
Sao Tome and Principe,STP,2014,2.54,4.485
Sao Tome and Principe,STP,2015,2.31,4.354
Sao Tome and Principe,STP,2016,2.11,4.203
Sao Tome and Principe,STP,2017,1.95,4.069
Sao Tome and Principe,STP,2018,1.81,3.977
Sao Tome and Principe,STP,2019,1.7,3.9
Sao Tome and Principe,STP,2020,1.6,3.827
Sao Tome and Principe,STP,2021,1.53,3.759
Sao Tome and Principe,STP,2022,1.46,3.695
Sao Tome and Principe,STP,2023,1.39,3.644
Saudi Arabia,SAU,1950,24.25,7.577
Saudi Arabia,SAU,1951,24.25,7.575
Saudi Arabia,SAU,1952,24.25,7.576
Saudi Arabia,SAU,1953,24.25,7.588
Saudi Arabia,SAU,1954,24.25,7.587
Saudi Arabia,SAU,1955,24.25,7.592
Saudi Arabia,SAU,1956,24.25,7.587
Saudi Arabia,SAU,1957,24.25,7.595
Saudi Arabia,SAU,1958,24.25,7.603
Saudi Arabia,SAU,1959,24.25,7.616
Saudi Arabia,SAU,1960,24.25,7.626
Saudi Arabia,SAU,1961,23.653,7.634
Saudi Arabia,SAU,1962,23.056,7.636
Saudi Arabia,SAU,1963,22.459,7.654
Saudi Arabia,SAU,1964,21.862000000000002,7.672
Saudi Arabia,SAU,1965,21.265,7.658
Saudi Arabia,SAU,1966,20.668,7.655
Saudi Arabia,SAU,1967,20.071,7.658
Saudi Arabia,SAU,1968,19.474,7.627
Saudi Arabia,SAU,1969,18.877000000000002,7.597
Saudi Arabia,SAU,1970,18.28,7.583
Saudi Arabia,SAU,1971,17.12,7.556
Saudi Arabia,SAU,1972,15.96,7.539
Saudi Arabia,SAU,1973,14.93,7.484
Saudi Arabia,SAU,1974,13.98,7.426
Saudi Arabia,SAU,1975,13.07,7.37
Saudi Arabia,SAU,1976,12.23,7.33
Saudi Arabia,SAU,1977,11.44,7.295
Saudi Arabia,SAU,1978,10.69,7.263
Saudi Arabia,SAU,1979,9.99,7.227
Saudi Arabia,SAU,1980,9.34,7.145
Saudi Arabia,SAU,1981,8.71,7.067
Saudi Arabia,SAU,1982,8.12,6.979
Saudi Arabia,SAU,1983,7.56,6.875
Saudi Arabia,SAU,1984,7.04,6.776
Saudi Arabia,SAU,1985,6.55,6.649
Saudi Arabia,SAU,1986,6.07,6.517
Saudi Arabia,SAU,1987,5.62,6.343
Saudi Arabia,SAU,1988,5.19,6.15
Saudi Arabia,SAU,1989,4.8,5.975
Saudi Arabia,SAU,1990,4.44,5.804
Saudi Arabia,SAU,1991,4.11,5.644
Saudi Arabia,SAU,1992,3.81,5.489
Saudi Arabia,SAU,1993,3.54,5.326
Saudi Arabia,SAU,1994,3.29,5.161
Saudi Arabia,SAU,1995,3.06,4.986
Saudi Arabia,SAU,1996,2.86,4.812
Saudi Arabia,SAU,1997,2.67,4.656
Saudi Arabia,SAU,1998,2.5,4.524
Saudi Arabia,SAU,1999,2.35,4.354
Saudi Arabia,SAU,2000,2.21,4.206
Saudi Arabia,SAU,2001,2.08,3.964
Saudi Arabia,SAU,2002,1.96,3.709
Saudi Arabia,SAU,2003,1.85,3.465
Saudi Arabia,SAU,2004,1.75,3.264
Saudi Arabia,SAU,2005,1.65,3.161
Saudi Arabia,SAU,2006,1.56,3.176
Saudi Arabia,SAU,2007,1.47,3.185
Saudi Arabia,SAU,2008,1.38,3.074
Saudi Arabia,SAU,2009,1.3,2.95
Saudi Arabia,SAU,2010,1.22,2.81
Saudi Arabia,SAU,2011,1.15,2.8
Saudi Arabia,SAU,2012,1.08,2.78
Saudi Arabia,SAU,2013,1.02,2.67
Saudi Arabia,SAU,2014,0.96,2.68
Saudi Arabia,SAU,2015,0.9,2.63
Saudi Arabia,SAU,2016,0.85,2.65
Saudi Arabia,SAU,2017,0.8,2.67
Saudi Arabia,SAU,2018,0.76,2.67
Saudi Arabia,SAU,2019,0.72,2.49
Saudi Arabia,SAU,2020,0.69,2.27
Saudi Arabia,SAU,2021,0.66,2.17
Saudi Arabia,SAU,2022,0.64,2.14
Saudi Arabia,SAU,2023,0.62,2.28
Scotland,,1945,7.30375,2.423
Scotland,,1946,7.30375,2.846
Scotland,,1947,7.30375,2.97
Scotland,,1948,7.30375,2.605
Scotland,,1949,7.30375,2.496
Senegal,SEN,1944,37.53,6.787
Senegal,SEN,1945,36.9,6.787
Senegal,SEN,1946,36.23,6.787
Senegal,SEN,1947,35.56,6.787
Senegal,SEN,1948,34.89,6.787
Senegal,SEN,1949,34.26,6.787
Senegal,SEN,1950,33.63,6.787
Senegal,SEN,1951,32.99,6.788
Senegal,SEN,1952,32.39,6.792
Senegal,SEN,1953,31.78,6.801
Senegal,SEN,1954,31.23,6.815
Senegal,SEN,1955,30.7,6.834
Senegal,SEN,1956,30.27,6.858
Senegal,SEN,1957,29.91,6.887
Senegal,SEN,1958,29.63,6.92
Senegal,SEN,1959,29.44,6.957
Senegal,SEN,1960,29.34,6.996
Senegal,SEN,1961,29.37,7.038
Senegal,SEN,1962,29.45,7.079
Senegal,SEN,1963,29.56,7.12
Senegal,SEN,1964,29.65,7.157
Senegal,SEN,1965,29.7,7.19
Senegal,SEN,1966,29.67,7.217
Senegal,SEN,1967,29.57,7.237
Senegal,SEN,1968,29.39,7.251
Senegal,SEN,1969,29.16,7.259
Senegal,SEN,1970,28.82,7.262
Senegal,SEN,1971,28.36,7.261
Senegal,SEN,1972,27.76,7.258
Senegal,SEN,1973,27.04,7.255
Senegal,SEN,1974,26.22,7.252
Senegal,SEN,1975,25.27,7.252
Senegal,SEN,1976,24.21,7.258
Senegal,SEN,1977,23.11,7.268
Senegal,SEN,1978,22.08,7.279
Senegal,SEN,1979,21.16,7.29
Senegal,SEN,1980,20.37,7.292
Senegal,SEN,1981,19.72,7.279
Senegal,SEN,1982,19.14,7.245
Senegal,SEN,1983,18.54,7.189
Senegal,SEN,1984,17.87,7.111
Senegal,SEN,1985,17.11,7.013
Senegal,SEN,1986,16.26,6.902
Senegal,SEN,1987,15.42,6.785
Senegal,SEN,1988,14.68,6.577
Senegal,SEN,1989,14.12,6.479
Senegal,SEN,1990,13.74,6.396
Senegal,SEN,1991,13.55,6.267
Senegal,SEN,1992,13.5,6.149
Senegal,SEN,1993,13.55,6.049
Senegal,SEN,1994,13.65,5.915
Senegal,SEN,1995,13.76,5.819
Senegal,SEN,1996,13.84,5.723
Senegal,SEN,1997,13.85,5.639
Senegal,SEN,1998,13.73,5.581
Senegal,SEN,1999,13.43,5.573
Senegal,SEN,2000,12.93,5.498
Senegal,SEN,2001,12.21,5.397
Senegal,SEN,2002,11.35,5.301
Senegal,SEN,2003,10.45,5.246
Senegal,SEN,2004,9.59,5.192
Senegal,SEN,2005,8.8,5.133
Senegal,SEN,2006,8.11,5.064
Senegal,SEN,2007,7.52,5.018
Senegal,SEN,2008,7.03,5.024
Senegal,SEN,2009,6.63,5.025
Senegal,SEN,2010,6.3,5.055
Senegal,SEN,2011,6.01,5.099
Senegal,SEN,2012,5.77,5.129
Senegal,SEN,2013,5.57,5.049
Senegal,SEN,2014,5.39,4.884
Senegal,SEN,2015,5.24,4.751
Senegal,SEN,2016,5.11,4.648
Senegal,SEN,2017,4.97,4.489
Senegal,SEN,2018,4.82,4.294
Senegal,SEN,2019,4.65,4.1
Senegal,SEN,2020,4.46,4.003
Senegal,SEN,2021,4.25,3.936
Senegal,SEN,2022,4.04,3.864
Senegal,SEN,2023,3.85,3.818
Serbia,SRB,1888,22.41,2.928
Serbia,SRB,1889,25.15,2.928
Serbia,SRB,1890,23.33,2.928
Serbia,SRB,1891,27.16,2.928
Serbia,SRB,1892,31.88,2.928
Serbia,SRB,1893,28.44,2.928
Serbia,SRB,1894,26.52,2.928
Serbia,SRB,1895,25.67,2.928
Serbia,SRB,1896,27.16,2.928
Serbia,SRB,1897,27.16,2.928
Serbia,SRB,1898,26.19,2.928
Serbia,SRB,1899,24.61,2.928
Serbia,SRB,1900,24.25,2.928
Serbia,SRB,1901,23.33,2.928
Serbia,SRB,1902,24.43,2.928
Serbia,SRB,1903,24.43,2.928
Serbia,SRB,1904,21.47,2.928
Serbia,SRB,1905,26.52,2.928
Serbia,SRB,1906,22.96,2.928
Serbia,SRB,1907,23.7,2.928
Serbia,SRB,1908,25.67,2.928
Serbia,SRB,1909,29.42,2.928
Serbia,SRB,1910,22.22,2.928
Serbia,SRB,1950,21.703823529411764,2.928
Serbia,SRB,1951,21.18764705882353,2.822
Serbia,SRB,1952,20.671470588235294,2.736
Serbia,SRB,1953,20.15529411764706,2.643
Serbia,SRB,1954,19.63911764705882,2.548
Serbia,SRB,1955,19.122941176470587,2.451
Serbia,SRB,1956,18.60676470588235,2.361
Serbia,SRB,1957,18.090588235294117,2.281
Serbia,SRB,1958,17.574411764705882,2.225
Serbia,SRB,1959,17.058235294117647,2.183
Serbia,SRB,1960,16.54205882352941,2.155
Serbia,SRB,1961,16.025882352941174,2.133
Serbia,SRB,1962,15.509705882352941,2.109
Serbia,SRB,1963,14.993529411764705,2.084
Serbia,SRB,1964,14.47735294117647,2.067
Serbia,SRB,1965,13.961176470588235,2.057
Serbia,SRB,1966,13.445,2.041
Serbia,SRB,1967,12.928823529411765,2.02
Serbia,SRB,1968,12.412647058823529,2.005
Serbia,SRB,1969,11.896470588235294,1.986
Serbia,SRB,1970,11.38029411764706,1.973
Serbia,SRB,1971,10.864117647058823,1.96
Serbia,SRB,1972,10.347941176470588,1.952
Serbia,SRB,1973,9.831764705882353,1.94
Serbia,SRB,1974,9.315588235294118,1.93
Serbia,SRB,1975,8.799411764705884,1.923
Serbia,SRB,1976,8.283235294117647,1.913
Serbia,SRB,1977,7.767058823529412,1.901
Serbia,SRB,1978,7.2508823529411774,1.889
Serbia,SRB,1979,6.734705882352941,1.875
Serbia,SRB,1980,6.218529411764706,1.863
Serbia,SRB,1981,5.702352941176471,1.852
Serbia,SRB,1982,5.1861764705882365,1.842
Serbia,SRB,1983,4.67,1.832
Serbia,SRB,1984,4.07,1.814
Serbia,SRB,1985,3.93,1.8
Serbia,SRB,1986,3.78,1.778
Serbia,SRB,1987,3.59,1.749
Serbia,SRB,1988,3.36,1.72
Serbia,SRB,1989,3.1,1.685
Serbia,SRB,1990,2.85,1.649
Serbia,SRB,1991,2.61,1.612
Serbia,SRB,1992,2.43,1.573
Serbia,SRB,1993,2.29,1.544
Serbia,SRB,1994,2.14,1.505
Serbia,SRB,1995,1.95,1.468
Serbia,SRB,1996,1.74,1.436
Serbia,SRB,1997,1.56,1.398
Serbia,SRB,1998,1.42,1.37
Serbia,SRB,1999,1.32,1.354
Serbia,SRB,2000,1.26,1.353
Serbia,SRB,2001,1.2,1.355
Serbia,SRB,2002,1.14,1.363
Serbia,SRB,2003,1.05,1.37
Serbia,SRB,2004,0.97,1.361
Serbia,SRB,2005,0.9,1.336
Serbia,SRB,2006,0.85,1.319
Serbia,SRB,2007,0.82,1.316
Serbia,SRB,2008,0.79,1.331
Serbia,SRB,2009,0.78,1.362
Serbia,SRB,2010,0.76,1.399
Serbia,SRB,2011,0.73,1.404
Serbia,SRB,2012,0.71,1.444
Serbia,SRB,2013,0.68,1.431
Serbia,SRB,2014,0.66,1.46
Serbia,SRB,2015,0.63,1.46
Serbia,SRB,2016,0.61,1.462
Serbia,SRB,2017,0.59,1.483
Serbia,SRB,2018,0.58,1.487
Serbia,SRB,2019,0.57,1.513
Serbia,SRB,2020,0.55,1.485
Serbia,SRB,2021,0.54,1.517
Serbia,SRB,2022,0.53,1.519
Serbia,SRB,2023,0.52,1.5
Seychelles,SYC,1943,11.96,4.81
Seychelles,SYC,1944,11.93,4.81
Seychelles,SYC,1945,11.91,4.81
Seychelles,SYC,1946,11.87,4.81
Seychelles,SYC,1947,11.83,4.81
Seychelles,SYC,1948,11.8,4.81
Seychelles,SYC,1949,11.73,4.81
Seychelles,SYC,1950,11.64,4.81
Seychelles,SYC,1951,11.56,4.837
Seychelles,SYC,1952,11.45,4.881
Seychelles,SYC,1953,11.33,4.929
Seychelles,SYC,1954,11.21,5.019
Seychelles,SYC,1955,11.08,5.108
Seychelles,SYC,1956,10.96,5.162
Seychelles,SYC,1957,10.83,5.203
Seychelles,SYC,1958,10.71,5.251
Seychelles,SYC,1959,10.58,5.302
Seychelles,SYC,1960,10.46,5.313
Seychelles,SYC,1961,10.32,5.422
Seychelles,SYC,1962,10.17,5.513
Seychelles,SYC,1963,10.0,5.606
Seychelles,SYC,1964,9.8,5.694
Seychelles,SYC,1965,9.55,5.716
Seychelles,SYC,1966,9.26,6.126
Seychelles,SYC,1967,8.92,5.895
Seychelles,SYC,1968,8.52,5.614
Seychelles,SYC,1969,8.07,5.479
Seychelles,SYC,1970,7.58,5.307
Seychelles,SYC,1971,7.09,5.689
Seychelles,SYC,1972,6.59,5.155
Seychelles,SYC,1973,6.09,4.784
Seychelles,SYC,1974,5.59,5.099
Seychelles,SYC,1975,5.09,4.752
Seychelles,SYC,1976,4.6,4.086
Seychelles,SYC,1977,4.14,3.754
Seychelles,SYC,1978,3.72,3.919
Seychelles,SYC,1979,3.34,3.66
Seychelles,SYC,1980,3.01,3.79
Seychelles,SYC,1981,2.74,3.665
Seychelles,SYC,1982,2.51,3.131
Seychelles,SYC,1983,2.32,3.218
Seychelles,SYC,1984,2.16,3.24
Seychelles,SYC,1985,2.04,3.091
Seychelles,SYC,1986,1.93,3.074
Seychelles,SYC,1987,1.84,2.922
Seychelles,SYC,1988,1.76,2.789
Seychelles,SYC,1989,1.69,2.671
Seychelles,SYC,1990,1.63,2.607
Seychelles,SYC,1991,1.58,2.692
Seychelles,SYC,1992,1.53,2.526
Seychelles,SYC,1993,1.49,2.582
Seychelles,SYC,1994,1.46,2.597
Seychelles,SYC,1995,1.43,2.361
Seychelles,SYC,1996,1.41,2.311
Seychelles,SYC,1997,1.4,2.137
Seychelles,SYC,1998,1.39,2.037
Seychelles,SYC,1999,1.38,2.045
Seychelles,SYC,2000,1.38,2.066
Seychelles,SYC,2001,1.37,1.983
Seychelles,SYC,2002,1.37,2.027
Seychelles,SYC,2003,1.37,2.046
Seychelles,SYC,2004,1.38,2.036
Seychelles,SYC,2005,1.38,2.182
Seychelles,SYC,2006,1.38,2.103
Seychelles,SYC,2007,1.39,2.225
Seychelles,SYC,2008,1.39,2.319
Seychelles,SYC,2009,1.4,2.371
Seychelles,SYC,2010,1.41,2.2
Seychelles,SYC,2011,1.42,2.367
Seychelles,SYC,2012,1.43,2.407
Seychelles,SYC,2013,1.44,2.182
Seychelles,SYC,2014,1.45,2.161
Seychelles,SYC,2015,1.45,2.217
Seychelles,SYC,2016,1.46,2.295
Seychelles,SYC,2017,1.47,2.313
Seychelles,SYC,2018,1.48,2.291
Seychelles,SYC,2019,1.48,2.262
Seychelles,SYC,2020,1.48,2.227
Seychelles,SYC,2021,1.47,2.199
Seychelles,SYC,2022,1.45,2.166
Seychelles,SYC,2023,1.43,2.133
Sierra Leone,SLE,1950,41.32,6.09
Sierra Leone,SLE,1951,41.32,6.069
Sierra Leone,SLE,1952,41.32,6.034
Sierra Leone,SLE,1953,41.32,6.003
Sierra Leone,SLE,1954,41.32,6.048
Sierra Leone,SLE,1955,41.32,6.073
Sierra Leone,SLE,1956,41.32,6.1
Sierra Leone,SLE,1957,40.77,6.115
Sierra Leone,SLE,1958,40.21,6.129
Sierra Leone,SLE,1959,39.65,6.146
Sierra Leone,SLE,1960,39.09,6.175
Sierra Leone,SLE,1961,38.52,6.205
Sierra Leone,SLE,1962,37.95,6.222
Sierra Leone,SLE,1963,37.39,6.261
Sierra Leone,SLE,1964,36.81,6.294
Sierra Leone,SLE,1965,36.22,6.311
Sierra Leone,SLE,1966,35.63,6.345
Sierra Leone,SLE,1967,35.04,6.383
Sierra Leone,SLE,1968,34.46,6.385
Sierra Leone,SLE,1969,33.92,6.393
Sierra Leone,SLE,1970,33.38,6.411
Sierra Leone,SLE,1971,32.85,6.429
Sierra Leone,SLE,1972,32.34,6.447
Sierra Leone,SLE,1973,31.85,6.473
Sierra Leone,SLE,1974,31.37,6.534
Sierra Leone,SLE,1975,30.91,6.546
Sierra Leone,SLE,1976,30.46,6.553
Sierra Leone,SLE,1977,30.03,6.568
Sierra Leone,SLE,1978,29.63,6.591
Sierra Leone,SLE,1979,29.23,6.582
Sierra Leone,SLE,1980,28.86,6.562
Sierra Leone,SLE,1981,28.48,6.554
Sierra Leone,SLE,1982,28.13,6.563
Sierra Leone,SLE,1983,27.8,6.573
Sierra Leone,SLE,1984,27.48,6.592
Sierra Leone,SLE,1985,27.18,6.592
Sierra Leone,SLE,1986,26.9,6.597
Sierra Leone,SLE,1987,26.64,6.609
Sierra Leone,SLE,1988,26.37,6.588
Sierra Leone,SLE,1989,26.15,6.571
Sierra Leone,SLE,1990,25.93,6.567
Sierra Leone,SLE,1991,25.71,6.553
Sierra Leone,SLE,1992,25.48,6.555
Sierra Leone,SLE,1993,25.25,6.569
Sierra Leone,SLE,1994,24.97,6.557
Sierra Leone,SLE,1995,24.65,6.555
Sierra Leone,SLE,1996,24.28,6.552
Sierra Leone,SLE,1997,23.86,6.531
Sierra Leone,SLE,1998,23.39,6.495
Sierra Leone,SLE,1999,22.9,6.423
Sierra Leone,SLE,2000,22.37,6.355
Sierra Leone,SLE,2001,21.82,6.305
Sierra Leone,SLE,2002,21.26,6.23
Sierra Leone,SLE,2003,20.67,6.087
Sierra Leone,SLE,2004,20.06,5.919
Sierra Leone,SLE,2005,19.43,5.807
Sierra Leone,SLE,2006,18.77,5.737
Sierra Leone,SLE,2007,18.06,5.643
Sierra Leone,SLE,2008,17.33,5.563
Sierra Leone,SLE,2009,16.6,5.448
Sierra Leone,SLE,2010,15.87,5.327
Sierra Leone,SLE,2011,15.17,5.209
Sierra Leone,SLE,2012,14.5,5.064
Sierra Leone,SLE,2013,13.88,4.873
Sierra Leone,SLE,2014,13.68,4.703
Sierra Leone,SLE,2015,13.76,4.548
Sierra Leone,SLE,2016,12.27,4.466
Sierra Leone,SLE,2017,11.79,4.389
Sierra Leone,SLE,2018,11.34,4.294
Sierra Leone,SLE,2019,10.91,4.192
Sierra Leone,SLE,2020,10.51,4.08
Sierra Leone,SLE,2021,10.14,3.978
Sierra Leone,SLE,2022,9.77,3.876
Sierra Leone,SLE,2023,9.43,3.791
Singapore,SGP,1930,34.8,6.225
Singapore,SGP,1931,32.2,6.225
Singapore,SGP,1932,28.77,6.225
Singapore,SGP,1933,27.32,6.225
Singapore,SGP,1934,27.47,6.225
Singapore,SGP,1935,25.85,6.225
Singapore,SGP,1936,27.94,6.225
Singapore,SGP,1937,25.15,6.225
Singapore,SGP,1938,25.85,6.225
Singapore,SGP,1939,20.72,6.225
Singapore,SGP,1940,22.96,6.225
Singapore,SGP,1943,31.55,6.225
Singapore,SGP,1944,46.28,6.225
Singapore,SGP,1945,35.12,6.225
Singapore,SGP,1946,13.12,6.225
Singapore,SGP,1947,12.59,6.225
Singapore,SGP,1948,11.54,6.225
Singapore,SGP,1949,10.02,6.225
Singapore,SGP,1950,11.72,6.225
Singapore,SGP,1951,10.52,6.253
Singapore,SGP,1952,9.69,6.286
Singapore,SGP,1953,8.48,6.321
Singapore,SGP,1954,7.82,6.346
Singapore,SGP,1955,7.19,6.375
Singapore,SGP,1956,6.64,6.444
Singapore,SGP,1957,6.16,6.404
Singapore,SGP,1958,5.68,6.316
Singapore,SGP,1959,5.21,6.121
Singapore,SGP,1960,4.76,5.765
Singapore,SGP,1961,4.37,5.418
Singapore,SGP,1962,4.05,5.216
Singapore,SGP,1963,3.81,5.159
Singapore,SGP,1964,3.64,4.971
Singapore,SGP,1965,3.5,4.667
Singapore,SGP,1966,3.34,4.452
Singapore,SGP,1967,3.18,3.914
Singapore,SGP,1968,3.01,3.528
Singapore,SGP,1969,2.86,3.222
Singapore,SGP,1970,2.71,3.068
Singapore,SGP,1971,2.56,3.02
Singapore,SGP,1972,2.39,3.031
Singapore,SGP,1973,2.18,2.782
Singapore,SGP,1974,1.95,2.351
Singapore,SGP,1975,1.75,2.08
Singapore,SGP,1976,1.62,2.09
Singapore,SGP,1977,1.54,1.826
Singapore,SGP,1978,1.51,1.787
Singapore,SGP,1979,1.49,1.789
Singapore,SGP,1980,1.46,1.739
Singapore,SGP,1981,1.4,1.711
Singapore,SGP,1982,1.32,1.672
Singapore,SGP,1983,1.23,1.54
Singapore,SGP,1984,1.16,1.54
Singapore,SGP,1985,1.09,1.533
Singapore,SGP,1986,1.03,1.347
Singapore,SGP,1987,0.97,1.487
Singapore,SGP,1988,0.91,1.75
Singapore,SGP,1989,0.84,1.527
Singapore,SGP,1990,0.77,1.583
Singapore,SGP,1991,0.7,1.495
Singapore,SGP,1992,0.63,1.485
Singapore,SGP,1993,0.58,1.498
Singapore,SGP,1994,0.54,1.471
Singapore,SGP,1995,0.51,1.443
Singapore,SGP,1996,0.48,1.424
Singapore,SGP,1997,0.46,1.372
Singapore,SGP,1998,0.44,1.261
Singapore,SGP,1999,0.41,1.239
Singapore,SGP,2000,0.38,1.342
Singapore,SGP,2001,0.36,1.186
Singapore,SGP,2002,0.34,1.172
Singapore,SGP,2003,0.32,1.081
Singapore,SGP,2004,0.31,1.071
Singapore,SGP,2005,0.3,1.072
Singapore,SGP,2006,0.29,1.068
Singapore,SGP,2007,0.29,1.069
Singapore,SGP,2008,0.28,1.044
Singapore,SGP,2009,0.28,1.002
Singapore,SGP,2010,0.28,0.934
Singapore,SGP,2011,0.28,0.964
Singapore,SGP,2012,0.28,1.027
Singapore,SGP,2013,0.28,0.949
Singapore,SGP,2014,0.27,1.003
Singapore,SGP,2015,0.27,0.977
Singapore,SGP,2016,0.27,0.943
Singapore,SGP,2017,0.26,0.936
Singapore,SGP,2018,0.25,0.948
Singapore,SGP,2019,0.24,0.942
Singapore,SGP,2020,0.23,0.942
Singapore,SGP,2021,0.22,0.944
Singapore,SGP,2022,0.22,0.943
Singapore,SGP,2023,0.21,0.943
Sint Maarten (Dutch part),SXM,1950,7.30375,5.256
Sint Maarten (Dutch part),SXM,1951,7.30375,5.216
Sint Maarten (Dutch part),SXM,1952,7.30375,5.173
Sint Maarten (Dutch part),SXM,1953,7.30375,5.133
Sint Maarten (Dutch part),SXM,1954,7.30375,5.081
Sint Maarten (Dutch part),SXM,1955,7.30375,5.037
Sint Maarten (Dutch part),SXM,1956,7.30375,4.995
Sint Maarten (Dutch part),SXM,1957,7.30375,4.963
Sint Maarten (Dutch part),SXM,1958,7.30375,4.909
Sint Maarten (Dutch part),SXM,1959,7.30375,4.845
Sint Maarten (Dutch part),SXM,1960,7.30375,4.767
Sint Maarten (Dutch part),SXM,1961,7.30375,4.678
Sint Maarten (Dutch part),SXM,1962,7.30375,4.572
Sint Maarten (Dutch part),SXM,1963,7.30375,4.467
Sint Maarten (Dutch part),SXM,1964,7.30375,4.354
Sint Maarten (Dutch part),SXM,1965,7.30375,4.233
Sint Maarten (Dutch part),SXM,1966,7.30375,4.084
Sint Maarten (Dutch part),SXM,1967,7.30375,3.941
Sint Maarten (Dutch part),SXM,1968,7.30375,3.784
Sint Maarten (Dutch part),SXM,1969,7.30375,3.634
Sint Maarten (Dutch part),SXM,1970,7.30375,3.48
Sint Maarten (Dutch part),SXM,1971,7.30375,3.346
Sint Maarten (Dutch part),SXM,1972,7.30375,3.234
Sint Maarten (Dutch part),SXM,1973,7.30375,3.111
Sint Maarten (Dutch part),SXM,1974,7.30375,3.009
Sint Maarten (Dutch part),SXM,1975,7.30375,2.921
Sint Maarten (Dutch part),SXM,1976,7.30375,2.833
Sint Maarten (Dutch part),SXM,1977,7.30375,2.752
Sint Maarten (Dutch part),SXM,1978,7.30375,2.683
Sint Maarten (Dutch part),SXM,1979,7.30375,2.629
Sint Maarten (Dutch part),SXM,1980,7.30375,2.593
Sint Maarten (Dutch part),SXM,1981,7.30375,2.546
Sint Maarten (Dutch part),SXM,1982,7.30375,2.486
Sint Maarten (Dutch part),SXM,1983,7.30375,2.398
Sint Maarten (Dutch part),SXM,1984,7.30375,2.289
Sint Maarten (Dutch part),SXM,1985,7.30375,2.181
Sint Maarten (Dutch part),SXM,1986,7.30375,2.102
Sint Maarten (Dutch part),SXM,1987,7.30375,2.031
Sint Maarten (Dutch part),SXM,1988,7.30375,1.962
Sint Maarten (Dutch part),SXM,1989,7.30375,1.902
Sint Maarten (Dutch part),SXM,1990,7.30375,1.848
Sint Maarten (Dutch part),SXM,1991,7.30375,1.847
Sint Maarten (Dutch part),SXM,1992,7.30375,1.882
Sint Maarten (Dutch part),SXM,1993,7.30375,1.942
Sint Maarten (Dutch part),SXM,1994,7.30375,2.054
Sint Maarten (Dutch part),SXM,1995,7.30375,2.143
Sint Maarten (Dutch part),SXM,1996,7.30375,2.184
Sint Maarten (Dutch part),SXM,1997,7.30375,2.173
Sint Maarten (Dutch part),SXM,1998,7.30375,2.142
Sint Maarten (Dutch part),SXM,1999,7.30375,2.066
Sint Maarten (Dutch part),SXM,2000,7.30375,1.982
Sint Maarten (Dutch part),SXM,2001,7.30375,1.892
Sint Maarten (Dutch part),SXM,2002,7.30375,1.809
Sint Maarten (Dutch part),SXM,2003,7.30375,1.742
Sint Maarten (Dutch part),SXM,2004,7.30375,1.702
Sint Maarten (Dutch part),SXM,2005,7.30375,1.708
Sint Maarten (Dutch part),SXM,2006,7.30375,1.758
Sint Maarten (Dutch part),SXM,2007,7.30375,1.572
Sint Maarten (Dutch part),SXM,2008,7.30375,1.728
Sint Maarten (Dutch part),SXM,2009,7.30375,1.713
Sint Maarten (Dutch part),SXM,2010,7.30375,1.848
Sint Maarten (Dutch part),SXM,2011,7.30375,1.99
Sint Maarten (Dutch part),SXM,2012,7.30375,1.959
Sint Maarten (Dutch part),SXM,2013,7.30375,1.894
Sint Maarten (Dutch part),SXM,2014,7.30375,1.817
Sint Maarten (Dutch part),SXM,2015,7.30375,1.732
Sint Maarten (Dutch part),SXM,2016,7.30375,1.642
Sint Maarten (Dutch part),SXM,2017,7.30375,1.571
Sint Maarten (Dutch part),SXM,2018,7.30375,1.522
Sint Maarten (Dutch part),SXM,2019,7.30375,1.481
Sint Maarten (Dutch part),SXM,2020,7.30375,1.467
Sint Maarten (Dutch part),SXM,2021,7.30375,1.456
Sint Maarten (Dutch part),SXM,2022,7.30375,1.453
Sint Maarten (Dutch part),SXM,2023,7.30375,1.447
Slovakia,SVK,1950,11.82,3.608
Slovakia,SVK,1951,10.16,3.596
Slovakia,SVK,1952,8.75,3.565
Slovakia,SVK,1953,7.57,3.468
Slovakia,SVK,1954,6.59,3.414
Slovakia,SVK,1955,5.81,3.444
Slovakia,SVK,1956,5.18,3.432
Slovakia,SVK,1957,4.67,3.346
Slovakia,SVK,1958,4.26,3.188
Slovakia,SVK,1959,3.93,3.005
Slovakia,SVK,1960,3.67,3.024
Slovakia,SVK,1961,3.47,2.958
Slovakia,SVK,1962,3.32,2.833
Slovakia,SVK,1963,3.21,2.915
Slovakia,SVK,1964,3.14,2.888
Slovakia,SVK,1965,3.08,2.782
Slovakia,SVK,1966,3.05,2.661
Slovakia,SVK,1967,3.02,2.487
Slovakia,SVK,1968,3.0,2.394
Slovakia,SVK,1969,2.97,2.435
Slovakia,SVK,1970,2.95,2.415
Slovakia,SVK,1971,2.92,2.425
Slovakia,SVK,1972,2.89,2.483
Slovakia,SVK,1973,2.84,2.557
Slovakia,SVK,1974,2.78,2.606
Slovakia,SVK,1975,2.72,2.544
Slovakia,SVK,1976,2.64,2.538
Slovakia,SVK,1977,2.55,2.486
Slovakia,SVK,1978,2.46,2.471
Slovakia,SVK,1979,2.36,2.447
Slovakia,SVK,1980,2.27,2.323
Slovakia,SVK,1981,2.17,2.283
Slovakia,SVK,1982,2.08,2.277
Slovakia,SVK,1983,1.99,2.279
Slovakia,SVK,1984,1.91,2.258
Slovakia,SVK,1985,1.82,2.251
Slovakia,SVK,1986,1.73,2.193
Slovakia,SVK,1987,1.65,2.137
Slovakia,SVK,1988,1.59,2.131
Slovakia,SVK,1989,1.53,2.067
Slovakia,SVK,1990,1.47,2.076
Slovakia,SVK,1991,1.42,2.034
Slovakia,SVK,1992,1.37,1.925
Slovakia,SVK,1993,1.31,1.859
Slovakia,SVK,1994,1.25,1.666
Slovakia,SVK,1995,1.2,1.523
Slovakia,SVK,1996,1.14,1.469
Slovakia,SVK,1997,1.09,1.428
Slovakia,SVK,1998,1.05,1.376
Slovakia,SVK,1999,1.0,1.331
Slovakia,SVK,2000,0.96,1.293
Slovakia,SVK,2001,0.93,1.202
Slovakia,SVK,2002,0.91,1.185
Slovakia,SVK,2003,0.88,1.204
Slovakia,SVK,2004,0.86,1.246
Slovakia,SVK,2005,0.83,1.262
Slovakia,SVK,2006,0.8,1.254
Slovakia,SVK,2007,0.77,1.27
Slovakia,SVK,2008,0.74,1.342
Slovakia,SVK,2009,0.71,1.433
Slovakia,SVK,2010,0.69,1.43
Slovakia,SVK,2011,0.67,1.445
Slovakia,SVK,2012,0.66,1.394
Slovakia,SVK,2013,0.64,1.396
Slovakia,SVK,2014,0.63,1.422
Slovakia,SVK,2015,0.62,1.403
Slovakia,SVK,2016,0.61,1.478
Slovakia,SVK,2017,0.6,1.521
Slovakia,SVK,2018,0.6,1.545
Slovakia,SVK,2019,0.59,1.566
Slovakia,SVK,2020,0.59,1.591
Slovakia,SVK,2021,0.6,1.631
Slovakia,SVK,2022,0.6,1.56
Slovakia,SVK,2023,0.61,1.56
Slovenia,SVN,1950,4.69,2.992
Slovenia,SVN,1951,4.69,2.828
Slovenia,SVN,1952,4.69,2.766
Slovenia,SVN,1953,4.69,2.764
Slovenia,SVN,1954,4.69,2.599
Slovenia,SVN,1955,4.69,2.589
Slovenia,SVN,1956,4.69,2.516
Slovenia,SVN,1957,4.69,2.383
Slovenia,SVN,1958,4.69,2.227
Slovenia,SVN,1959,4.69,2.224
Slovenia,SVN,1960,4.69,2.186
Slovenia,SVN,1961,4.527,2.268
Slovenia,SVN,1962,4.364000000000001,2.278
Slovenia,SVN,1963,4.2010000000000005,2.302
Slovenia,SVN,1964,4.038,2.323
Slovenia,SVN,1965,3.875,2.445
Slovenia,SVN,1966,3.712,2.475
Slovenia,SVN,1967,3.5490000000000004,2.379
Slovenia,SVN,1968,3.386,2.259
Slovenia,SVN,1969,3.223,2.177
Slovenia,SVN,1970,3.06,2.114
Slovenia,SVN,1971,2.947,2.158
Slovenia,SVN,1972,2.834,2.166
Slovenia,SVN,1973,2.721,2.201
Slovenia,SVN,1974,2.608,2.116
Slovenia,SVN,1975,2.495,2.172
Slovenia,SVN,1976,2.3819999999999997,2.199
Slovenia,SVN,1977,2.269,2.166
Slovenia,SVN,1978,2.1559999999999997,2.195
Slovenia,SVN,1979,2.043,2.21
Slovenia,SVN,1980,1.93,2.105
Slovenia,SVN,1981,1.78,1.96
Slovenia,SVN,1982,1.69,1.928
Slovenia,SVN,1983,1.61,1.812
Slovenia,SVN,1984,1.53,1.747
Slovenia,SVN,1985,1.44,1.719
Slovenia,SVN,1986,1.36,1.672
Slovenia,SVN,1987,1.27,1.652
Slovenia,SVN,1988,1.19,1.63
Slovenia,SVN,1989,1.11,1.525
Slovenia,SVN,1990,1.04,1.462
Slovenia,SVN,1991,0.97,1.422
Slovenia,SVN,1992,0.9,1.334
Slovenia,SVN,1993,0.84,1.329
Slovenia,SVN,1994,0.79,1.315
Slovenia,SVN,1995,0.73,1.288
Slovenia,SVN,1996,0.69,1.279
Slovenia,SVN,1997,0.65,1.247
Slovenia,SVN,1998,0.61,1.231
Slovenia,SVN,1999,0.58,1.212
Slovenia,SVN,2000,0.54,1.253
Slovenia,SVN,2001,0.52,1.208
Slovenia,SVN,2002,0.49,1.21
Slovenia,SVN,2003,0.47,1.203
Slovenia,SVN,2004,0.44,1.248
Slovenia,SVN,2005,0.42,1.263
Slovenia,SVN,2006,0.4,1.317
Slovenia,SVN,2007,0.38,1.386
Slovenia,SVN,2008,0.36,1.529
Slovenia,SVN,2009,0.34,1.538
Slovenia,SVN,2010,0.32,1.579
Slovenia,SVN,2011,0.31,1.57
Slovenia,SVN,2012,0.29,1.587
Slovenia,SVN,2013,0.28,1.553
Slovenia,SVN,2014,0.27,1.581
Slovenia,SVN,2015,0.26,1.576
Slovenia,SVN,2016,0.26,1.587
Slovenia,SVN,2017,0.25,1.622
Slovenia,SVN,2018,0.24,1.606
Slovenia,SVN,2019,0.24,1.611
Slovenia,SVN,2020,0.24,1.594
Slovenia,SVN,2021,0.23,1.64
Slovenia,SVN,2022,0.23,1.568
Slovenia,SVN,2023,0.22,1.576
Solomon Islands,SLB,1943,28.09,7.15
Solomon Islands,SLB,1944,27.32,7.15
Solomon Islands,SLB,1945,26.57,7.15
Solomon Islands,SLB,1946,25.85,7.15
Solomon Islands,SLB,1947,25.15,7.15
Solomon Islands,SLB,1948,24.47,7.15
Solomon Islands,SLB,1949,23.81,7.15
Solomon Islands,SLB,1950,23.15,7.15
Solomon Islands,SLB,1951,22.51,7.15
Solomon Islands,SLB,1952,21.87,7.159
Solomon Islands,SLB,1953,21.23,7.139
Solomon Islands,SLB,1954,20.61,7.132
Solomon Islands,SLB,1955,19.96,7.115
Solomon Islands,SLB,1956,19.32,7.1
Solomon Islands,SLB,1957,18.67,7.082
Solomon Islands,SLB,1958,18.0,7.08
Solomon Islands,SLB,1959,17.35,7.068
Solomon Islands,SLB,1960,16.7,7.065
Solomon Islands,SLB,1961,16.01,7.052
Solomon Islands,SLB,1962,15.35,7.042
Solomon Islands,SLB,1963,14.67,7.034
Solomon Islands,SLB,1964,14.0,7.047
Solomon Islands,SLB,1965,13.34,7.017
Solomon Islands,SLB,1966,12.67,6.997
Solomon Islands,SLB,1967,11.99,6.974
Solomon Islands,SLB,1968,11.3,6.948
Solomon Islands,SLB,1969,10.61,6.974
Solomon Islands,SLB,1970,9.94,6.983
Solomon Islands,SLB,1971,9.29,6.985
Solomon Islands,SLB,1972,8.69,6.992
Solomon Islands,SLB,1973,8.12,7.001
Solomon Islands,SLB,1974,7.6,7.01
Solomon Islands,SLB,1975,7.9,6.988
Solomon Islands,SLB,1976,6.68,6.954
Solomon Islands,SLB,1977,6.29,6.915
Solomon Islands,SLB,1978,5.95,6.871
Solomon Islands,SLB,1979,5.64,6.822
Solomon Islands,SLB,1980,5.38,6.768
Solomon Islands,SLB,1981,5.14,6.709
Solomon Islands,SLB,1982,4.93,6.64
Solomon Islands,SLB,1983,4.74,6.569
Solomon Islands,SLB,1984,4.58,6.489
Solomon Islands,SLB,1985,4.42,6.375
Solomon Islands,SLB,1986,4.28,6.259
Solomon Islands,SLB,1987,4.16,6.115
Solomon Islands,SLB,1988,4.04,5.99
Solomon Islands,SLB,1989,3.93,5.867
Solomon Islands,SLB,1990,3.82,5.74
Solomon Islands,SLB,1991,3.72,5.62
Solomon Islands,SLB,1992,3.62,5.509
Solomon Islands,SLB,1993,3.52,5.453
Solomon Islands,SLB,1994,3.43,5.398
Solomon Islands,SLB,1995,3.35,5.335
Solomon Islands,SLB,1996,3.27,5.221
Solomon Islands,SLB,1997,3.21,5.093
Solomon Islands,SLB,1998,3.16,4.977
Solomon Islands,SLB,1999,3.11,4.861
Solomon Islands,SLB,2000,3.07,4.757
Solomon Islands,SLB,2001,3.03,4.673
Solomon Islands,SLB,2002,2.99,4.602
Solomon Islands,SLB,2003,2.97,4.539
Solomon Islands,SLB,2004,2.94,4.466
Solomon Islands,SLB,2005,2.91,4.411
Solomon Islands,SLB,2006,2.88,4.39
Solomon Islands,SLB,2007,2.85,4.372
Solomon Islands,SLB,2008,2.81,4.358
Solomon Islands,SLB,2009,2.76,4.349
Solomon Islands,SLB,2010,2.72,4.341
Solomon Islands,SLB,2011,2.67,4.335
Solomon Islands,SLB,2012,2.62,4.332
Solomon Islands,SLB,2013,2.58,4.325
Solomon Islands,SLB,2014,2.53,4.36
Solomon Islands,SLB,2015,2.49,4.291
Solomon Islands,SLB,2016,2.45,4.2
Solomon Islands,SLB,2017,2.41,4.06
Solomon Islands,SLB,2018,2.36,3.93
Solomon Islands,SLB,2019,2.3,3.8
Solomon Islands,SLB,2020,2.24,3.749
Solomon Islands,SLB,2021,2.18,3.694
Solomon Islands,SLB,2022,2.12,3.62
Solomon Islands,SLB,2023,2.06,3.557
Somalia,SOM,1950,20.12,7.248
Somalia,SOM,1951,20.12,7.249
Somalia,SOM,1952,20.12,7.25
Somalia,SOM,1953,20.12,7.251
Somalia,SOM,1954,20.12,7.251
Somalia,SOM,1955,20.12,7.251
Somalia,SOM,1956,20.12,7.25
Somalia,SOM,1957,20.12,7.25
Somalia,SOM,1958,20.12,7.25
Somalia,SOM,1959,20.12,7.25
Somalia,SOM,1960,20.12,7.25
Somalia,SOM,1961,20.12,7.252
Somalia,SOM,1962,20.12,7.255
Somalia,SOM,1963,20.12,7.258
Somalia,SOM,1964,20.12,7.261
Somalia,SOM,1965,20.12,7.261
Somalia,SOM,1966,20.12,7.257
Somalia,SOM,1967,20.12,7.248
Somalia,SOM,1968,20.12,7.231
Somalia,SOM,1969,20.12,7.209
Somalia,SOM,1970,20.12,7.182
Somalia,SOM,1971,20.12,7.151
Somalia,SOM,1972,20.12,7.118
Somalia,SOM,1973,20.12,7.086
Somalia,SOM,1974,20.12,7.057
Somalia,SOM,1975,20.12,7.033
Somalia,SOM,1976,20.12,7.016
Somalia,SOM,1977,20.12,7.004
Somalia,SOM,1978,20.12,7.13
Somalia,SOM,1979,20.12,7.161
Somalia,SOM,1980,20.12,7.178
Somalia,SOM,1981,20.12,7.227
Somalia,SOM,1982,20.12,7.252
Somalia,SOM,1983,19.81,7.277
Somalia,SOM,1984,19.49,7.3
Somalia,SOM,1985,19.25,7.327
Somalia,SOM,1986,19.02,7.349
Somalia,SOM,1987,18.82,7.373
Somalia,SOM,1988,18.6,7.398
Somalia,SOM,1989,18.33,7.424
Somalia,SOM,1990,18.0,7.44
Somalia,SOM,1991,44.29,7.47
Somalia,SOM,1992,45.6,7.5
Somalia,SOM,1993,17.26,7.526
Somalia,SOM,1994,17.23,7.544
Somalia,SOM,1995,17.23,7.581
Somalia,SOM,1996,17.23,7.621
Somalia,SOM,1997,17.23,7.662
Somalia,SOM,1998,17.23,7.656
Somalia,SOM,1999,17.23,7.657
Somalia,SOM,2000,17.23,7.645
Somalia,SOM,2001,17.23,7.636
Somalia,SOM,2002,17.23,7.626
Somalia,SOM,2003,17.23,7.603
Somalia,SOM,2004,17.23,7.568
Somalia,SOM,2005,17.23,7.527
Somalia,SOM,2006,17.15,7.49
Somalia,SOM,2007,16.97,7.457
Somalia,SOM,2008,16.61,7.415
Somalia,SOM,2009,16.18,7.376
Somalia,SOM,2010,18.59,7.322
Somalia,SOM,2011,35.85,7.268
Somalia,SOM,2012,18.41,7.211
Somalia,SOM,2013,14.26,7.14
Somalia,SOM,2014,13.78,7.061
Somalia,SOM,2015,13.36,6.975
Somalia,SOM,2016,12.96,6.878
Somalia,SOM,2017,15.54,6.766
Somalia,SOM,2018,13.6,6.662
Somalia,SOM,2019,11.81,6.56
Somalia,SOM,2020,11.44,6.453
Somalia,SOM,2021,11.09,6.353
Somalia,SOM,2022,14.29,6.255
Somalia,SOM,2023,10.4,6.132
South Africa,ZAF,1950,13.23,6.032
South Africa,ZAF,1951,13.23,6.063
South Africa,ZAF,1952,13.23,6.081
South Africa,ZAF,1953,13.23,6.094
South Africa,ZAF,1954,13.23,6.109
South Africa,ZAF,1955,13.23,6.127
South Africa,ZAF,1956,13.23,6.131
South Africa,ZAF,1957,13.23,6.136
South Africa,ZAF,1958,13.23,6.143
South Africa,ZAF,1959,13.23,6.126
South Africa,ZAF,1960,13.23,6.105
South Africa,ZAF,1961,13.23,6.08
South Africa,ZAF,1962,13.23,6.046
South Africa,ZAF,1963,13.23,6.012
South Africa,ZAF,1964,13.23,5.955
South Africa,ZAF,1965,13.23,5.892
South Africa,ZAF,1966,13.23,5.907
South Africa,ZAF,1967,13.23,5.852
South Africa,ZAF,1968,13.23,5.782
South Africa,ZAF,1969,13.23,5.719
South Africa,ZAF,1970,13.23,5.634
South Africa,ZAF,1971,13.23,5.569
South Africa,ZAF,1972,13.23,5.49
South Africa,ZAF,1973,13.23,5.413
South Africa,ZAF,1974,13.23,5.298
South Africa,ZAF,1975,12.5,5.191
South Africa,ZAF,1976,11.78,5.071
South Africa,ZAF,1977,11.1,4.942
South Africa,ZAF,1978,10.47,4.853
South Africa,ZAF,1979,9.88,4.818
South Africa,ZAF,1980,9.35,4.78
South Africa,ZAF,1981,8.84,4.712
South Africa,ZAF,1982,8.39,4.696
South Africa,ZAF,1983,7.98,4.626
South Africa,ZAF,1984,7.6,4.566
South Africa,ZAF,1985,7.24,4.495
South Africa,ZAF,1986,6.89,4.409
South Africa,ZAF,1987,6.56,4.352
South Africa,ZAF,1988,6.26,4.18
South Africa,ZAF,1989,6.01,3.983
South Africa,ZAF,1990,5.82,3.724
South Africa,ZAF,1991,5.7,3.618
South Africa,ZAF,1992,5.66,3.479
South Africa,ZAF,1993,5.7,3.372
South Africa,ZAF,1994,5.82,3.258
South Africa,ZAF,1995,5.95,3.172
South Africa,ZAF,1996,6.11,2.991
South Africa,ZAF,1997,6.29,2.734
South Africa,ZAF,1998,6.56,2.63
South Africa,ZAF,1999,6.85,2.559
South Africa,ZAF,2000,7.11,2.413
South Africa,ZAF,2001,7.43,2.373
South Africa,ZAF,2002,7.69,2.324
South Africa,ZAF,2003,7.93,2.358
South Africa,ZAF,2004,8.1,2.436
South Africa,ZAF,2005,8.03,2.512
South Africa,ZAF,2006,7.75,2.548
South Africa,ZAF,2007,7.19,2.545
South Africa,ZAF,2008,6.42,2.679
South Africa,ZAF,2009,5.7,2.501
South Africa,ZAF,2010,5.0,2.445
South Africa,ZAF,2011,4.5,2.436
South Africa,ZAF,2012,4.25,2.447
South Africa,ZAF,2013,4.1,2.428
South Africa,ZAF,2014,3.96,2.424
South Africa,ZAF,2015,3.82,2.359
South Africa,ZAF,2016,3.68,2.261
South Africa,ZAF,2017,3.58,2.283
South Africa,ZAF,2018,3.49,2.27
South Africa,ZAF,2019,3.45,2.264
South Africa,ZAF,2020,3.41,2.257
South Africa,ZAF,2021,3.41,2.248
South Africa,ZAF,2022,3.44,2.227
South Africa,ZAF,2023,3.47,2.216
South America,OWID_SAM,1950,18.34,5.5860415
South America,OWID_SAM,1951,18.34,5.5912037
South America,OWID_SAM,1952,18.34,5.5964165
South America,OWID_SAM,1953,18.34,5.604913
South America,OWID_SAM,1954,18.34,5.611427
South America,OWID_SAM,1955,18.34,5.6221123
South America,OWID_SAM,1956,17.71,5.6349516
South America,OWID_SAM,1957,17.26,5.6420164
South America,OWID_SAM,1958,16.82,5.642347
South America,OWID_SAM,1959,16.38,5.643314
South America,OWID_SAM,1960,16.31,5.6298194
South America,OWID_SAM,1961,15.85,5.607701
South America,OWID_SAM,1962,15.4,5.581278
South America,OWID_SAM,1963,14.97,5.5374312
South America,OWID_SAM,1964,14.54,5.4566703
South America,OWID_SAM,1965,14.12,5.3495483
South America,OWID_SAM,1966,13.71,5.2314167
South America,OWID_SAM,1967,13.34,5.1053905
South America,OWID_SAM,1968,12.99,4.982724
South America,OWID_SAM,1969,11.98,4.879826
South America,OWID_SAM,1970,11.91,4.7839684
South America,OWID_SAM,1971,11.4,4.692643
South America,OWID_SAM,1972,11.1,4.5993786
South America,OWID_SAM,1973,10.79,4.5141716
South America,OWID_SAM,1974,10.47,4.414227
South America,OWID_SAM,1975,10.12,4.3430543
South America,OWID_SAM,1976,9.75,4.2773285
South America,OWID_SAM,1977,9.36,4.2087812
South America,OWID_SAM,1978,8.97,4.131405
South America,OWID_SAM,1979,8.58,4.0565605
South America,OWID_SAM,1980,8.19,3.9782782
South America,OWID_SAM,1981,7.82,3.8961549
South America,OWID_SAM,1982,7.46,3.8092444
South America,OWID_SAM,1983,7.13,3.7130418
South America,OWID_SAM,1984,6.82,3.6130602
South America,OWID_SAM,1985,6.59,3.5131063
South America,OWID_SAM,1986,6.28,3.424579
South America,OWID_SAM,1987,6.04,3.3306754
South America,OWID_SAM,1988,5.82,3.246574
South America,OWID_SAM,1989,5.59,3.1699915
South America,OWID_SAM,1990,5.37,3.0926561
South America,OWID_SAM,1991,5.14,3.0234342
South America,OWID_SAM,1992,4.9,2.9468284
South America,OWID_SAM,1993,4.65,2.8958113
South America,OWID_SAM,1994,4.4,2.8373249
South America,OWID_SAM,1995,4.15,2.7832248
South America,OWID_SAM,1996,3.91,2.7173157
South America,OWID_SAM,1997,3.68,2.6641014
South America,OWID_SAM,1998,3.47,2.6121128
South America,OWID_SAM,1999,3.27,2.5410109
South America,OWID_SAM,2000,3.08,2.4663107
South America,OWID_SAM,2001,2.9,2.3946426
South America,OWID_SAM,2002,2.74,2.3303409
South America,OWID_SAM,2003,2.59,2.2708218
South America,OWID_SAM,2004,2.45,2.2341845
South America,OWID_SAM,2005,2.32,2.2016697
South America,OWID_SAM,2006,2.2,2.1590602
South America,OWID_SAM,2007,2.1,2.119132
South America,OWID_SAM,2008,2.0,2.091469
South America,OWID_SAM,2009,1.92,2.0648005
South America,OWID_SAM,2010,1.84,2.039334
South America,OWID_SAM,2011,1.78,2.0225012
South America,OWID_SAM,2012,1.72,1.9935387
South America,OWID_SAM,2013,1.67,1.97674
South America,OWID_SAM,2014,1.63,1.9739044
South America,OWID_SAM,2015,1.6,1.9556609
South America,OWID_SAM,2016,1.65,1.9023213
South America,OWID_SAM,2017,1.57,1.8909783
South America,OWID_SAM,2018,1.54,1.8756915
South America,OWID_SAM,2019,1.51,1.8225799
South America,OWID_SAM,2020,1.49,1.7524793
South America,OWID_SAM,2021,1.46,1.729807
South America,OWID_SAM,2022,1.44,1.7115034
South America,OWID_SAM,2023,1.43,1.6984931
South Korea,KOR,1950,36.01,6.063
South Korea,KOR,1951,30.56,6.089
South Korea,KOR,1952,26.02,6.122
South Korea,KOR,1953,22.29,6.171
South Korea,KOR,1954,19.32,6.174
South Korea,KOR,1955,16.96,6.169
South Korea,KOR,1956,15.12,6.175
South Korea,KOR,1957,13.72,6.178
South Korea,KOR,1958,12.64,6.152
South Korea,KOR,1959,11.82,6.096
South Korea,KOR,1960,11.16,5.994
South Korea,KOR,1961,10.63,5.803
South Korea,KOR,1962,10.14,5.562
South Korea,KOR,1963,9.67,5.334
South Korea,KOR,1964,9.18,5.068
South Korea,KOR,1965,8.68,4.887
South Korea,KOR,1966,8.16,4.782
South Korea,KOR,1967,7.62,4.615
South Korea,KOR,1968,7.1,4.51
South Korea,KOR,1969,6.59,4.447
South Korea,KOR,1970,6.12,4.459
South Korea,KOR,1971,5.71,4.259
South Korea,KOR,1972,5.36,4.02
South Korea,KOR,1973,5.07,3.803
South Korea,KOR,1974,4.82,3.555
South Korea,KOR,1975,4.61,3.313
South Korea,KOR,1976,4.42,3.119
South Korea,KOR,1977,4.23,2.954
South Korea,KOR,1978,4.04,2.699
South Korea,KOR,1979,3.84,2.748
South Korea,KOR,1980,3.63,2.734
South Korea,KOR,1981,3.4,2.669
South Korea,KOR,1982,3.17,2.431
South Korea,KOR,1983,2.93,2.102
South Korea,KOR,1984,2.7,1.832
South Korea,KOR,1985,2.46,1.705
South Korea,KOR,1986,2.25,1.623
South Korea,KOR,1987,2.05,1.571
South Korea,KOR,1988,1.87,1.558
South Korea,KOR,1989,1.71,1.564
South Korea,KOR,1990,1.57,1.603
South Korea,KOR,1991,1.44,1.702
South Korea,KOR,1992,1.33,1.738
South Korea,KOR,1993,1.23,1.683
South Korea,KOR,1994,1.14,1.67
South Korea,KOR,1995,1.05,1.646
South Korea,KOR,1996,0.98,1.599
South Korea,KOR,1997,0.91,1.555
South Korea,KOR,1998,0.85,1.497
South Korea,KOR,1999,0.8,1.469
South Korea,KOR,2000,0.75,1.467
South Korea,KOR,2001,0.71,1.342
South Korea,KOR,2002,0.68,1.227
South Korea,KOR,2003,0.64,1.199
South Korea,KOR,2004,0.6,1.164
South Korea,KOR,2005,0.56,1.115
South Korea,KOR,2006,0.52,1.145
South Korea,KOR,2007,0.48,1.215
South Korea,KOR,2008,0.45,1.19
South Korea,KOR,2009,0.43,1.178
South Korea,KOR,2010,0.41,1.226
South Korea,KOR,2011,0.4,1.258
South Korea,KOR,2012,0.38,1.274
South Korea,KOR,2013,0.37,1.206
South Korea,KOR,2014,0.36,1.197
South Korea,KOR,2015,0.35,1.202
South Korea,KOR,2016,0.34,1.14
South Korea,KOR,2017,0.33,1.035
South Korea,KOR,2018,0.32,0.951
South Korea,KOR,2019,0.31,0.881
South Korea,KOR,2020,0.3,0.812
South Korea,KOR,2021,0.29,0.783
South Korea,KOR,2022,0.28,0.78
South Korea,KOR,2023,0.28,0.72
South Sudan,SSD,1950,37.24,7.124
South Sudan,SSD,1951,37.24,7.134
South Sudan,SSD,1952,37.24,7.131
South Sudan,SSD,1953,37.24,7.134
South Sudan,SSD,1954,37.24,7.136
South Sudan,SSD,1955,36.91,7.132
South Sudan,SSD,1956,36.63,7.134
South Sudan,SSD,1957,36.32,7.14
South Sudan,SSD,1958,36.02,7.137
South Sudan,SSD,1959,35.75,7.15
South Sudan,SSD,1960,35.49,7.161
South Sudan,SSD,1961,35.23,7.178
South Sudan,SSD,1962,34.94,7.195
South Sudan,SSD,1963,34.58,7.196
South Sudan,SSD,1964,34.27,7.22
South Sudan,SSD,1965,33.99,7.222
South Sudan,SSD,1966,33.62,7.254
South Sudan,SSD,1967,33.26,7.257
South Sudan,SSD,1968,32.93,7.264
South Sudan,SSD,1969,32.61,7.281
South Sudan,SSD,1970,32.25,7.286
South Sudan,SSD,1971,31.91,7.296
South Sudan,SSD,1972,31.61,7.311
South Sudan,SSD,1973,31.28,7.311
South Sudan,SSD,1974,30.93,7.314
South Sudan,SSD,1975,30.58,7.326
South Sudan,SSD,1976,30.19,7.331
South Sudan,SSD,1977,29.85,7.325
South Sudan,SSD,1978,29.54,7.329
South Sudan,SSD,1979,29.17,7.32
South Sudan,SSD,1980,28.87,7.328
South Sudan,SSD,1981,28.49,7.332
South Sudan,SSD,1982,28.16,7.343
South Sudan,SSD,1983,27.79,7.342
South Sudan,SSD,1984,27.47,7.346
South Sudan,SSD,1985,27.11,7.357
South Sudan,SSD,1986,26.73,7.378
South Sudan,SSD,1987,35.98,7.386
South Sudan,SSD,1988,76.74,7.376
South Sudan,SSD,1989,30.71,7.374
South Sudan,SSD,1990,30.28,7.377
South Sudan,SSD,1991,29.72,7.377
South Sudan,SSD,1992,33.77,7.37
South Sudan,SSD,1993,33.11,7.36
South Sudan,SSD,1994,23.01,7.346
South Sudan,SSD,1995,26.97,7.337
South Sudan,SSD,1996,26.13,7.321
South Sudan,SSD,1997,25.24,7.199
South Sudan,SSD,1998,42.56,7.078
South Sudan,SSD,1999,19.17,6.937
South Sudan,SSD,2000,18.27,6.803
South Sudan,SSD,2001,17.38,6.654
South Sudan,SSD,2002,16.51,6.515
South Sudan,SSD,2003,15.65,6.353
South Sudan,SSD,2004,14.84,6.19
South Sudan,SSD,2005,14.08,6.022
South Sudan,SSD,2006,13.35,5.853
South Sudan,SSD,2007,12.7,5.704
South Sudan,SSD,2008,12.06,5.569
South Sudan,SSD,2009,11.47,5.446
South Sudan,SSD,2010,10.94,5.318
South Sudan,SSD,2011,10.45,5.193
South Sudan,SSD,2012,10.09,5.061
South Sudan,SSD,2013,9.92,4.939
South Sudan,SSD,2014,18.23,4.818
South Sudan,SSD,2015,23.66,4.695
South Sudan,SSD,2016,26.39,4.579
South Sudan,SSD,2017,27.82,4.483
South Sudan,SSD,2018,13.24,4.37
South Sudan,SSD,2019,9.87,4.26
South Sudan,SSD,2020,9.87,4.16
South Sudan,SSD,2021,9.87,4.047
South Sudan,SSD,2022,9.87,3.964
South Sudan,SSD,2023,9.87,3.864
Spain,ESP,1858,28.44,4.098
Spain,ESP,1859,31.06,4.098
Spain,ESP,1860,28.27,4.098
Spain,ESP,1861,27.32,4.098
Spain,ESP,1862,28.44,4.098
Spain,ESP,1863,30.9,4.098
Spain,ESP,1864,32.53,4.098
Spain,ESP,1865,32.69,4.098
Spain,ESP,1866,30.08,4.098
Spain,ESP,1867,30.57,4.098
Spain,ESP,1868,34.47,4.098
Spain,ESP,1869,31.88,4.098
Spain,ESP,1870,33.01,4.098
Spain,ESP,1878,31.88,4.098
Spain,ESP,1879,31.06,4.098
Spain,ESP,1880,30.9,4.098
Spain,ESP,1881,30.73,4.098
Spain,ESP,1882,31.23,4.098
Spain,ESP,1883,33.18,4.098
Spain,ESP,1884,30.24,4.098
Spain,ESP,1885,31.23,4.098
Spain,ESP,1886,28.44,4.098
Spain,ESP,1887,32.36,4.098
Spain,ESP,1888,29.91,4.098
Spain,ESP,1900,33.18,4.098
Spain,ESP,1901,30.08,4.098
Spain,ESP,1902,29.26,4.098
Spain,ESP,1903,26.35,4.098
Spain,ESP,1904,28.11,4.098
Spain,ESP,1905,26.19,4.098
Spain,ESP,1906,28.27,4.098
Spain,ESP,1907,25.67,4.098
Spain,ESP,1908,28.83,4.098
Spain,ESP,1909,28.64,4.098
Spain,ESP,1910,29.92,4.098
Spain,ESP,1911,32.17,4.098
Spain,ESP,1912,26.11,4.098
Spain,ESP,1913,27.71,4.098
Spain,ESP,1914,26.73,4.098
Spain,ESP,1915,26.97,4.098
Spain,ESP,1916,25.52,4.098
Spain,ESP,1917,26.75,4.098
Spain,ESP,1918,34.5,4.098
Spain,ESP,1919,27.17,4.098
Spain,ESP,1920,31.42,4.098
Spain,ESP,1921,29.0,4.098
Spain,ESP,1922,25.76,4.098
Spain,ESP,1923,25.32,4.096
Spain,ESP,1924,23.43,4.005
Spain,ESP,1925,22.72,3.885
Spain,ESP,1926,21.78,3.932
Spain,ESP,1927,20.42,3.731
Spain,ESP,1928,21.47,3.842
Spain,ESP,1929,20.19,3.717
Spain,ESP,1930,21.57,3.695
Spain,ESP,1931,20.72,3.564
Spain,ESP,1932,19.03,3.626
Spain,ESP,1933,18.25,3.57
Spain,ESP,1934,17.7,3.363
Spain,ESP,1935,17.21,3.286
Spain,ESP,1936,16.9,3.142
Spain,ESP,1937,19.95,2.86
Spain,ESP,1938,18.33,2.55
Spain,ESP,1939,19.25,2.12
Spain,ESP,1940,20.78,3.07
Spain,ESP,1941,20.55,2.455
Spain,ESP,1942,16.35,2.522
Spain,ESP,1943,15.56,2.863
Spain,ESP,1944,13.61,2.822
Spain,ESP,1945,12.68,2.889
Spain,ESP,1946,12.22,2.686
Spain,ESP,1947,10.76,2.662
Spain,ESP,1948,9.88,2.875
Spain,ESP,1949,11.65,2.665
Spain,ESP,1950,10.34,2.47
Spain,ESP,1951,9.23,2.457
Spain,ESP,1952,8.35,2.539
Spain,ESP,1953,7.67,2.5
Spain,ESP,1954,7.17,2.438
Spain,ESP,1955,6.8,2.507
Spain,ESP,1956,6.5,2.54
Spain,ESP,1957,6.24,2.688
Spain,ESP,1958,5.98,2.728
Spain,ESP,1959,5.73,2.754
Spain,ESP,1960,5.47,2.808
Spain,ESP,1961,5.2,2.778
Spain,ESP,1962,4.94,2.804
Spain,ESP,1963,4.68,2.876
Spain,ESP,1964,4.45,2.998
Spain,ESP,1965,4.23,2.926
Spain,ESP,1966,4.03,2.913
Spain,ESP,1967,3.83,2.971
Spain,ESP,1968,3.61,2.923
Spain,ESP,1969,3.39,2.901
Spain,ESP,1970,3.16,2.884
Spain,ESP,1971,2.94,2.898
Spain,ESP,1972,2.72,2.869
Spain,ESP,1973,2.52,2.841
Spain,ESP,1974,2.33,2.871
Spain,ESP,1975,2.17,2.773
Spain,ESP,1976,2.02,2.764
Spain,ESP,1977,1.87,2.653
Spain,ESP,1978,1.74,2.539
Spain,ESP,1979,1.61,2.368
Spain,ESP,1980,1.49,2.212
Spain,ESP,1981,1.38,2.04
Spain,ESP,1982,1.3,1.936
Spain,ESP,1983,1.23,1.799
Spain,ESP,1984,1.17,1.722
Spain,ESP,1985,1.11,1.637
Spain,ESP,1986,1.07,1.554
Spain,ESP,1987,1.03,1.492
Spain,ESP,1988,0.99,1.444
Spain,ESP,1989,0.95,1.396
Spain,ESP,1990,0.92,1.358
Spain,ESP,1991,0.88,1.325
Spain,ESP,1992,0.83,1.306
Spain,ESP,1993,0.79,1.253
Spain,ESP,1994,0.74,1.19
Spain,ESP,1995,0.69,1.153
Spain,ESP,1996,0.65,1.139
Spain,ESP,1997,0.61,1.145
Spain,ESP,1998,0.58,1.131
Spain,ESP,1999,0.56,1.165
Spain,ESP,2000,0.54,1.21
Spain,ESP,2001,0.53,1.231
Spain,ESP,2002,0.51,1.251
Spain,ESP,2003,0.5,1.293
Spain,ESP,2004,0.49,1.313
Spain,ESP,2005,0.47,1.329
Spain,ESP,2006,0.45,1.36
Spain,ESP,2007,0.44,1.379
Spain,ESP,2008,0.42,1.436
Spain,ESP,2009,0.4,1.381
Spain,ESP,2010,0.38,1.366
Spain,ESP,2011,0.37,1.34
Spain,ESP,2012,0.36,1.318
Spain,ESP,2013,0.35,1.277
Spain,ESP,2014,0.34,1.315
Spain,ESP,2015,0.33,1.33
Spain,ESP,2016,0.33,1.332
Spain,ESP,2017,0.32,1.305
Spain,ESP,2018,0.32,1.26
Spain,ESP,2019,0.32,1.23
Spain,ESP,2020,0.32,1.186
Spain,ESP,2021,0.31,1.188
Spain,ESP,2022,0.31,1.205
Spain,ESP,2023,0.31,1.213
Sri Lanka,LKA,1950,14.02,5.462
Sri Lanka,LKA,1951,12.94,5.461
Sri Lanka,LKA,1952,12.81,5.431
Sri Lanka,LKA,1953,12.65,5.393
Sri Lanka,LKA,1954,12.45,5.35
Sri Lanka,LKA,1955,12.16,5.308
Sri Lanka,LKA,1956,11.76,5.262
Sri Lanka,LKA,1957,11.23,5.337
Sri Lanka,LKA,1958,10.61,5.404
Sri Lanka,LKA,1959,9.98,5.414
Sri Lanka,LKA,1960,9.41,5.352
Sri Lanka,LKA,1961,8.95,5.24
Sri Lanka,LKA,1962,8.66,5.177
Sri Lanka,LKA,1963,8.48,5.118
Sri Lanka,LKA,1964,8.3,5.057
Sri Lanka,LKA,1965,8.07,4.934
Sri Lanka,LKA,1966,7.81,4.828
Sri Lanka,LKA,1967,7.55,4.787
Sri Lanka,LKA,1968,7.32,4.658
Sri Lanka,LKA,1969,7.14,4.499
Sri Lanka,LKA,1970,7.02,4.387
Sri Lanka,LKA,1971,6.94,4.266
Sri Lanka,LKA,1972,6.86,4.156
Sri Lanka,LKA,1973,6.77,4.001
Sri Lanka,LKA,1974,6.62,3.855
Sri Lanka,LKA,1975,6.41,3.816
Sri Lanka,LKA,1976,6.12,3.783
Sri Lanka,LKA,1977,5.77,3.741
Sri Lanka,LKA,1978,5.38,3.81
Sri Lanka,LKA,1979,4.99,3.822
Sri Lanka,LKA,1980,4.63,3.725
Sri Lanka,LKA,1981,4.29,3.649
Sri Lanka,LKA,1982,3.98,3.32
Sri Lanka,LKA,1983,3.67,3.114
Sri Lanka,LKA,1984,3.35,3.006
Sri Lanka,LKA,1985,3.02,2.895
Sri Lanka,LKA,1986,2.74,2.743
Sri Lanka,LKA,1987,2.54,2.644
Sri Lanka,LKA,1988,2.41,2.565
Sri Lanka,LKA,1989,2.74,2.578
Sri Lanka,LKA,1990,2.33,2.541
Sri Lanka,LKA,1991,2.32,2.514
Sri Lanka,LKA,1992,2.29,2.487
Sri Lanka,LKA,1993,2.22,2.438
Sri Lanka,LKA,1994,2.14,2.405
Sri Lanka,LKA,1995,2.05,2.353
Sri Lanka,LKA,1996,1.95,2.285
Sri Lanka,LKA,1997,1.86,2.215
Sri Lanka,LKA,1998,1.76,2.136
Sri Lanka,LKA,1999,1.69,2.142
Sri Lanka,LKA,2000,1.63,2.213
Sri Lanka,LKA,2001,1.58,2.283
Sri Lanka,LKA,2002,1.55,2.31
Sri Lanka,LKA,2003,1.52,2.301
Sri Lanka,LKA,2004,2.88,2.271
Sri Lanka,LKA,2005,1.4,2.263
Sri Lanka,LKA,2006,1.33,2.292
Sri Lanka,LKA,2007,1.26,2.295
Sri Lanka,LKA,2008,1.2,2.232
Sri Lanka,LKA,2009,2.08,2.179
Sri Lanka,LKA,2010,1.12,2.134
Sri Lanka,LKA,2011,1.08,2.144
Sri Lanka,LKA,2012,1.03,2.173
Sri Lanka,LKA,2013,0.98,2.178
Sri Lanka,LKA,2014,0.92,2.134
Sri Lanka,LKA,2015,0.87,2.09
Sri Lanka,LKA,2016,0.83,2.062
Sri Lanka,LKA,2017,0.79,2.044
Sri Lanka,LKA,2018,0.76,2.033
Sri Lanka,LKA,2019,0.72,2.022
Sri Lanka,LKA,2020,0.69,2.007
Sri Lanka,LKA,2021,0.66,1.995
Sri Lanka,LKA,2022,0.64,1.984
Sri Lanka,LKA,2023,0.61,1.974
Sudan,SDN,1950,20.0,6.663
Sudan,SDN,1951,20.0,6.666
Sudan,SDN,1952,20.0,6.674
Sudan,SDN,1953,20.0,6.672
Sudan,SDN,1954,19.67,6.679
Sudan,SDN,1955,19.34,6.679
Sudan,SDN,1956,19.0,6.68
Sudan,SDN,1957,18.7,6.674
Sudan,SDN,1958,18.39,6.675
Sudan,SDN,1959,18.08,6.663
Sudan,SDN,1960,17.78,6.663
Sudan,SDN,1961,17.5,6.656
Sudan,SDN,1962,17.24,6.704
Sudan,SDN,1963,16.98,6.758
Sudan,SDN,1964,16.74,6.804
Sudan,SDN,1965,16.52,6.84
Sudan,SDN,1966,16.33,6.879
Sudan,SDN,1967,16.16,6.909
Sudan,SDN,1968,16.02,6.946
Sudan,SDN,1969,15.9,6.967
Sudan,SDN,1970,15.8,6.986
Sudan,SDN,1971,15.7,7.019
Sudan,SDN,1972,15.61,6.983
Sudan,SDN,1973,15.52,6.939
Sudan,SDN,1974,15.42,6.909
Sudan,SDN,1975,15.31,6.866
Sudan,SDN,1976,15.2,6.823
Sudan,SDN,1977,15.09,6.775
Sudan,SDN,1978,14.97,6.72
Sudan,SDN,1979,14.86,6.651
Sudan,SDN,1980,14.75,6.592
Sudan,SDN,1981,14.64,6.528
Sudan,SDN,1982,14.54,6.473
Sudan,SDN,1983,18.22,6.413
Sudan,SDN,1984,18.02,6.343
Sudan,SDN,1985,17.83,6.279
Sudan,SDN,1986,14.01,6.225
Sudan,SDN,1987,13.83,6.175
Sudan,SDN,1988,13.62,6.132
Sudan,SDN,1989,13.41,6.106
Sudan,SDN,1990,13.18,6.074
Sudan,SDN,1991,12.95,6.05
Sudan,SDN,1992,12.71,6.019
Sudan,SDN,1993,12.46,5.97
Sudan,SDN,1994,12.2,5.912
Sudan,SDN,1995,11.93,5.856
Sudan,SDN,1996,11.64,5.792
Sudan,SDN,1997,11.34,5.717
Sudan,SDN,1998,11.02,5.646
Sudan,SDN,1999,10.69,5.622
Sudan,SDN,2000,10.34,5.596
Sudan,SDN,2001,9.99,5.562
Sudan,SDN,2002,9.65,5.531
Sudan,SDN,2003,9.31,5.489
Sudan,SDN,2004,10.26,5.455
Sudan,SDN,2005,10.01,5.397
Sudan,SDN,2006,8.4,5.332
Sudan,SDN,2007,8.13,5.27
Sudan,SDN,2008,7.88,5.212
Sudan,SDN,2009,7.64,5.173
Sudan,SDN,2010,7.42,5.141
Sudan,SDN,2011,7.22,5.087
Sudan,SDN,2012,7.02,5.031
Sudan,SDN,2013,6.83,4.965
Sudan,SDN,2014,6.64,4.912
Sudan,SDN,2015,6.45,4.898
Sudan,SDN,2016,6.26,4.829
Sudan,SDN,2017,6.07,4.761
Sudan,SDN,2018,5.89,4.681
Sudan,SDN,2019,5.71,4.617
Sudan,SDN,2020,5.53,4.542
Sudan,SDN,2021,5.36,4.457
Sudan,SDN,2022,5.18,4.384
Sudan,SDN,2023,5.01,4.323
Suriname,SUR,1950,7.19,6.21
Suriname,SUR,1951,7.19,6.237
Suriname,SUR,1952,7.19,6.268
Suriname,SUR,1953,7.19,6.3
Suriname,SUR,1954,7.19,6.328
Suriname,SUR,1955,7.19,6.37
Suriname,SUR,1956,7.19,6.423
Suriname,SUR,1957,7.19,6.46
Suriname,SUR,1958,7.19,6.505
Suriname,SUR,1959,7.19,6.554
Suriname,SUR,1960,7.19,6.59
Suriname,SUR,1961,7.19,6.583
Suriname,SUR,1962,7.19,6.572
Suriname,SUR,1963,7.19,6.508
Suriname,SUR,1964,7.19,6.426
Suriname,SUR,1965,7.19,6.321
Suriname,SUR,1966,7.19,6.198
Suriname,SUR,1967,7.19,6.038
Suriname,SUR,1968,7.19,5.863
Suriname,SUR,1969,7.19,5.696
Suriname,SUR,1970,7.19,5.529
Suriname,SUR,1971,7.19,5.356
Suriname,SUR,1972,7.19,5.176
Suriname,SUR,1973,7.19,5.007
Suriname,SUR,1974,7.19,4.811
Suriname,SUR,1975,7.19,4.629
Suriname,SUR,1976,7.19,4.445
Suriname,SUR,1977,7.19,4.256
Suriname,SUR,1978,7.19,4.08
Suriname,SUR,1979,7.19,3.925
Suriname,SUR,1980,7.19,3.791
Suriname,SUR,1981,7.19,3.752
Suriname,SUR,1982,7.19,3.821
Suriname,SUR,1983,5.67,3.865
Suriname,SUR,1984,5.49,3.796
Suriname,SUR,1985,5.31,3.711
Suriname,SUR,1986,5.13,3.61
Suriname,SUR,1987,4.97,3.53
Suriname,SUR,1988,4.81,3.461
Suriname,SUR,1989,4.65,3.387
Suriname,SUR,1990,4.49,3.225
Suriname,SUR,1991,4.34,3.094
Suriname,SUR,1992,4.19,3.013
Suriname,SUR,1993,4.03,2.943
Suriname,SUR,1994,3.88,2.899
Suriname,SUR,1995,3.74,2.897
Suriname,SUR,1996,3.6,2.92
Suriname,SUR,1997,3.47,2.952
Suriname,SUR,1998,3.34,2.986
Suriname,SUR,1999,3.22,3.016
Suriname,SUR,2000,3.11,3.046
Suriname,SUR,2001,3.0,3.057
Suriname,SUR,2002,2.9,2.956
Suriname,SUR,2003,2.81,2.839
Suriname,SUR,2004,2.72,2.738
Suriname,SUR,2005,2.64,2.712
Suriname,SUR,2006,2.57,2.727
Suriname,SUR,2007,2.5,2.735
Suriname,SUR,2008,2.44,2.727
Suriname,SUR,2009,2.38,2.712
Suriname,SUR,2010,2.32,2.688
Suriname,SUR,2011,2.26,2.667
Suriname,SUR,2012,2.21,2.669
Suriname,SUR,2013,2.16,2.651
Suriname,SUR,2014,2.11,2.62
Suriname,SUR,2015,2.05,2.57
Suriname,SUR,2016,2.0,2.5
Suriname,SUR,2017,1.95,2.431
Suriname,SUR,2018,1.9,2.381
Suriname,SUR,2019,1.84,2.347
Suriname,SUR,2020,1.78,2.314
Suriname,SUR,2021,1.73,2.295
Suriname,SUR,2022,1.68,2.274
Suriname,SUR,2023,1.62,2.249
Sweden,SWE,1751,29.98,4.142
Sweden,SWE,1752,35.97,4.142
Sweden,SWE,1753,30.34,4.142
Sweden,SWE,1754,32.69,4.142
Sweden,SWE,1755,34.5,4.142
Sweden,SWE,1756,33.78,4.142
Sweden,SWE,1757,35.63,4.142
Sweden,SWE,1758,33.53,4.142
Sweden,SWE,1759,28.5,4.142
Sweden,SWE,1760,27.26,4.142
Sweden,SWE,1761,31.56,4.142
Sweden,SWE,1762,37.7,4.142
Sweden,SWE,1763,39.53,4.142
Sweden,SWE,1764,31.61,4.142
Sweden,SWE,1765,31.6,4.142
Sweden,SWE,1766,31.19,4.142
Sweden,SWE,1767,29.85,4.142
Sweden,SWE,1768,35.75,4.142
Sweden,SWE,1769,35.85,4.142
Sweden,SWE,1770,32.54,4.142
Sweden,SWE,1771,32.33,4.142
Sweden,SWE,1772,36.66,4.142
Sweden,SWE,1773,48.97,4.142
Sweden,SWE,1774,27.96,4.142
Sweden,SWE,1775,30.59,4.142
Sweden,SWE,1776,25.62,4.142
Sweden,SWE,1777,30.21,4.142
Sweden,SWE,1778,35.32,4.142
Sweden,SWE,1779,39.42,4.142
Sweden,SWE,1780,26.11,4.142
Sweden,SWE,1781,30.04,4.142
Sweden,SWE,1782,30.1,4.142
Sweden,SWE,1783,34.46,4.142
Sweden,SWE,1784,38.22,4.142
Sweden,SWE,1785,34.46,4.142
Sweden,SWE,1786,29.49,4.142
Sweden,SWE,1787,27.03,4.142
Sweden,SWE,1788,32.59,4.142
Sweden,SWE,1789,34.38,4.142
Sweden,SWE,1790,32.55,4.142
Sweden,SWE,1791,28.62,4.142
Sweden,SWE,1792,29.73,4.142
Sweden,SWE,1793,29.98,4.142
Sweden,SWE,1794,28.06,4.142
Sweden,SWE,1795,31.45,4.142
Sweden,SWE,1796,31.53,4.142
Sweden,SWE,1797,29.4,4.142
Sweden,SWE,1798,27.17,4.142
Sweden,SWE,1799,28.9,4.142
Sweden,SWE,1800,38.11,4.142
Sweden,SWE,1801,32.88,4.142
Sweden,SWE,1802,28.29,4.142
Sweden,SWE,1803,27.53,4.142
Sweden,SWE,1804,27.17,4.142
Sweden,SWE,1805,26.59,4.142
Sweden,SWE,1806,33.28,4.142
Sweden,SWE,1807,27.83,4.142
Sweden,SWE,1808,34.96,4.142
Sweden,SWE,1809,36.59,4.142
Sweden,SWE,1810,34.6,4.142
Sweden,SWE,1811,32.46,4.142
Sweden,SWE,1812,31.22,4.142
Sweden,SWE,1813,30.36,4.142
Sweden,SWE,1814,29.94,4.142
Sweden,SWE,1815,27.46,4.142
Sweden,SWE,1816,27.35,4.142
Sweden,SWE,1817,27.61,4.142
Sweden,SWE,1818,26.97,4.142
Sweden,SWE,1819,29.36,4.142
Sweden,SWE,1820,26.08,4.142
Sweden,SWE,1821,30.51,4.142
Sweden,SWE,1822,24.5,4.142
Sweden,SWE,1823,21.76,4.142
Sweden,SWE,1824,22.46,4.142
Sweden,SWE,1825,22.79,4.142
Sweden,SWE,1826,24.22,4.142
Sweden,SWE,1827,22.63,4.142
Sweden,SWE,1828,28.21,4.142
Sweden,SWE,1829,30.3,4.142
Sweden,SWE,1830,25.49,4.142
Sweden,SWE,1831,27.59,4.142
Sweden,SWE,1832,25.6,4.142
Sweden,SWE,1833,24.44,4.142
Sweden,SWE,1834,25.26,4.142
Sweden,SWE,1835,20.0,4.142
Sweden,SWE,1836,22.5,4.142
Sweden,SWE,1837,27.97,4.142
Sweden,SWE,1838,25.36,4.142
Sweden,SWE,1839,25.16,4.142
Sweden,SWE,1840,22.07,4.142
Sweden,SWE,1841,22.08,4.142
Sweden,SWE,1842,24.24,4.142
Sweden,SWE,1843,23.27,4.142
Sweden,SWE,1844,22.62,4.142
Sweden,SWE,1845,21.48,4.142
Sweden,SWE,1846,24.97,4.142
Sweden,SWE,1847,27.01,4.142
Sweden,SWE,1848,21.24,4.142
Sweden,SWE,1849,22.7,4.142
Sweden,SWE,1850,21.79,4.142
Sweden,SWE,1851,23.23,4.142
Sweden,SWE,1852,25.03,4.142
Sweden,SWE,1853,25.74,4.142
Sweden,SWE,1854,21.97,4.142
Sweden,SWE,1855,22.62,4.142
Sweden,SWE,1856,24.59,4.142
Sweden,SWE,1857,30.99,4.142
Sweden,SWE,1858,24.8,4.142
Sweden,SWE,1859,23.21,4.142
Sweden,SWE,1860,19.66,4.142
Sweden,SWE,1861,21.68,4.142
Sweden,SWE,1862,26.55,4.142
Sweden,SWE,1863,23.67,4.142
Sweden,SWE,1864,23.54,4.142
Sweden,SWE,1865,23.29,4.142
Sweden,SWE,1866,22.17,4.142
Sweden,SWE,1867,21.06,4.142
Sweden,SWE,1868,24.94,4.142
Sweden,SWE,1869,27.14,4.142
Sweden,SWE,1870,22.05,4.142
Sweden,SWE,1871,18.35,4.142
Sweden,SWE,1872,18.69,4.142
Sweden,SWE,1873,19.74,4.142
Sweden,SWE,1874,22.99,4.142
Sweden,SWE,1875,23.25,4.142
Sweden,SWE,1876,23.73,4.142
Sweden,SWE,1877,22.78,4.142
Sweden,SWE,1878,22.69,4.142
Sweden,SWE,1879,19.69,4.142
Sweden,SWE,1880,20.39,4.142
Sweden,SWE,1881,19.49,4.142
Sweden,SWE,1882,20.66,4.142
Sweden,SWE,1883,19.73,4.142
Sweden,SWE,1884,19.23,4.142
Sweden,SWE,1885,19.5,4.142
Sweden,SWE,1886,18.34,4.142
Sweden,SWE,1887,17.34,4.142
Sweden,SWE,1888,16.07,4.142
Sweden,SWE,1889,16.25,4.142
Sweden,SWE,1890,17.76,4.142
Sweden,SWE,1891,17.89,4.142
Sweden,SWE,1892,17.1,3.966
Sweden,SWE,1893,16.69,4.039
Sweden,SWE,1894,16.15,4.019
Sweden,SWE,1895,14.7,4.083
Sweden,SWE,1896,15.62,4.048
Sweden,SWE,1897,14.86,3.977
Sweden,SWE,1898,14.06,4.043
Sweden,SWE,1899,17.17,3.929
Sweden,SWE,1900,15.52,4.013
Sweden,SWE,1901,15.71,4.009
Sweden,SWE,1902,13.56,3.926
Sweden,SWE,1903,13.86,3.811
Sweden,SWE,1904,12.72,3.814
Sweden,SWE,1905,13.18,3.796
Sweden,SWE,1906,11.78,3.789
Sweden,SWE,1907,11.22,3.751
Sweden,SWE,1908,12.22,3.754
Sweden,SWE,1909,10.34,3.726
Sweden,SWE,1910,10.82,3.57
Sweden,SWE,1911,10.42,3.45
Sweden,SWE,1912,10.37,3.401
Sweden,SWE,1913,9.76,3.29
Sweden,SWE,1914,10.13,3.229
Sweden,SWE,1915,10.53,3.033
Sweden,SWE,1916,10.16,2.959
Sweden,SWE,1917,9.3,2.899
Sweden,SWE,1918,10.59,2.803
Sweden,SWE,1919,10.48,2.705
Sweden,SWE,1920,9.78,3.198
Sweden,SWE,1921,8.46,2.902
Sweden,SWE,1922,8.04,2.63
Sweden,SWE,1923,7.38,2.524
Sweden,SWE,1924,8.12,2.401
Sweden,SWE,1925,7.34,2.309
Sweden,SWE,1926,7.25,2.193
Sweden,SWE,1927,7.85,2.08
Sweden,SWE,1928,7.86,2.054
Sweden,SWE,1929,7.32,1.926
Sweden,SWE,1930,6.95,1.931
Sweden,SWE,1931,7.14,1.847
Sweden,SWE,1932,6.44,1.799
Sweden,SWE,1933,6.1,1.688
Sweden,SWE,1934,5.95,1.676
Sweden,SWE,1935,5.82,1.676
Sweden,SWE,1936,5.73,1.726
Sweden,SWE,1937,5.85,1.745
Sweden,SWE,1938,5.43,1.805
Sweden,SWE,1939,4.97,1.862
Sweden,SWE,1940,4.69,1.824
Sweden,SWE,1941,4.72,1.894
Sweden,SWE,1942,3.82,2.163
Sweden,SWE,1943,3.82,2.382
Sweden,SWE,1944,4.14,2.57
Sweden,SWE,1945,3.82,2.588
Sweden,SWE,1946,3.2,2.543
Sweden,SWE,1947,3.05,2.481
Sweden,SWE,1948,2.8,2.454
Sweden,SWE,1949,2.76,2.369
Sweden,SWE,1950,2.71,2.286
Sweden,SWE,1951,2.57,2.212
Sweden,SWE,1952,2.44,2.232
Sweden,SWE,1953,2.32,2.253
Sweden,SWE,1954,2.23,2.182
Sweden,SWE,1955,2.16,2.248
Sweden,SWE,1956,2.11,2.286
Sweden,SWE,1957,2.07,2.28
Sweden,SWE,1958,2.03,2.25
Sweden,SWE,1959,1.99,2.226
Sweden,SWE,1960,1.96,2.17
Sweden,SWE,1961,1.92,2.202
Sweden,SWE,1962,1.86,2.236
Sweden,SWE,1963,1.79,2.315
Sweden,SWE,1964,1.71,2.448
Sweden,SWE,1965,1.63,2.401
Sweden,SWE,1966,1.56,2.356
Sweden,SWE,1967,1.49,2.266
Sweden,SWE,1968,1.44,2.074
Sweden,SWE,1969,1.39,1.931
Sweden,SWE,1970,1.34,1.921
Sweden,SWE,1971,1.29,1.957
Sweden,SWE,1972,1.23,1.91
Sweden,SWE,1973,1.16,1.868
Sweden,SWE,1974,1.09,1.867
Sweden,SWE,1975,1.03,1.767
Sweden,SWE,1976,0.98,1.682
Sweden,SWE,1977,0.94,1.64
Sweden,SWE,1978,0.9,1.601
Sweden,SWE,1979,0.87,1.65
Sweden,SWE,1980,0.84,1.672
Sweden,SWE,1981,0.82,1.633
Sweden,SWE,1982,0.8,1.618
Sweden,SWE,1983,0.78,1.613
Sweden,SWE,1984,0.77,1.655
Sweden,SWE,1985,0.76,1.734
Sweden,SWE,1986,0.75,1.795
Sweden,SWE,1987,0.74,1.844
Sweden,SWE,1988,0.73,1.956
Sweden,SWE,1989,0.72,2.015
Sweden,SWE,1990,0.7,2.121
Sweden,SWE,1991,0.66,2.109
Sweden,SWE,1992,0.62,2.078
Sweden,SWE,1993,0.57,1.987
Sweden,SWE,1994,0.52,1.878
Sweden,SWE,1995,0.48,1.73
Sweden,SWE,1996,0.46,1.6
Sweden,SWE,1997,0.44,1.527
Sweden,SWE,1998,0.42,1.506
Sweden,SWE,1999,0.41,1.501
Sweden,SWE,2000,0.41,1.542
Sweden,SWE,2001,0.4,1.569
Sweden,SWE,2002,0.4,1.648
Sweden,SWE,2003,0.39,1.712
Sweden,SWE,2004,0.37,1.751
Sweden,SWE,2005,0.36,1.772
Sweden,SWE,2006,0.35,1.848
Sweden,SWE,2007,0.33,1.877
Sweden,SWE,2008,0.32,1.905
Sweden,SWE,2009,0.31,1.932
Sweden,SWE,2010,0.31,1.973
Sweden,SWE,2011,0.3,1.902
Sweden,SWE,2012,0.3,1.9
Sweden,SWE,2013,0.29,1.885
Sweden,SWE,2014,0.29,1.876
Sweden,SWE,2015,0.29,1.847
Sweden,SWE,2016,0.28,1.846
Sweden,SWE,2017,0.28,1.785
Sweden,SWE,2018,0.27,1.754
Sweden,SWE,2019,0.26,1.709
Sweden,SWE,2020,0.26,1.671
Sweden,SWE,2021,0.25,1.668
Sweden,SWE,2022,0.25,1.538
Sweden,SWE,2023,0.25,1.43
Switzerland,CHE,1876,27.61,1.943
Switzerland,CHE,1877,28.51,1.943
Switzerland,CHE,1878,27.98,1.943
Switzerland,CHE,1879,25.71,1.943
Switzerland,CHE,1880,25.32,1.943
Switzerland,CHE,1881,26.22,1.943
Switzerland,CHE,1882,24.04,1.943
Switzerland,CHE,1883,22.06,1.943
Switzerland,CHE,1884,21.81,1.943
Switzerland,CHE,1885,23.1,1.943
Switzerland,CHE,1886,22.2,1.943
Switzerland,CHE,1887,21.62,1.943
Switzerland,CHE,1888,20.39,1.943
Switzerland,CHE,1889,21.78,1.943
Switzerland,CHE,1890,20.81,1.943
Switzerland,CHE,1891,22.54,1.943
Switzerland,CHE,1892,19.66,1.943
Switzerland,CHE,1893,20.48,1.943
Switzerland,CHE,1894,20.79,1.943
Switzerland,CHE,1895,20.33,1.943
Switzerland,CHE,1896,17.84,1.943
Switzerland,CHE,1897,18.12,1.943
Switzerland,CHE,1898,19.76,1.943
Switzerland,CHE,1899,18.07,1.943
Switzerland,CHE,1900,19.7,1.943
Switzerland,CHE,1901,18.35,1.943
Switzerland,CHE,1902,16.83,1.943
Switzerland,CHE,1903,16.9,1.943
Switzerland,CHE,1904,18.25,1.943
Switzerland,CHE,1905,16.92,1.943
Switzerland,CHE,1906,16.43,1.943
Switzerland,CHE,1907,15.47,1.943
Switzerland,CHE,1908,14.14,1.943
Switzerland,CHE,1909,15.06,1.943
Switzerland,CHE,1910,14.07,1.943
Switzerland,CHE,1911,15.41,1.943
Switzerland,CHE,1912,12.27,1.943
Switzerland,CHE,1913,12.52,1.943
Switzerland,CHE,1914,11.84,1.943
Switzerland,CHE,1915,11.25,1.943
Switzerland,CHE,1916,10.29,1.943
Switzerland,CHE,1917,10.39,1.943
Switzerland,CHE,1918,12.68,1.943
Switzerland,CHE,1919,11.07,1.943
Switzerland,CHE,1920,12.09,1.943
Switzerland,CHE,1921,9.53,1.943
Switzerland,CHE,1922,8.77,1.943
Switzerland,CHE,1923,7.78,1.943
Switzerland,CHE,1924,7.88,1.943
Switzerland,CHE,1925,7.71,1.943
Switzerland,CHE,1926,7.39,1.943
Switzerland,CHE,1927,7.42,1.943
Switzerland,CHE,1928,7.39,1.943
Switzerland,CHE,1929,6.97,1.943
Switzerland,CHE,1930,6.74,1.943
Switzerland,CHE,1931,6.52,1.943
Switzerland,CHE,1932,6.68,1.943
Switzerland,CHE,1933,6.11,1.894
Switzerland,CHE,1934,5.97,1.875
Switzerland,CHE,1935,6.27,1.843
Switzerland,CHE,1936,5.97,1.803
Switzerland,CHE,1937,6.05,1.737
Switzerland,CHE,1938,5.6,1.78
Switzerland,CHE,1939,5.45,1.793
Switzerland,CHE,1940,6.16,1.816
Switzerland,CHE,1941,5.43,2.05
Switzerland,CHE,1942,5.08,2.265
Switzerland,CHE,1943,5.13,2.403
Switzerland,CHE,1944,5.35,2.496
Switzerland,CHE,1945,5.13,2.598
Switzerland,CHE,1946,4.95,2.617
Switzerland,CHE,1947,4.78,2.559
Switzerland,CHE,1948,4.39,2.539
Switzerland,CHE,1949,4.21,2.44
Switzerland,CHE,1950,3.86,2.399
Switzerland,CHE,1951,3.72,2.309
Switzerland,CHE,1952,3.58,2.324
Switzerland,CHE,1953,3.45,2.292
Switzerland,CHE,1954,3.31,2.287
Switzerland,CHE,1955,3.16,2.309
Switzerland,CHE,1956,3.02,2.358
Switzerland,CHE,1957,2.9,2.411
Switzerland,CHE,1958,2.8,2.406
Switzerland,CHE,1959,2.72,2.423
Switzerland,CHE,1960,2.65,2.441
Switzerland,CHE,1961,2.6,2.517
Switzerland,CHE,1962,2.53,2.58
Switzerland,CHE,1963,2.45,2.646
Switzerland,CHE,1964,2.36,2.653
Switzerland,CHE,1965,2.26,2.587
Switzerland,CHE,1966,2.16,2.5
Switzerland,CHE,1967,2.07,2.394
Switzerland,CHE,1968,1.99,2.289
Switzerland,CHE,1969,1.92,2.191
Switzerland,CHE,1970,1.84,2.103
Switzerland,CHE,1971,1.76,2.035
Switzerland,CHE,1972,1.67,1.913
Switzerland,CHE,1973,1.57,1.81
Switzerland,CHE,1974,1.48,1.729
Switzerland,CHE,1975,1.38,1.614
Switzerland,CHE,1976,1.29,1.546
Switzerland,CHE,1977,1.21,1.528
Switzerland,CHE,1978,1.14,1.506
Switzerland,CHE,1979,1.09,1.519
Switzerland,CHE,1980,1.04,1.547
Switzerland,CHE,1981,1.0,1.543
Switzerland,CHE,1982,0.97,1.549
Switzerland,CHE,1983,0.94,1.518
Switzerland,CHE,1984,0.92,1.523
Switzerland,CHE,1985,0.9,1.513
Switzerland,CHE,1986,0.89,1.526
Switzerland,CHE,1987,0.88,1.516
Switzerland,CHE,1988,0.86,1.562
Switzerland,CHE,1989,0.84,1.563
Switzerland,CHE,1990,0.82,1.578
Switzerland,CHE,1991,0.78,1.582
Switzerland,CHE,1992,0.75,1.572
Switzerland,CHE,1993,0.71,1.51
Switzerland,CHE,1994,0.67,1.488
Switzerland,CHE,1995,0.64,1.478
Switzerland,CHE,1996,0.62,1.497
Switzerland,CHE,1997,0.6,1.477
Switzerland,CHE,1998,0.58,1.469
Switzerland,CHE,1999,0.57,1.48
Switzerland,CHE,2000,0.56,1.486
Switzerland,CHE,2001,0.55,1.388
Switzerland,CHE,2002,0.54,1.383
Switzerland,CHE,2003,0.53,1.382
Switzerland,CHE,2004,0.52,1.409
Switzerland,CHE,2005,0.51,1.416
Switzerland,CHE,2006,0.49,1.432
Switzerland,CHE,2007,0.48,1.452
Switzerland,CHE,2008,0.47,1.478
Switzerland,CHE,2009,0.46,1.492
Switzerland,CHE,2010,0.46,1.517
Switzerland,CHE,2011,0.45,1.513
Switzerland,CHE,2012,0.44,1.52
Switzerland,CHE,2013,0.44,1.514
Switzerland,CHE,2014,0.43,1.534
Switzerland,CHE,2015,0.43,1.537
Switzerland,CHE,2016,0.42,1.54
Switzerland,CHE,2017,0.41,1.519
Switzerland,CHE,2018,0.41,1.513
Switzerland,CHE,2019,0.4,1.478
Switzerland,CHE,2020,0.4,1.466
Switzerland,CHE,2021,0.4,1.526
Switzerland,CHE,2022,0.4,1.395
Switzerland,CHE,2023,0.39,1.433
Syria,SYR,1950,30.79,7.618
Syria,SYR,1951,29.2,7.629
Syria,SYR,1952,27.68,7.63
Syria,SYR,1953,25.34,7.626
Syria,SYR,1954,23.85,7.63
Syria,SYR,1955,22.47,7.634
Syria,SYR,1956,21.15,7.594
Syria,SYR,1957,19.94,7.557
Syria,SYR,1958,18.83,7.512
Syria,SYR,1959,17.81,7.506
Syria,SYR,1960,16.89,7.505
Syria,SYR,1961,16.07,7.502
Syria,SYR,1962,15.33,7.51
Syria,SYR,1963,14.66,7.511
Syria,SYR,1964,14.05,7.525
Syria,SYR,1965,13.45,7.532
Syria,SYR,1966,12.86,7.552
Syria,SYR,1967,12.26,7.556
Syria,SYR,1968,11.65,7.569
Syria,SYR,1969,11.05,7.586
Syria,SYR,1970,10.46,7.621
Syria,SYR,1971,9.91,7.6
Syria,SYR,1972,9.4,7.573
Syria,SYR,1973,8.92,7.548
Syria,SYR,1974,8.47,7.52
Syria,SYR,1975,8.03,7.486
Syria,SYR,1976,7.61,7.448
Syria,SYR,1977,7.19,7.418
Syria,SYR,1978,6.79,7.345
Syria,SYR,1979,6.4,7.247
Syria,SYR,1980,6.03,7.119
Syria,SYR,1981,6.33,6.974
Syria,SYR,1982,7.06,6.811
Syria,SYR,1983,5.1,6.692
Syria,SYR,1984,4.84,6.586
Syria,SYR,1985,4.6,6.484
Syria,SYR,1986,4.39,6.365
Syria,SYR,1987,4.19,6.201
Syria,SYR,1988,4.02,5.999
Syria,SYR,1989,3.85,5.777
Syria,SYR,1990,3.7,5.561
Syria,SYR,1991,3.55,5.342
Syria,SYR,1992,3.4,5.141
Syria,SYR,1993,3.24,4.994
Syria,SYR,1994,3.09,4.856
Syria,SYR,1995,2.94,4.697
Syria,SYR,1996,2.8,4.536
Syria,SYR,1997,2.66,4.371
Syria,SYR,1998,2.53,4.25
Syria,SYR,1999,2.42,4.144
Syria,SYR,2000,2.32,4.068
Syria,SYR,2001,2.23,3.976
Syria,SYR,2002,2.15,3.865
Syria,SYR,2003,2.09,3.763
Syria,SYR,2004,2.03,3.679
Syria,SYR,2005,1.98,3.605
Syria,SYR,2006,1.95,3.562
Syria,SYR,2007,1.92,3.538
Syria,SYR,2008,1.9,3.481
Syria,SYR,2009,1.9,3.415
Syria,SYR,2010,1.9,3.355
Syria,SYR,2011,2.17,3.285
Syria,SYR,2012,3.39,3.221
Syria,SYR,2013,3.65,3.165
Syria,SYR,2014,3.53,3.117
Syria,SYR,2015,3.7,3.067
Syria,SYR,2016,3.22,3.012
Syria,SYR,2017,3.3,2.972
Syria,SYR,2018,3.26,2.932
Syria,SYR,2019,2.5,2.878
Syria,SYR,2020,2.24,2.837
Syria,SYR,2021,2.1,2.798
Syria,SYR,2022,2.11,2.746
Syria,SYR,2023,2.06,2.712
Taiwan,TWN,1950,2.72,6.481
Taiwan,TWN,1951,2.72,6.637
Taiwan,TWN,1952,2.72,6.687
Taiwan,TWN,1953,2.72,6.681
Taiwan,TWN,1954,2.72,6.656
Taiwan,TWN,1955,2.72,6.586
Taiwan,TWN,1956,2.72,6.489
Taiwan,TWN,1957,2.72,6.334
Taiwan,TWN,1958,2.72,6.154
Taiwan,TWN,1959,2.72,5.942
Taiwan,TWN,1960,2.72,5.787
Taiwan,TWN,1961,2.72,5.666
Taiwan,TWN,1962,2.72,5.535
Taiwan,TWN,1963,2.72,5.387
Taiwan,TWN,1964,2.72,5.202
Taiwan,TWN,1965,2.72,4.994
Taiwan,TWN,1966,2.72,4.778
Taiwan,TWN,1967,2.72,4.534
Taiwan,TWN,1968,2.72,4.37
Taiwan,TWN,1969,2.72,4.184
Taiwan,TWN,1970,2.72,3.976
Taiwan,TWN,1971,2.53,3.723
Taiwan,TWN,1972,2.2,3.436
Taiwan,TWN,1973,2.17,3.249
Taiwan,TWN,1974,1.99,3.089
Taiwan,TWN,1975,1.97,2.973
Taiwan,TWN,1976,1.8,3.004
Taiwan,TWN,1977,1.66,2.738
Taiwan,TWN,1978,1.57,2.68
Taiwan,TWN,1979,1.5,2.645
Taiwan,TWN,1980,1.53,2.53
Taiwan,TWN,1981,1.43,2.453
Taiwan,TWN,1982,1.28,2.327
Taiwan,TWN,1983,1.18,2.179
Taiwan,TWN,1984,1.08,2.046
Taiwan,TWN,1985,1.06,1.884
Taiwan,TWN,1986,0.98,1.72
Taiwan,TWN,1987,0.85,1.715
Taiwan,TWN,1988,0.9,1.803
Taiwan,TWN,1989,0.89,1.743
Taiwan,TWN,1990,0.89,1.787
Taiwan,TWN,1991,0.84,1.746
Taiwan,TWN,1992,0.82,1.744
Taiwan,TWN,1993,0.78,1.767
Taiwan,TWN,1994,0.76,1.771
Taiwan,TWN,1995,0.9,1.782
Taiwan,TWN,1996,0.93,1.779
Taiwan,TWN,1997,0.9,1.736
Taiwan,TWN,1998,0.89,1.541
Taiwan,TWN,1999,0.91,1.533
Taiwan,TWN,2000,0.86,1.472
Taiwan,TWN,2001,0.8,1.404
Taiwan,TWN,2002,0.77,1.327
Taiwan,TWN,2003,0.69,1.248
Taiwan,TWN,2004,0.74,1.185
Taiwan,TWN,2005,0.7,1.133
Taiwan,TWN,2006,0.67,1.118
Taiwan,TWN,2007,0.66,1.102
Taiwan,TWN,2008,0.64,1.062
Taiwan,TWN,2009,0.56,1.005
Taiwan,TWN,2010,0.54,0.916
Taiwan,TWN,2011,0.54,1.059
Taiwan,TWN,2012,0.54,1.188
Taiwan,TWN,2013,0.54,1.13
Taiwan,TWN,2014,0.54,1.162
Taiwan,TWN,2015,0.54,1.185
Taiwan,TWN,2016,0.54,1.171
Taiwan,TWN,2017,0.54,1.121
Taiwan,TWN,2018,0.54,1.075
Taiwan,TWN,2019,0.54,1.045
Taiwan,TWN,2020,0.54,0.99
Taiwan,TWN,2021,0.54,0.975
Taiwan,TWN,2022,0.54,0.87
Taiwan,TWN,2023,0.54,0.87
Tajikistan,TJK,1950,15.5,5.609
Tajikistan,TJK,1951,15.5,5.603
Tajikistan,TJK,1952,15.5,5.601
Tajikistan,TJK,1953,15.5,5.66
Tajikistan,TJK,1954,15.5,5.721
Tajikistan,TJK,1955,15.5,5.785
Tajikistan,TJK,1956,15.5,5.847
Tajikistan,TJK,1957,15.5,5.917
Tajikistan,TJK,1958,15.5,6.045
Tajikistan,TJK,1959,15.5,6.131
Tajikistan,TJK,1960,15.5,6.235
Tajikistan,TJK,1961,15.5,6.353
Tajikistan,TJK,1962,15.5,6.479
Tajikistan,TJK,1963,15.5,6.62
Tajikistan,TJK,1964,15.5,6.68
Tajikistan,TJK,1965,15.5,6.743
Tajikistan,TJK,1966,15.5,6.815
Tajikistan,TJK,1967,15.5,6.886
Tajikistan,TJK,1968,15.5,6.912
Tajikistan,TJK,1969,15.5,6.911
Tajikistan,TJK,1970,15.5,6.911
Tajikistan,TJK,1971,15.5,6.911
Tajikistan,TJK,1972,15.5,6.893
Tajikistan,TJK,1973,14.96,6.841
Tajikistan,TJK,1974,14.41,6.772
Tajikistan,TJK,1975,13.95,6.692
Tajikistan,TJK,1976,13.54,6.601
Tajikistan,TJK,1977,13.21,6.494
Tajikistan,TJK,1978,12.97,6.4
Tajikistan,TJK,1979,12.82,6.311
Tajikistan,TJK,1980,12.72,6.212
Tajikistan,TJK,1981,12.63,6.117
Tajikistan,TJK,1982,12.5,6.034
Tajikistan,TJK,1983,12.29,5.981
Tajikistan,TJK,1984,11.98,5.956
Tajikistan,TJK,1985,11.55,5.944
Tajikistan,TJK,1986,11.05,5.906
Tajikistan,TJK,1987,10.54,5.839
Tajikistan,TJK,1988,10.12,5.754
Tajikistan,TJK,1989,9.88,5.609
Tajikistan,TJK,1990,9.92,5.456
Tajikistan,TJK,1991,10.22,5.276
Tajikistan,TJK,1992,10.59,5.056
Tajikistan,TJK,1993,10.87,4.921
Tajikistan,TJK,1994,10.95,4.792
Tajikistan,TJK,1995,10.79,4.664
Tajikistan,TJK,1996,10.4,3.94
Tajikistan,TJK,1997,9.86,4.06
Tajikistan,TJK,1998,9.26,4.07
Tajikistan,TJK,1999,8.62,3.85
Tajikistan,TJK,2000,7.97,3.49
Tajikistan,TJK,2001,7.34,3.49
Tajikistan,TJK,2002,6.75,3.47
Tajikistan,TJK,2003,6.18,3.42
Tajikistan,TJK,2004,5.67,3.507
Tajikistan,TJK,2005,5.22,3.398
Tajikistan,TJK,2006,4.82,3.341
Tajikistan,TJK,2007,4.47,3.367
Tajikistan,TJK,2008,4.17,3.388
Tajikistan,TJK,2009,3.92,3.43
Tajikistan,TJK,2010,3.7,3.457
Tajikistan,TJK,2011,3.52,3.456
Tajikistan,TJK,2012,3.36,3.421
Tajikistan,TJK,2013,3.23,3.433
Tajikistan,TJK,2014,3.12,3.459
Tajikistan,TJK,2015,3.02,3.459
Tajikistan,TJK,2016,2.94,3.384
Tajikistan,TJK,2017,2.88,3.29
Tajikistan,TJK,2018,2.83,3.294
Tajikistan,TJK,2019,2.81,3.281
Tajikistan,TJK,2020,2.8,3.211
Tajikistan,TJK,2021,2.79,3.17
Tajikistan,TJK,2022,2.77,3.127
Tajikistan,TJK,2023,2.73,3.072
Tanzania,TZA,1950,25.78,6.182
Tanzania,TZA,1951,25.78,6.204
Tanzania,TZA,1952,25.6,6.229
Tanzania,TZA,1953,25.41,6.248
Tanzania,TZA,1954,25.21,6.267
Tanzania,TZA,1955,25.03,6.305
Tanzania,TZA,1956,24.86,6.364
Tanzania,TZA,1957,24.68,6.437
Tanzania,TZA,1958,24.54,6.475
Tanzania,TZA,1959,24.38,6.501
Tanzania,TZA,1960,24.19,6.536
Tanzania,TZA,1961,24.0,6.562
Tanzania,TZA,1962,23.79,6.605
Tanzania,TZA,1963,23.59,6.647
Tanzania,TZA,1964,23.35,6.68
Tanzania,TZA,1965,23.1,6.727
Tanzania,TZA,1966,22.81,6.804
Tanzania,TZA,1967,22.52,6.864
Tanzania,TZA,1968,22.2,6.9
Tanzania,TZA,1969,21.87,6.954
Tanzania,TZA,1970,21.56,7.001
Tanzania,TZA,1971,21.22,7.044
Tanzania,TZA,1972,20.85,7.052
Tanzania,TZA,1973,20.47,7.062
Tanzania,TZA,1974,20.06,7.123
Tanzania,TZA,1975,19.63,7.101
Tanzania,TZA,1976,19.18,7.086
Tanzania,TZA,1977,18.75,7.072
Tanzania,TZA,1978,18.36,7.06
Tanzania,TZA,1979,18.05,7.043
Tanzania,TZA,1980,17.87,6.991
Tanzania,TZA,1981,17.79,6.93
Tanzania,TZA,1982,17.78,6.868
Tanzania,TZA,1983,17.79,6.805
Tanzania,TZA,1984,17.78,6.715
Tanzania,TZA,1985,17.7,6.598
Tanzania,TZA,1986,17.56,6.488
Tanzania,TZA,1987,17.37,6.406
Tanzania,TZA,1988,17.15,6.379
Tanzania,TZA,1989,16.91,6.303
Tanzania,TZA,1990,16.69,6.201
Tanzania,TZA,1991,16.49,6.135
Tanzania,TZA,1992,16.3,6.078
Tanzania,TZA,1993,16.09,5.997
Tanzania,TZA,1994,15.88,5.894
Tanzania,TZA,1995,15.61,5.822
Tanzania,TZA,1996,15.24,5.826
Tanzania,TZA,1997,14.78,5.836
Tanzania,TZA,1998,14.24,5.811
Tanzania,TZA,1999,13.58,5.747
Tanzania,TZA,2000,12.84,5.67
Tanzania,TZA,2001,12.06,5.617
Tanzania,TZA,2002,11.28,5.57
Tanzania,TZA,2003,10.53,5.578
Tanzania,TZA,2004,9.86,5.597
Tanzania,TZA,2005,9.24,5.579
Tanzania,TZA,2006,8.69,5.511
Tanzania,TZA,2007,8.16,5.403
Tanzania,TZA,2008,7.7,5.324
Tanzania,TZA,2009,7.24,5.26
Tanzania,TZA,2010,6.86,5.225
Tanzania,TZA,2011,6.5,5.141
Tanzania,TZA,2012,6.21,5.137
Tanzania,TZA,2013,5.95,5.156
Tanzania,TZA,2014,5.67,5.122
Tanzania,TZA,2015,5.48,5.025
Tanzania,TZA,2016,5.25,5.006
Tanzania,TZA,2017,5.02,4.988
Tanzania,TZA,2018,4.8,4.932
Tanzania,TZA,2019,4.6,4.866
Tanzania,TZA,2020,4.42,4.801
Tanzania,TZA,2021,4.22,4.734
Tanzania,TZA,2022,4.05,4.671
Tanzania,TZA,2023,3.89,4.606
Thailand,THA,1949,21.17,6.359
Thailand,THA,1950,20.47,6.359
Thailand,THA,1951,19.81,6.384
Thailand,THA,1952,19.15,6.396
Thailand,THA,1953,18.52,6.416
Thailand,THA,1954,17.93,6.408
Thailand,THA,1955,17.34,6.391
Thailand,THA,1956,16.77,6.373
Thailand,THA,1957,16.23,6.355
Thailand,THA,1958,15.69,6.345
Thailand,THA,1959,15.17,6.332
Thailand,THA,1960,14.66,6.325
Thailand,THA,1961,14.17,6.324
Thailand,THA,1962,13.69,6.331
Thailand,THA,1963,13.22,6.342
Thailand,THA,1964,12.75,6.309
Thailand,THA,1965,12.29,6.258
Thailand,THA,1966,11.84,6.182
Thailand,THA,1967,11.38,6.077
Thailand,THA,1968,10.9,5.928
Thailand,THA,1969,10.43,5.704
Thailand,THA,1970,9.95,5.452
Thailand,THA,1971,9.47,5.253
Thailand,THA,1972,9.01,5.077
Thailand,THA,1973,8.56,4.845
Thailand,THA,1974,8.14,4.598
Thailand,THA,1975,7.73,4.364
Thailand,THA,1976,7.35,4.119
Thailand,THA,1977,7.0,3.865
Thailand,THA,1978,6.67,3.617
Thailand,THA,1979,6.36,3.451
Thailand,THA,1980,6.07,3.293
Thailand,THA,1981,5.79,3.127
Thailand,THA,1982,5.53,2.943
Thailand,THA,1983,5.28,2.755
Thailand,THA,1984,5.03,2.582
Thailand,THA,1985,4.8,2.45
Thailand,THA,1986,4.57,2.358
Thailand,THA,1987,4.34,2.255
Thailand,THA,1988,4.12,2.171
Thailand,THA,1989,3.91,2.136
Thailand,THA,1990,3.69,2.065
Thailand,THA,1991,3.49,2.036
Thailand,THA,1992,3.3,2.008
Thailand,THA,1993,3.12,1.967
Thailand,THA,1994,2.96,1.928
Thailand,THA,1995,2.81,1.888
Thailand,THA,1996,2.67,1.865
Thailand,THA,1997,2.53,1.845
Thailand,THA,1998,2.41,1.815
Thailand,THA,1999,2.29,1.768
Thailand,THA,2000,2.18,1.734
Thailand,THA,2001,2.08,1.711
Thailand,THA,2002,1.98,1.688
Thailand,THA,2003,1.89,1.673
Thailand,THA,2004,1.81,1.665
Thailand,THA,2005,1.73,1.644
Thailand,THA,2006,1.66,1.631
Thailand,THA,2007,1.59,1.616
Thailand,THA,2008,1.53,1.587
Thailand,THA,2009,1.47,1.565
Thailand,THA,2010,1.42,1.562
Thailand,THA,2011,1.37,1.571
Thailand,THA,2012,1.32,1.563
Thailand,THA,2013,1.27,1.526
Thailand,THA,2014,1.23,1.484
Thailand,THA,2015,1.19,1.451
Thailand,THA,2016,1.15,1.4
Thailand,THA,2017,1.11,1.363
Thailand,THA,2018,1.08,1.323
Thailand,THA,2019,1.04,1.285
Thailand,THA,2020,1.01,1.259
Thailand,THA,2021,0.98,1.234
Thailand,THA,2022,0.95,1.221
Thailand,THA,2023,0.92,1.212
Togo,TGO,1944,28.96,6.598
Togo,TGO,1945,28.78,6.598
Togo,TGO,1946,28.62,6.598
Togo,TGO,1947,28.47,6.598
Togo,TGO,1948,28.31,6.598
Togo,TGO,1949,28.13,6.598
Togo,TGO,1950,27.96,6.598
Togo,TGO,1951,27.81,6.62
Togo,TGO,1952,27.65,6.642
Togo,TGO,1953,27.5,6.652
Togo,TGO,1954,27.33,6.661
Togo,TGO,1955,27.14,6.665
Togo,TGO,1956,26.94,6.691
Togo,TGO,1957,26.72,6.711
Togo,TGO,1958,26.49,6.732
Togo,TGO,1959,26.27,6.765
Togo,TGO,1960,26.03,6.797
Togo,TGO,1961,25.78,6.821
Togo,TGO,1962,25.52,6.857
Togo,TGO,1963,25.23,6.893
Togo,TGO,1964,24.91,6.916
Togo,TGO,1965,24.57,6.937
Togo,TGO,1966,24.19,6.956
Togo,TGO,1967,23.8,6.959
Togo,TGO,1968,23.39,6.97
Togo,TGO,1969,22.96,7.015
Togo,TGO,1970,22.52,7.035
Togo,TGO,1971,22.05,7.064
Togo,TGO,1972,21.59,7.069
Togo,TGO,1973,21.11,7.081
Togo,TGO,1974,20.65,7.09
Togo,TGO,1975,20.18,7.088
Togo,TGO,1976,19.7,7.063
Togo,TGO,1977,19.23,7.025
Togo,TGO,1978,18.77,6.983
Togo,TGO,1979,18.32,6.935
Togo,TGO,1980,17.88,6.876
Togo,TGO,1981,17.47,6.809
Togo,TGO,1982,17.06,6.725
Togo,TGO,1983,16.68,6.633
Togo,TGO,1984,16.32,6.542
Togo,TGO,1985,15.98,6.457
Togo,TGO,1986,15.67,6.382
Togo,TGO,1987,15.4,6.304
Togo,TGO,1988,15.15,6.228
Togo,TGO,1989,14.93,6.149
Togo,TGO,1990,14.72,6.067
Togo,TGO,1991,14.52,5.987
Togo,TGO,1992,14.33,5.886
Togo,TGO,1993,14.11,5.782
Togo,TGO,1994,13.88,5.672
Togo,TGO,1995,13.62,5.565
Togo,TGO,1996,13.32,5.459
Togo,TGO,1997,13.01,5.363
Togo,TGO,1998,12.67,5.288
Togo,TGO,1999,12.32,5.226
Togo,TGO,2000,11.96,5.165
Togo,TGO,2001,11.6,5.128
Togo,TGO,2002,11.25,5.092
Togo,TGO,2003,10.91,5.048
Togo,TGO,2004,10.59,4.995
Togo,TGO,2005,10.27,5.038
Togo,TGO,2006,9.97,5.076
Togo,TGO,2007,9.69,5.102
Togo,TGO,2008,9.41,5.1
Togo,TGO,2009,9.14,5.104
Togo,TGO,2010,8.87,5.087
Togo,TGO,2011,8.59,4.984
Togo,TGO,2012,8.33,4.854
Togo,TGO,2013,8.07,4.754
Togo,TGO,2014,7.81,4.702
Togo,TGO,2015,7.56,4.662
Togo,TGO,2016,7.32,4.634
Togo,TGO,2017,7.09,4.576
Togo,TGO,2018,6.86,4.513
Togo,TGO,2019,6.63,4.45
Togo,TGO,2020,6.43,4.386
Togo,TGO,2021,6.22,4.324
Togo,TGO,2022,6.02,4.253
Togo,TGO,2023,5.83,4.192
Tokelau,TKL,1950,7.30375,5.118
Tokelau,TKL,1951,7.30375,5.221
Tokelau,TKL,1952,7.30375,5.308
Tokelau,TKL,1953,7.30375,5.381
Tokelau,TKL,1954,7.30375,5.392
Tokelau,TKL,1955,7.30375,5.497
Tokelau,TKL,1956,7.30375,5.6
Tokelau,TKL,1957,7.30375,5.625
Tokelau,TKL,1958,7.30375,5.668
Tokelau,TKL,1959,7.30375,5.706
Tokelau,TKL,1960,7.30375,5.728
Tokelau,TKL,1961,7.30375,5.717
Tokelau,TKL,1962,7.30375,5.692
Tokelau,TKL,1963,7.30375,5.657
Tokelau,TKL,1964,7.30375,5.621
Tokelau,TKL,1965,7.30375,5.552
Tokelau,TKL,1966,7.30375,5.462
Tokelau,TKL,1967,7.30375,5.369
Tokelau,TKL,1968,7.30375,5.27
Tokelau,TKL,1969,7.30375,5.162
Tokelau,TKL,1970,7.30375,5.037
Tokelau,TKL,1971,7.30375,4.926
Tokelau,TKL,1972,7.30375,4.804
Tokelau,TKL,1973,7.30375,4.656
Tokelau,TKL,1974,7.30375,4.517
Tokelau,TKL,1975,7.30375,4.41
Tokelau,TKL,1976,7.30375,4.317
Tokelau,TKL,1977,7.30375,4.223
Tokelau,TKL,1978,7.30375,4.157
Tokelau,TKL,1979,7.30375,4.097
Tokelau,TKL,1980,7.30375,4.079
Tokelau,TKL,1981,7.30375,4.059
Tokelau,TKL,1982,7.30375,4.055
Tokelau,TKL,1983,7.30375,4.092
Tokelau,TKL,1984,7.30375,4.146
Tokelau,TKL,1985,7.30375,4.194
Tokelau,TKL,1986,7.30375,4.259
Tokelau,TKL,1987,7.30375,4.325
Tokelau,TKL,1988,7.30375,4.417
Tokelau,TKL,1989,7.30375,4.507
Tokelau,TKL,1990,7.30375,4.564
Tokelau,TKL,1991,7.30375,4.598
Tokelau,TKL,1992,7.30375,4.606
Tokelau,TKL,1993,7.30375,4.579
Tokelau,TKL,1994,7.30375,4.521
Tokelau,TKL,1995,7.30375,4.468
Tokelau,TKL,1996,7.30375,4.381
Tokelau,TKL,1997,7.30375,4.267
Tokelau,TKL,1998,7.30375,4.137
Tokelau,TKL,1999,7.30375,3.996
Tokelau,TKL,2000,7.30375,3.823
Tokelau,TKL,2001,7.30375,3.672
Tokelau,TKL,2002,7.30375,3.57
Tokelau,TKL,2003,7.30375,3.514
Tokelau,TKL,2004,7.30375,3.47
Tokelau,TKL,2005,7.30375,3.44
Tokelau,TKL,2006,7.30375,3.42
Tokelau,TKL,2007,7.30375,3.4
Tokelau,TKL,2008,7.30375,3.378
Tokelau,TKL,2009,7.30375,3.342
Tokelau,TKL,2010,7.30375,3.249
Tokelau,TKL,2011,7.30375,3.164
Tokelau,TKL,2012,7.30375,3.095
Tokelau,TKL,2013,7.30375,3.042
Tokelau,TKL,2014,7.30375,2.987
Tokelau,TKL,2015,7.30375,2.924
Tokelau,TKL,2016,7.30375,2.864
Tokelau,TKL,2017,7.30375,2.811
Tokelau,TKL,2018,7.30375,2.777
Tokelau,TKL,2019,7.30375,2.745
Tokelau,TKL,2020,7.30375,2.711
Tokelau,TKL,2021,7.30375,2.683
Tokelau,TKL,2022,7.30375,2.646
Tokelau,TKL,2023,7.30375,2.612
Tonga,TON,1950,7.83,6.699
Tonga,TON,1951,7.83,6.69
Tonga,TON,1952,7.83,6.692
Tonga,TON,1953,7.83,6.702
Tonga,TON,1954,7.83,6.696
Tonga,TON,1955,7.83,6.683
Tonga,TON,1956,7.83,6.663
Tonga,TON,1957,7.83,6.652
Tonga,TON,1958,7.83,6.648
Tonga,TON,1959,7.83,6.644
Tonga,TON,1960,7.83,6.651
Tonga,TON,1961,7.83,6.61
Tonga,TON,1962,7.83,6.571
Tonga,TON,1963,7.83,6.517
Tonga,TON,1964,7.35,6.464
Tonga,TON,1965,6.89,6.408
Tonga,TON,1966,6.45,6.349
Tonga,TON,1967,6.03,6.293
Tonga,TON,1968,5.63,6.226
Tonga,TON,1969,5.25,6.166
Tonga,TON,1970,4.91,6.071
Tonga,TON,1971,4.61,5.958
Tonga,TON,1972,4.35,5.862
Tonga,TON,1973,4.11,5.801
Tonga,TON,1974,3.9,5.765
Tonga,TON,1975,3.71,5.746
Tonga,TON,1976,3.53,5.726
Tonga,TON,1977,3.37,5.699
Tonga,TON,1978,3.22,5.684
Tonga,TON,1979,3.09,5.647
Tonga,TON,1980,2.97,5.599
Tonga,TON,1981,2.87,5.554
Tonga,TON,1982,2.78,5.497
Tonga,TON,1983,2.7,5.45
Tonga,TON,1984,2.63,5.407
Tonga,TON,1985,2.57,5.344
Tonga,TON,1986,2.51,5.273
Tonga,TON,1987,2.44,5.192
Tonga,TON,1988,2.37,5.103
Tonga,TON,1989,2.29,5.006
Tonga,TON,1990,2.21,4.929
Tonga,TON,1991,2.14,4.852
Tonga,TON,1992,2.06,4.787
Tonga,TON,1993,2.0,4.726
Tonga,TON,1994,1.94,4.658
Tonga,TON,1995,1.89,4.563
Tonga,TON,1996,1.85,4.455
Tonga,TON,1997,1.81,4.378
Tonga,TON,1998,1.78,4.309
Tonga,TON,1999,1.74,4.228
Tonga,TON,2000,1.7,4.159
Tonga,TON,2001,1.65,4.127
Tonga,TON,2002,1.61,4.138
Tonga,TON,2003,1.56,4.175
Tonga,TON,2004,1.52,4.186
Tonga,TON,2005,1.48,4.195
Tonga,TON,2006,1.44,4.141
Tonga,TON,2007,1.41,4.086
Tonga,TON,2008,1.37,4.012
Tonga,TON,2009,1.34,3.946
Tonga,TON,2010,1.31,3.879
Tonga,TON,2011,1.29,3.829
Tonga,TON,2012,1.26,3.768
Tonga,TON,2013,1.24,3.696
Tonga,TON,2014,1.22,3.619
Tonga,TON,2015,1.19,3.54
Tonga,TON,2016,1.17,3.463
Tonga,TON,2017,1.15,3.388
Tonga,TON,2018,1.12,3.326
Tonga,TON,2019,1.1,3.274
Tonga,TON,2020,1.08,3.234
Tonga,TON,2021,1.05,3.198
Tonga,TON,2022,1.02,3.171
Tonga,TON,2023,0.99,3.129
Trinidad and Tobago,TTO,1918,22.03,5.182
Trinidad and Tobago,TTO,1919,25.15,5.182
Trinidad and Tobago,TTO,1920,28.44,5.182
Trinidad and Tobago,TTO,1921,22.41,5.182
Trinidad and Tobago,TTO,1922,22.22,5.182
Trinidad and Tobago,TTO,1923,20.53,5.182
Trinidad and Tobago,TTO,1924,19.41,5.182
Trinidad and Tobago,TTO,1925,21.28,5.182
Trinidad and Tobago,TTO,1926,22.96,5.182
Trinidad and Tobago,TTO,1927,18.84,5.182
Trinidad and Tobago,TTO,1928,20.35,5.182
Trinidad and Tobago,TTO,1929,20.16,5.182
Trinidad and Tobago,TTO,1930,19.97,5.182
Trinidad and Tobago,TTO,1931,23.15,5.182
Trinidad and Tobago,TTO,1932,16.59,5.182
Trinidad and Tobago,TTO,1933,20.72,5.182
Trinidad and Tobago,TTO,1934,19.97,5.182
Trinidad and Tobago,TTO,1935,14.74,5.182
Trinidad and Tobago,TTO,1936,14.38,5.182
Trinidad and Tobago,TTO,1937,18.66,5.182
Trinidad and Tobago,TTO,1938,14.56,5.182
Trinidad and Tobago,TTO,1939,15.66,5.182
Trinidad and Tobago,TTO,1940,16.04,5.182
Trinidad and Tobago,TTO,1941,16.59,5.182
Trinidad and Tobago,TTO,1942,18.47,5.182
Trinidad and Tobago,TTO,1943,13.66,5.182
Trinidad and Tobago,TTO,1944,11.37,5.182
Trinidad and Tobago,TTO,1945,12.06,5.182
Trinidad and Tobago,TTO,1946,11.2,5.182
Trinidad and Tobago,TTO,1947,11.54,5.182
Trinidad and Tobago,TTO,1948,10.52,5.182
Trinidad and Tobago,TTO,1949,11.37,5.182
Trinidad and Tobago,TTO,1950,10.645,5.182
Trinidad and Tobago,TTO,1951,9.92,5.214
Trinidad and Tobago,TTO,1952,9.195,5.244
Trinidad and Tobago,TTO,1953,8.47,5.279
Trinidad and Tobago,TTO,1954,8.21,5.343
Trinidad and Tobago,TTO,1955,7.95,5.349
Trinidad and Tobago,TTO,1956,7.7,5.266
Trinidad and Tobago,TTO,1957,7.44,5.279
Trinidad and Tobago,TTO,1958,7.2,5.298
Trinidad and Tobago,TTO,1959,6.97,5.348
Trinidad and Tobago,TTO,1960,6.74,5.405
Trinidad and Tobago,TTO,1961,6.53,5.405
Trinidad and Tobago,TTO,1962,6.33,5.358
Trinidad and Tobago,TTO,1963,6.14,5.242
Trinidad and Tobago,TTO,1964,5.96,5.081
Trinidad and Tobago,TTO,1965,5.8,4.88
Trinidad and Tobago,TTO,1966,5.66,4.62
Trinidad and Tobago,TTO,1967,5.53,4.35
Trinidad and Tobago,TTO,1968,5.4,4.106
Trinidad and Tobago,TTO,1969,5.28,3.856
Trinidad and Tobago,TTO,1970,5.17,3.709
Trinidad and Tobago,TTO,1971,5.06,3.612
Trinidad and Tobago,TTO,1972,4.95,3.551
Trinidad and Tobago,TTO,1973,4.84,3.466
Trinidad and Tobago,TTO,1974,4.72,3.319
Trinidad and Tobago,TTO,1975,4.6,3.214
Trinidad and Tobago,TTO,1976,4.48,3.138
Trinidad and Tobago,TTO,1977,4.37,3.121
Trinidad and Tobago,TTO,1978,4.25,3.129
Trinidad and Tobago,TTO,1979,4.14,3.126
Trinidad and Tobago,TTO,1980,4.03,3.145
Trinidad and Tobago,TTO,1981,3.92,3.133
Trinidad and Tobago,TTO,1982,3.83,3.108
Trinidad and Tobago,TTO,1983,3.73,3.07
Trinidad and Tobago,TTO,1984,3.64,3.017
Trinidad and Tobago,TTO,1985,3.56,2.988
Trinidad and Tobago,TTO,1986,3.49,2.903
Trinidad and Tobago,TTO,1987,3.42,2.775
Trinidad and Tobago,TTO,1988,3.36,2.646
Trinidad and Tobago,TTO,1989,3.3,2.526
Trinidad and Tobago,TTO,1990,3.25,2.394
Trinidad and Tobago,TTO,1991,3.21,2.29
Trinidad and Tobago,TTO,1992,3.16,2.213
Trinidad and Tobago,TTO,1993,3.13,2.129
Trinidad and Tobago,TTO,1994,3.09,2.064
Trinidad and Tobago,TTO,1995,3.06,1.967
Trinidad and Tobago,TTO,1996,3.02,1.894
Trinidad and Tobago,TTO,1997,2.99,1.831
Trinidad and Tobago,TTO,1998,2.96,1.784
Trinidad and Tobago,TTO,1999,2.92,1.76
Trinidad and Tobago,TTO,2000,2.88,1.732
Trinidad and Tobago,TTO,2001,2.84,1.705
Trinidad and Tobago,TTO,2002,2.81,1.672
Trinidad and Tobago,TTO,2003,2.76,1.648
Trinidad and Tobago,TTO,2004,2.72,1.627
Trinidad and Tobago,TTO,2005,2.68,1.625
Trinidad and Tobago,TTO,2006,2.64,1.624
Trinidad and Tobago,TTO,2007,2.59,1.622
Trinidad and Tobago,TTO,2008,2.55,1.617
Trinidad and Tobago,TTO,2009,2.51,1.618
Trinidad and Tobago,TTO,2010,2.47,1.614
Trinidad and Tobago,TTO,2011,2.43,1.611
Trinidad and Tobago,TTO,2012,2.38,1.609
Trinidad and Tobago,TTO,2013,2.35,1.603
Trinidad and Tobago,TTO,2014,2.3,1.602
Trinidad and Tobago,TTO,2015,2.26,1.598
Trinidad and Tobago,TTO,2016,2.22,1.601
Trinidad and Tobago,TTO,2017,2.18,1.594
Trinidad and Tobago,TTO,2018,2.14,1.588
Trinidad and Tobago,TTO,2019,2.1,1.578
Trinidad and Tobago,TTO,2020,2.06,1.572
Trinidad and Tobago,TTO,2021,2.01,1.559
Trinidad and Tobago,TTO,2022,1.96,1.544
Trinidad and Tobago,TTO,2023,1.91,1.532
Tunisia,TUN,1950,28.32,6.68
Tunisia,TUN,1951,28.32,6.739
Tunisia,TUN,1952,28.32,6.804
Tunisia,TUN,1953,28.32,6.866
Tunisia,TUN,1954,28.32,6.93
Tunisia,TUN,1955,28.32,6.973
Tunisia,TUN,1956,28.32,7.016
Tunisia,TUN,1957,28.32,7.063
Tunisia,TUN,1958,28.32,7.106
Tunisia,TUN,1959,28.32,7.15
Tunisia,TUN,1960,28.32,7.157
Tunisia,TUN,1961,28.32,7.159
Tunisia,TUN,1962,27.24,7.168
Tunisia,TUN,1963,25.99,7.17
Tunisia,TUN,1964,24.78,7.166
Tunisia,TUN,1965,23.59,7.113
Tunisia,TUN,1966,22.44,7.055
Tunisia,TUN,1967,21.29,6.952
Tunisia,TUN,1968,20.17,6.806
Tunisia,TUN,1969,19.1,6.623
Tunisia,TUN,1970,18.05,6.426
Tunisia,TUN,1971,17.06,6.29
Tunisia,TUN,1972,16.12,6.187
Tunisia,TUN,1973,15.2,6.12
Tunisia,TUN,1974,14.29,6.048
Tunisia,TUN,1975,13.39,5.972
Tunisia,TUN,1976,12.51,5.873
Tunisia,TUN,1977,11.67,5.681
Tunisia,TUN,1978,10.88,5.401
Tunisia,TUN,1979,10.16,5.184
Tunisia,TUN,1980,9.52,5.033
Tunisia,TUN,1981,8.94,5.023
Tunisia,TUN,1982,8.42,4.89
Tunisia,TUN,1983,7.94,4.771
Tunisia,TUN,1984,7.48,4.664
Tunisia,TUN,1985,7.08,4.521
Tunisia,TUN,1986,6.69,4.361
Tunisia,TUN,1987,6.35,4.104
Tunisia,TUN,1988,6.03,3.833
Tunisia,TUN,1989,5.76,3.569
Tunisia,TUN,1990,5.5,3.441
Tunisia,TUN,1991,5.24,3.31
Tunisia,TUN,1992,5.0,3.189
Tunisia,TUN,1993,4.74,3.058
Tunisia,TUN,1994,4.48,2.874
Tunisia,TUN,1995,4.2,2.67
Tunisia,TUN,1996,3.92,2.488
Tunisia,TUN,1997,3.65,2.338
Tunisia,TUN,1998,3.38,2.197
Tunisia,TUN,1999,3.14,2.082
Tunisia,TUN,2000,2.92,2.025
Tunisia,TUN,2001,2.72,1.975
Tunisia,TUN,2002,2.55,1.941
Tunisia,TUN,2003,2.4,1.956
Tunisia,TUN,2004,2.27,1.95
Tunisia,TUN,2005,2.16,1.953
Tunisia,TUN,2006,2.07,1.952
Tunisia,TUN,2007,2.0,1.957
Tunisia,TUN,2008,1.94,1.975
Tunisia,TUN,2009,1.9,2.004
Tunisia,TUN,2010,1.87,2.075
Tunisia,TUN,2011,1.85,2.189
Tunisia,TUN,2012,1.84,2.277
Tunisia,TUN,2013,1.83,2.31
Tunisia,TUN,2014,1.83,2.316
Tunisia,TUN,2015,1.82,2.306
Tunisia,TUN,2016,1.81,2.275
Tunisia,TUN,2017,1.79,2.205
Tunisia,TUN,2018,1.75,2.133
Tunisia,TUN,2019,1.69,2.1
Tunisia,TUN,2020,1.6,2.0
Tunisia,TUN,2021,1.5,1.8
Tunisia,TUN,2022,1.39,1.847
Tunisia,TUN,2023,1.29,1.832
Turkey,TUR,1950,29.96,6.468
Turkey,TUR,1951,29.96,6.468
Turkey,TUR,1952,29.96,6.47
Turkey,TUR,1953,29.96,6.477
Turkey,TUR,1954,29.45,6.468
Turkey,TUR,1955,28.93,6.463
Turkey,TUR,1956,28.39,6.463
Turkey,TUR,1957,27.82,6.454
Turkey,TUR,1958,27.21,6.434
Turkey,TUR,1959,26.54,6.416
Turkey,TUR,1960,25.8,6.383
Turkey,TUR,1961,24.99,6.419
Turkey,TUR,1962,24.14,6.382
Turkey,TUR,1963,23.3,6.339
Turkey,TUR,1964,22.49,6.291
Turkey,TUR,1965,21.73,6.22
Turkey,TUR,1966,21.01,6.152
Turkey,TUR,1967,20.35,6.057
Turkey,TUR,1968,19.73,5.962
Turkey,TUR,1969,19.15,5.872
Turkey,TUR,1970,18.58,5.775
Turkey,TUR,1971,18.03,5.671
Turkey,TUR,1972,17.47,5.548
Turkey,TUR,1973,16.9,5.41
Turkey,TUR,1974,16.32,5.243
Turkey,TUR,1975,15.73,5.087
Turkey,TUR,1976,15.13,4.931
Turkey,TUR,1977,14.52,4.784
Turkey,TUR,1978,13.92,4.691
Turkey,TUR,1979,13.32,4.579
Turkey,TUR,1980,12.72,4.453
Turkey,TUR,1981,12.11,4.351
Turkey,TUR,1982,11.51,4.205
Turkey,TUR,1983,10.91,4.056
Turkey,TUR,1984,10.34,3.911
Turkey,TUR,1985,9.79,3.779
Turkey,TUR,1986,9.27,3.658
Turkey,TUR,1987,8.77,3.542
Turkey,TUR,1988,8.29,3.445
Turkey,TUR,1989,7.83,3.336
Turkey,TUR,1990,7.38,3.107
Turkey,TUR,1991,6.95,3.003
Turkey,TUR,1992,6.52,2.939
Turkey,TUR,1993,6.11,2.916
Turkey,TUR,1994,5.73,2.874
Turkey,TUR,1995,5.35,2.835
Turkey,TUR,1996,5.0,2.779
Turkey,TUR,1997,4.66,2.744
Turkey,TUR,1998,4.33,2.707
Turkey,TUR,1999,4.03,2.63
Turkey,TUR,2000,3.74,2.487
Turkey,TUR,2001,3.47,2.392
Turkey,TUR,2002,3.22,2.268
Turkey,TUR,2003,2.99,2.202
Turkey,TUR,2004,2.77,2.197
Turkey,TUR,2005,2.57,2.197
Turkey,TUR,2006,2.38,2.193
Turkey,TUR,2007,2.21,2.183
Turkey,TUR,2008,2.06,2.167
Turkey,TUR,2009,1.92,2.145
Turkey,TUR,2010,1.79,2.08
Turkey,TUR,2011,1.68,2.047
Turkey,TUR,2012,1.58,2.109
Turkey,TUR,2013,1.49,2.107
Turkey,TUR,2014,1.4,2.186
Turkey,TUR,2015,1.33,2.157
Turkey,TUR,2016,1.26,2.115
Turkey,TUR,2017,1.2,2.082
Turkey,TUR,2018,1.15,2.004
Turkey,TUR,2019,1.1,1.886
Turkey,TUR,2020,1.05,1.768
Turkey,TUR,2021,1.01,1.708
Turkey,TUR,2022,0.96,1.625
Turkey,TUR,2023,1.28,1.625
Turkmenistan,TKM,1950,13.24,5.256
Turkmenistan,TKM,1951,13.24,5.251
Turkmenistan,TKM,1952,13.24,5.254
Turkmenistan,TKM,1953,13.24,5.568
Turkmenistan,TKM,1954,13.24,5.77
Turkmenistan,TKM,1955,13.24,5.966
Turkmenistan,TKM,1956,13.24,6.156
Turkmenistan,TKM,1957,13.24,6.336
Turkmenistan,TKM,1958,13.24,6.505
Turkmenistan,TKM,1959,13.24,6.557
Turkmenistan,TKM,1960,13.24,6.59
Turkmenistan,TKM,1961,13.24,6.689
Turkmenistan,TKM,1962,13.24,6.756
Turkmenistan,TKM,1963,13.24,6.788
Turkmenistan,TKM,1964,13.24,6.787
Turkmenistan,TKM,1965,13.24,6.756
Turkmenistan,TKM,1966,13.24,6.703
Turkmenistan,TKM,1967,13.24,6.635
Turkmenistan,TKM,1968,13.24,6.56
Turkmenistan,TKM,1969,13.24,6.482
Turkmenistan,TKM,1970,13.24,6.404
Turkmenistan,TKM,1971,13.24,6.323
Turkmenistan,TKM,1972,13.24,6.2
Turkmenistan,TKM,1973,13.24,6.152
Turkmenistan,TKM,1974,13.24,6.087
Turkmenistan,TKM,1975,13.24,6.004
Turkmenistan,TKM,1976,13.24,5.901
Turkmenistan,TKM,1977,13.24,5.77
Turkmenistan,TKM,1978,12.78,5.61
Turkmenistan,TKM,1979,12.3,5.457
Turkmenistan,TKM,1980,11.85,5.303
Turkmenistan,TKM,1981,11.4,5.162
Turkmenistan,TKM,1982,10.92,5.042
Turkmenistan,TKM,1983,10.45,4.967
Turkmenistan,TKM,1984,9.98,4.964
Turkmenistan,TKM,1985,9.51,4.966
Turkmenistan,TKM,1986,9.08,4.936
Turkmenistan,TKM,1987,8.7,4.842
Turkmenistan,TKM,1988,8.36,4.675
Turkmenistan,TKM,1989,8.09,4.463
Turkmenistan,TKM,1990,7.91,4.288
Turkmenistan,TKM,1991,7.83,4.145
Turkmenistan,TKM,1992,7.83,3.957
Turkmenistan,TKM,1993,7.87,3.778
Turkmenistan,TKM,1994,7.92,3.623
Turkmenistan,TKM,1995,7.94,3.491
Turkmenistan,TKM,1996,7.9,3.292
Turkmenistan,TKM,1997,7.79,3.18
Turkmenistan,TKM,1998,7.59,3.075
Turkmenistan,TKM,1999,7.31,2.976
Turkmenistan,TKM,2000,6.97,2.9
Turkmenistan,TKM,2001,6.61,2.814
Turkmenistan,TKM,2002,6.24,2.71
Turkmenistan,TKM,2003,5.88,2.667
Turkmenistan,TKM,2004,5.56,2.674
Turkmenistan,TKM,2005,5.25,2.706
Turkmenistan,TKM,2006,4.99,2.724
Turkmenistan,TKM,2007,4.77,2.734
Turkmenistan,TKM,2008,4.6,2.75
Turkmenistan,TKM,2009,4.45,2.794
Turkmenistan,TKM,2010,4.36,2.848
Turkmenistan,TKM,2011,4.29,2.9
Turkmenistan,TKM,2012,4.25,2.955
Turkmenistan,TKM,2013,4.25,3.007
Turkmenistan,TKM,2014,4.25,3.023
Turkmenistan,TKM,2015,4.29,3.033
Turkmenistan,TKM,2016,4.33,2.99
Turkmenistan,TKM,2017,4.37,2.934
Turkmenistan,TKM,2018,4.36,2.875
Turkmenistan,TKM,2019,4.33,2.834
Turkmenistan,TKM,2020,4.26,2.793
Turkmenistan,TKM,2021,4.18,2.754
Turkmenistan,TKM,2022,4.1,2.728
Turkmenistan,TKM,2023,4.0,2.69
Turks and Caicos Islands,TCA,1950,14.77,5.939
Turks and Caicos Islands,TCA,1951,14.77,5.996
Turks and Caicos Islands,TCA,1952,14.77,6.04
Turks and Caicos Islands,TCA,1953,14.77,6.084
Turks and Caicos Islands,TCA,1954,14.77,6.132
Turks and Caicos Islands,TCA,1955,14.77,6.171
Turks and Caicos Islands,TCA,1956,14.77,6.167
Turks and Caicos Islands,TCA,1957,14.77,6.144
Turks and Caicos Islands,TCA,1958,14.77,6.112
Turks and Caicos Islands,TCA,1959,14.77,6.06
Turks and Caicos Islands,TCA,1960,13.81,5.991
Turks and Caicos Islands,TCA,1961,12.9,5.907
Turks and Caicos Islands,TCA,1962,12.03,5.816
Turks and Caicos Islands,TCA,1963,11.24,5.719
Turks and Caicos Islands,TCA,1964,10.49,5.608
Turks and Caicos Islands,TCA,1965,9.79,5.502
Turks and Caicos Islands,TCA,1966,9.14,5.435
Turks and Caicos Islands,TCA,1967,8.52,5.395
Turks and Caicos Islands,TCA,1968,7.97,5.397
Turks and Caicos Islands,TCA,1969,7.45,5.311
Turks and Caicos Islands,TCA,1970,6.96,5.229
Turks and Caicos Islands,TCA,1971,6.5,5.141
Turks and Caicos Islands,TCA,1972,6.07,5.027
Turks and Caicos Islands,TCA,1973,5.67,4.913
Turks and Caicos Islands,TCA,1974,5.3,4.793
Turks and Caicos Islands,TCA,1975,4.95,4.687
Turks and Caicos Islands,TCA,1976,4.62,4.624
Turks and Caicos Islands,TCA,1977,4.32,4.553
Turks and Caicos Islands,TCA,1978,4.05,4.485
Turks and Caicos Islands,TCA,1979,3.79,4.43
Turks and Caicos Islands,TCA,1980,3.54,4.37
Turks and Caicos Islands,TCA,1981,3.31,4.291
Turks and Caicos Islands,TCA,1982,3.1,4.192
Turks and Caicos Islands,TCA,1983,2.9,4.085
Turks and Caicos Islands,TCA,1984,2.72,3.986
Turks and Caicos Islands,TCA,1985,2.55,3.908
Turks and Caicos Islands,TCA,1986,2.39,3.789
Turks and Caicos Islands,TCA,1987,2.25,3.653
Turks and Caicos Islands,TCA,1988,2.11,3.499
Turks and Caicos Islands,TCA,1989,1.98,3.335
Turks and Caicos Islands,TCA,1990,1.86,3.189
Turks and Caicos Islands,TCA,1991,1.75,3.053
Turks and Caicos Islands,TCA,1992,1.65,2.939
Turks and Caicos Islands,TCA,1993,1.55,2.842
Turks and Caicos Islands,TCA,1994,1.46,2.756
Turks and Caicos Islands,TCA,1995,1.38,2.699
Turks and Caicos Islands,TCA,1996,1.31,2.649
Turks and Caicos Islands,TCA,1997,1.24,2.581
Turks and Caicos Islands,TCA,1998,1.18,2.52
Turks and Caicos Islands,TCA,1999,1.12,2.464
Turks and Caicos Islands,TCA,2000,1.07,2.406
Turks and Caicos Islands,TCA,2001,1.02,2.342
Turks and Caicos Islands,TCA,2002,0.97,2.242
Turks and Caicos Islands,TCA,2003,0.93,2.176
Turks and Caicos Islands,TCA,2004,0.9,2.136
Turks and Caicos Islands,TCA,2005,0.87,2.106
Turks and Caicos Islands,TCA,2006,0.84,2.078
Turks and Caicos Islands,TCA,2007,0.81,2.049
Turks and Caicos Islands,TCA,2008,0.79,2.005
Turks and Caicos Islands,TCA,2009,0.77,1.959
Turks and Caicos Islands,TCA,2010,0.75,1.907
Turks and Caicos Islands,TCA,2011,0.74,1.859
Turks and Caicos Islands,TCA,2012,0.72,1.805
Turks and Caicos Islands,TCA,2013,0.71,1.752
Turks and Caicos Islands,TCA,2014,0.69,1.729
Turks and Caicos Islands,TCA,2015,0.68,1.718
Turks and Caicos Islands,TCA,2016,0.67,1.713
Turks and Caicos Islands,TCA,2017,0.66,1.704
Turks and Caicos Islands,TCA,2018,0.64,1.677
Turks and Caicos Islands,TCA,2019,0.63,1.617
Turks and Caicos Islands,TCA,2020,0.61,1.552
Turks and Caicos Islands,TCA,2021,0.6,1.501
Turks and Caicos Islands,TCA,2022,0.58,1.477
Turks and Caicos Islands,TCA,2023,0.56,1.463
Tuvalu,TUV,1950,22.61,5.417
Tuvalu,TUV,1951,22.61,5.414
Tuvalu,TUV,1952,22.61,5.403
Tuvalu,TUV,1953,22.61,5.39
Tuvalu,TUV,1954,22.61,5.377
Tuvalu,TUV,1955,21.67,5.356
Tuvalu,TUV,1956,20.77,5.316
Tuvalu,TUV,1957,19.91,5.28
Tuvalu,TUV,1958,19.13,5.236
Tuvalu,TUV,1959,18.38,5.191
Tuvalu,TUV,1960,17.66,5.146
Tuvalu,TUV,1961,16.97,5.089
Tuvalu,TUV,1962,16.25,5.004
Tuvalu,TUV,1963,15.56,4.914
Tuvalu,TUV,1964,14.88,4.826
Tuvalu,TUV,1965,14.21,4.726
Tuvalu,TUV,1966,13.55,4.637
Tuvalu,TUV,1967,12.91,4.494
Tuvalu,TUV,1968,12.29,4.361
Tuvalu,TUV,1969,11.69,4.227
Tuvalu,TUV,1970,11.09,4.081
Tuvalu,TUV,1971,10.5,3.944
Tuvalu,TUV,1972,9.93,3.806
Tuvalu,TUV,1973,9.37,3.712
Tuvalu,TUV,1974,8.81,3.633
Tuvalu,TUV,1975,8.31,3.578
Tuvalu,TUV,1976,7.84,3.554
Tuvalu,TUV,1977,7.43,3.555
Tuvalu,TUV,1978,7.08,3.59
Tuvalu,TUV,1979,6.76,3.645
Tuvalu,TUV,1980,6.49,3.73
Tuvalu,TUV,1981,6.26,3.804
Tuvalu,TUV,1982,6.06,3.877
Tuvalu,TUV,1983,5.9,3.912
Tuvalu,TUV,1984,5.76,3.946
Tuvalu,TUV,1985,5.66,3.973
Tuvalu,TUV,1986,5.59,3.973
Tuvalu,TUV,1987,5.53,3.941
Tuvalu,TUV,1988,5.47,3.881
Tuvalu,TUV,1989,5.42,3.797
Tuvalu,TUV,1990,5.37,3.75
Tuvalu,TUV,1991,5.31,3.789
Tuvalu,TUV,1992,5.24,3.86
Tuvalu,TUV,1993,5.15,3.922
Tuvalu,TUV,1994,5.05,3.923
Tuvalu,TUV,1995,4.94,3.963
Tuvalu,TUV,1996,4.81,3.951
Tuvalu,TUV,1997,4.67,3.952
Tuvalu,TUV,1998,4.52,3.951
Tuvalu,TUV,1999,4.39,3.919
Tuvalu,TUV,2000,4.26,3.841
Tuvalu,TUV,2001,4.16,3.749
Tuvalu,TUV,2002,4.07,3.637
Tuvalu,TUV,2003,3.98,3.579
Tuvalu,TUV,2004,3.89,3.553
Tuvalu,TUV,2005,3.8,3.546
Tuvalu,TUV,2006,3.68,3.525
Tuvalu,TUV,2007,3.56,3.446
Tuvalu,TUV,2008,3.42,3.415
Tuvalu,TUV,2009,3.28,3.425
Tuvalu,TUV,2010,3.14,3.442
Tuvalu,TUV,2011,3.02,3.463
Tuvalu,TUV,2012,2.91,3.47
Tuvalu,TUV,2013,2.8,3.389
Tuvalu,TUV,2014,2.71,3.33
Tuvalu,TUV,2015,2.61,3.308
Tuvalu,TUV,2016,2.52,3.297
Tuvalu,TUV,2017,2.43,3.301
Tuvalu,TUV,2018,2.35,3.328
Tuvalu,TUV,2019,2.27,3.331
Tuvalu,TUV,2020,2.19,3.309
Tuvalu,TUV,2021,2.12,3.277
Tuvalu,TUV,2022,2.05,3.244
Tuvalu,TUV,2023,1.99,3.208
Uganda,UGA,1950,25.5,6.657
Uganda,UGA,1951,25.5,6.649
Uganda,UGA,1952,25.5,6.673
Uganda,UGA,1953,25.5,6.697
Uganda,UGA,1954,25.0,6.724
Uganda,UGA,1955,24.5,6.743
Uganda,UGA,1956,24.03,6.762
Uganda,UGA,1957,23.61,6.796
Uganda,UGA,1958,23.18,6.839
Uganda,UGA,1959,22.75,6.883
Uganda,UGA,1960,22.33,6.905
Uganda,UGA,1961,21.94,6.927
Uganda,UGA,1962,21.58,6.959
Uganda,UGA,1963,21.25,6.984
Uganda,UGA,1964,20.92,7.012
Uganda,UGA,1965,20.59,7.042
Uganda,UGA,1966,20.26,7.066
Uganda,UGA,1967,19.94,7.102
Uganda,UGA,1968,19.66,7.13
Uganda,UGA,1969,19.43,7.115
Uganda,UGA,1970,19.3,7.149
Uganda,UGA,1971,19.29,7.181
Uganda,UGA,1972,19.37,7.185
Uganda,UGA,1973,19.57,7.193
Uganda,UGA,1974,19.87,7.192
Uganda,UGA,1975,20.27,7.201
Uganda,UGA,1976,20.72,7.194
Uganda,UGA,1977,21.17,7.183
Uganda,UGA,1978,21.56,7.163
Uganda,UGA,1979,21.8,7.142
Uganda,UGA,1980,21.99,7.113
Uganda,UGA,1981,21.85,7.118
Uganda,UGA,1982,21.43,7.11
Uganda,UGA,1983,20.87,7.068
Uganda,UGA,1984,20.33,7.024
Uganda,UGA,1985,19.87,7.037
Uganda,UGA,1986,19.51,7.083
Uganda,UGA,1987,19.22,7.12
Uganda,UGA,1988,18.94,7.102
Uganda,UGA,1989,18.65,7.045
Uganda,UGA,1990,18.28,7.014
Uganda,UGA,1991,17.86,6.943
Uganda,UGA,1992,17.43,6.913
Uganda,UGA,1993,17.03,6.886
Uganda,UGA,1994,16.7,6.899
Uganda,UGA,1995,16.45,6.871
Uganda,UGA,1996,16.24,6.835
Uganda,UGA,1997,15.98,6.856
Uganda,UGA,1998,15.62,6.837
Uganda,UGA,1999,15.15,6.825
Uganda,UGA,2000,14.56,6.788
Uganda,UGA,2001,13.88,6.757
Uganda,UGA,2002,13.12,6.735
Uganda,UGA,2003,12.31,6.671
Uganda,UGA,2004,11.49,6.612
Uganda,UGA,2005,10.7,6.525
Uganda,UGA,2006,9.97,6.429
Uganda,UGA,2007,9.3,6.326
Uganda,UGA,2008,8.69,6.202
Uganda,UGA,2009,8.14,6.124
Uganda,UGA,2010,7.61,6.019
Uganda,UGA,2011,7.1,5.885
Uganda,UGA,2012,6.67,5.729
Uganda,UGA,2013,6.24,5.563
Uganda,UGA,2014,5.91,5.408
Uganda,UGA,2015,5.58,5.251
Uganda,UGA,2016,5.25,5.112
Uganda,UGA,2017,4.98,4.987
Uganda,UGA,2018,4.74,4.867
Uganda,UGA,2019,4.53,4.744
Uganda,UGA,2020,4.35,4.621
Uganda,UGA,2021,4.18,4.51
Uganda,UGA,2022,4.05,4.388
Uganda,UGA,2023,3.88,4.283
Ukraine,UKR,1950,3.23,2.447
Ukraine,UKR,1951,3.23,2.429
Ukraine,UKR,1952,3.23,2.4
Ukraine,UKR,1953,3.23,2.361
Ukraine,UKR,1954,3.23,2.306
Ukraine,UKR,1955,3.23,2.312
Ukraine,UKR,1956,3.23,2.303
Ukraine,UKR,1957,3.23,2.298
Ukraine,UKR,1958,3.23,2.295
Ukraine,UKR,1959,3.23,2.295
Ukraine,UKR,1960,3.23,2.285
Ukraine,UKR,1961,3.23,2.197
Ukraine,UKR,1962,3.23,2.154
Ukraine,UKR,1963,3.23,2.111
Ukraine,UKR,1964,3.23,2.014
Ukraine,UKR,1965,3.23,1.943
Ukraine,UKR,1966,3.23,2.037
Ukraine,UKR,1967,3.23,2.04
Ukraine,UKR,1968,3.23,2.031
Ukraine,UKR,1969,3.23,2.012
Ukraine,UKR,1970,3.23,2.078
Ukraine,UKR,1971,3.23,2.113
Ukraine,UKR,1972,3.13,2.127
Ukraine,UKR,1973,3.04,2.044
Ukraine,UKR,1974,2.96,2.064
Ukraine,UKR,1975,2.89,2.049
Ukraine,UKR,1976,2.84,2.044
Ukraine,UKR,1977,2.78,1.983
Ukraine,UKR,1978,2.74,1.969
Ukraine,UKR,1979,2.69,1.957
Ukraine,UKR,1980,2.62,1.949
Ukraine,UKR,1981,2.55,1.915
Ukraine,UKR,1982,2.47,1.951
Ukraine,UKR,1983,2.39,2.099
Ukraine,UKR,1984,2.29,2.081
Ukraine,UKR,1985,2.21,2.033
Ukraine,UKR,1986,2.13,2.117
Ukraine,UKR,1987,2.05,2.07
Ukraine,UKR,1988,1.99,2.042
Ukraine,UKR,1989,1.95,1.927
Ukraine,UKR,1990,1.92,1.845
Ukraine,UKR,1991,1.92,1.773
Ukraine,UKR,1992,1.94,1.674
Ukraine,UKR,1993,1.97,1.564
Ukraine,UKR,1994,2.0,1.471
Ukraine,UKR,1995,2.02,1.399
Ukraine,UKR,1996,2.03,1.333
Ukraine,UKR,1997,2.01,1.271
Ukraine,UKR,1998,1.97,1.206
Ukraine,UKR,1999,1.9,1.127
Ukraine,UKR,2000,1.83,1.108
Ukraine,UKR,2001,1.75,1.092
Ukraine,UKR,2002,1.66,1.127
Ukraine,UKR,2003,1.58,1.173
Ukraine,UKR,2004,1.51,1.215
Ukraine,UKR,2005,1.45,1.221
Ukraine,UKR,2006,1.4,1.297
Ukraine,UKR,2007,1.34,1.343
Ukraine,UKR,2008,1.29,1.444
Ukraine,UKR,2009,1.23,1.47
Ukraine,UKR,2010,1.17,1.436
Ukraine,UKR,2011,1.12,1.464
Ukraine,UKR,2012,1.07,1.528
Ukraine,UKR,2013,1.02,1.515
Ukraine,UKR,2014,0.98,1.466
Ukraine,UKR,2015,0.94,1.387
Ukraine,UKR,2016,0.91,1.391
Ukraine,UKR,2017,0.89,1.3
Ukraine,UKR,2018,0.87,1.233
Ukraine,UKR,2019,0.85,1.218
Ukraine,UKR,2020,0.84,1.208
Ukraine,UKR,2021,0.82,1.148
Ukraine,UKR,2022,0.85,0.897
Ukraine,UKR,2023,0.81,0.977
United Arab Emirates,ARE,1950,20.07,6.503
United Arab Emirates,ARE,1951,20.07,6.499
United Arab Emirates,ARE,1952,20.07,6.5
United Arab Emirates,ARE,1953,20.07,6.499
United Arab Emirates,ARE,1954,20.07,6.502
United Arab Emirates,ARE,1955,20.07,6.495
United Arab Emirates,ARE,1956,20.07,6.494
United Arab Emirates,ARE,1957,20.07,6.488
United Arab Emirates,ARE,1958,20.07,6.484
United Arab Emirates,ARE,1959,20.07,6.5
United Arab Emirates,ARE,1960,20.07,6.499
United Arab Emirates,ARE,1961,19.04,6.494
United Arab Emirates,ARE,1962,17.95,6.489
United Arab Emirates,ARE,1963,16.89,6.495
United Arab Emirates,ARE,1964,15.83,6.494
United Arab Emirates,ARE,1965,14.75,6.495
United Arab Emirates,ARE,1966,13.7,6.495
United Arab Emirates,ARE,1967,12.63,6.51
United Arab Emirates,ARE,1968,11.59,6.529
United Arab Emirates,ARE,1969,10.58,6.524
United Arab Emirates,ARE,1970,9.62,6.519
United Arab Emirates,ARE,1971,8.72,6.519
United Arab Emirates,ARE,1972,7.89,6.502
United Arab Emirates,ARE,1973,7.12,6.464
United Arab Emirates,ARE,1974,6.43,6.411
United Arab Emirates,ARE,1975,5.8,6.353
United Arab Emirates,ARE,1976,5.23,6.291
United Arab Emirates,ARE,1977,4.7,6.223
United Arab Emirates,ARE,1978,4.22,6.151
United Arab Emirates,ARE,1979,3.78,6.059
United Arab Emirates,ARE,1980,3.4,5.953
United Arab Emirates,ARE,1981,3.06,5.814
United Arab Emirates,ARE,1982,2.77,5.658
United Arab Emirates,ARE,1983,2.52,5.482
United Arab Emirates,ARE,1984,2.31,5.303
United Arab Emirates,ARE,1985,2.12,5.125
United Arab Emirates,ARE,1986,1.97,4.999
United Arab Emirates,ARE,1987,1.83,4.883
United Arab Emirates,ARE,1988,1.71,4.768
United Arab Emirates,ARE,1989,1.61,4.65
United Arab Emirates,ARE,1990,1.51,4.506
United Arab Emirates,ARE,1991,1.43,4.251
United Arab Emirates,ARE,1992,1.37,4.088
United Arab Emirates,ARE,1993,1.31,3.819
United Arab Emirates,ARE,1994,1.26,3.761
United Arab Emirates,ARE,1995,1.21,3.278
United Arab Emirates,ARE,1996,1.18,3.06
United Arab Emirates,ARE,1997,1.15,2.825
United Arab Emirates,ARE,1998,1.12,2.765
United Arab Emirates,ARE,1999,1.09,2.793
United Arab Emirates,ARE,2000,1.07,2.733
United Arab Emirates,ARE,2001,1.05,2.622
United Arab Emirates,ARE,2002,1.03,2.541
United Arab Emirates,ARE,2003,1.01,2.491
United Arab Emirates,ARE,2004,1.0,2.385
United Arab Emirates,ARE,2005,0.98,2.232
United Arab Emirates,ARE,2006,0.96,1.958
United Arab Emirates,ARE,2007,0.94,1.792
United Arab Emirates,ARE,2008,0.92,1.516
United Arab Emirates,ARE,2009,0.9,1.582
United Arab Emirates,ARE,2010,0.88,1.565
United Arab Emirates,ARE,2011,0.86,1.539
United Arab Emirates,ARE,2012,0.84,1.532
United Arab Emirates,ARE,2013,0.82,1.527
United Arab Emirates,ARE,2014,0.79,1.483
United Arab Emirates,ARE,2015,0.77,1.417
United Arab Emirates,ARE,2016,0.73,1.366
United Arab Emirates,ARE,2017,0.7,1.35
United Arab Emirates,ARE,2018,0.67,1.288
United Arab Emirates,ARE,2019,0.63,1.247
United Arab Emirates,ARE,2020,0.6,1.289
United Arab Emirates,ARE,2021,0.56,1.162
United Arab Emirates,ARE,2022,0.53,1.148
United Arab Emirates,ARE,2023,0.5,1.2
United Kingdom,GBR,1841,25.11,2.224
United Kingdom,GBR,1842,26.16,2.224
United Kingdom,GBR,1843,25.83,2.224
United Kingdom,GBR,1844,25.9,2.224
United Kingdom,GBR,1845,24.83,2.224
United Kingdom,GBR,1846,28.14,2.224
United Kingdom,GBR,1847,28.16,2.224
United Kingdom,GBR,1848,27.85,2.224
United Kingdom,GBR,1849,27.99,2.224
United Kingdom,GBR,1850,24.74,2.224
United Kingdom,GBR,1851,26.23,2.224
United Kingdom,GBR,1852,26.72,2.224
United Kingdom,GBR,1853,26.44,2.224
United Kingdom,GBR,1854,28.19,2.224
United Kingdom,GBR,1855,26.1,2.224
United Kingdom,GBR,1856,24.73,2.224
United Kingdom,GBR,1857,26.25,2.224
United Kingdom,GBR,1858,28.07,2.224
United Kingdom,GBR,1859,27.39,2.224
United Kingdom,GBR,1860,24.43,2.224
United Kingdom,GBR,1861,25.85,2.224
United Kingdom,GBR,1862,25.37,2.224
United Kingdom,GBR,1863,27.95,2.224
United Kingdom,GBR,1864,27.18,2.224
United Kingdom,GBR,1865,26.69,2.224
United Kingdom,GBR,1866,26.89,2.224
United Kingdom,GBR,1867,24.84,2.224
United Kingdom,GBR,1868,26.29,2.224
United Kingdom,GBR,1869,26.29,2.224
United Kingdom,GBR,1870,26.84,2.224
United Kingdom,GBR,1871,25.81,2.224
United Kingdom,GBR,1872,24.36,2.224
United Kingdom,GBR,1873,23.54,2.224
United Kingdom,GBR,1874,25.28,2.224
United Kingdom,GBR,1875,25.22,2.224
United Kingdom,GBR,1876,23.86,2.224
United Kingdom,GBR,1877,22.51,2.224
United Kingdom,GBR,1878,25.16,2.224
United Kingdom,GBR,1879,22.82,2.224
United Kingdom,GBR,1880,25.11,2.224
United Kingdom,GBR,1881,20.98,2.224
United Kingdom,GBR,1882,23.26,2.224
United Kingdom,GBR,1883,22.15,2.224
United Kingdom,GBR,1884,23.32,2.224
United Kingdom,GBR,1885,21.89,2.224
United Kingdom,GBR,1886,23.06,2.224
United Kingdom,GBR,1887,22.71,2.224
United Kingdom,GBR,1888,21.29,2.224
United Kingdom,GBR,1889,22.78,2.224
United Kingdom,GBR,1890,23.2,2.224
United Kingdom,GBR,1891,23.29,2.224
United Kingdom,GBR,1892,22.76,2.224
United Kingdom,GBR,1893,23.62,2.224
United Kingdom,GBR,1894,20.73,2.224
United Kingdom,GBR,1895,23.69,2.224
United Kingdom,GBR,1896,22.52,2.224
United Kingdom,GBR,1897,22.63,2.224
United Kingdom,GBR,1898,23.12,2.224
United Kingdom,GBR,1899,23.23,2.224
United Kingdom,GBR,1900,22.55,2.224
United Kingdom,GBR,1901,21.56,2.224
United Kingdom,GBR,1902,19.94,2.224
United Kingdom,GBR,1903,19.12,2.224
United Kingdom,GBR,1904,20.86,2.224
United Kingdom,GBR,1905,18.59,2.224
United Kingdom,GBR,1906,19.01,2.224
United Kingdom,GBR,1907,17.6,2.224
United Kingdom,GBR,1908,17.57,2.224
United Kingdom,GBR,1909,16.29,2.224
United Kingdom,GBR,1910,15.59,2.224
United Kingdom,GBR,1911,18.92,2.224
United Kingdom,GBR,1912,14.58,2.224
United Kingdom,GBR,1913,15.79,2.224
United Kingdom,GBR,1914,15.55,2.224
United Kingdom,GBR,1915,16.58,2.224
United Kingdom,GBR,1916,13.37,2.224
United Kingdom,GBR,1917,13.66,2.224
United Kingdom,GBR,1918,17.11,2.224
United Kingdom,GBR,1919,13.48,2.224
United Kingdom,GBR,1920,13.36,2.224
United Kingdom,GBR,1921,11.41,2.224
United Kingdom,GBR,1922,12.01,2.224
United Kingdom,GBR,1923,10.23,2.224
United Kingdom,GBR,1924,11.43,2.224
United Kingdom,GBR,1925,11.25,2.224
United Kingdom,GBR,1926,10.32,2.224
United Kingdom,GBR,1927,10.36,2.224
United Kingdom,GBR,1928,9.81,2.224
United Kingdom,GBR,1929,11.38,2.224
United Kingdom,GBR,1930,8.94,2.224
United Kingdom,GBR,1931,9.54,2.224
United Kingdom,GBR,1932,9.28,2.224
United Kingdom,GBR,1933,8.77,2.224
United Kingdom,GBR,1934,8.65,2.224
United Kingdom,GBR,1935,8.05,2.224
United Kingdom,GBR,1936,8.33,2.224
United Kingdom,GBR,1937,8.05,2.224
United Kingdom,GBR,1938,7.35,2.224
United Kingdom,GBR,1939,6.59,2.224
United Kingdom,GBR,1940,7.72,2.224
United Kingdom,GBR,1941,8.13,2.224
United Kingdom,GBR,1942,6.8,2.224
United Kingdom,GBR,1943,6.47,2.224
United Kingdom,GBR,1944,5.95,2.224
United Kingdom,GBR,1945,5.51,2.224
United Kingdom,GBR,1946,5.36,2.224
United Kingdom,GBR,1947,5.35,2.224
United Kingdom,GBR,1948,4.02,2.224
United Kingdom,GBR,1949,3.82,2.224
United Kingdom,GBR,1950,3.66,2.224
United Kingdom,GBR,1951,3.51,2.185
United Kingdom,GBR,1952,3.36,2.193
United Kingdom,GBR,1953,3.21,2.227
United Kingdom,GBR,1954,3.08,2.246
United Kingdom,GBR,1955,2.96,2.279
United Kingdom,GBR,1956,2.87,2.375
United Kingdom,GBR,1957,2.79,2.47
United Kingdom,GBR,1958,2.74,2.546
United Kingdom,GBR,1959,2.7,2.604
United Kingdom,GBR,1960,2.66,2.704
United Kingdom,GBR,1961,2.61,2.789
United Kingdom,GBR,1962,2.56,2.866
United Kingdom,GBR,1963,2.49,2.91
United Kingdom,GBR,1964,2.42,2.931
United Kingdom,GBR,1965,2.34,2.867
United Kingdom,GBR,1966,2.28,2.777
United Kingdom,GBR,1967,2.22,2.678
United Kingdom,GBR,1968,2.18,2.592
United Kingdom,GBR,1969,2.14,2.502
United Kingdom,GBR,1970,2.1,2.421
United Kingdom,GBR,1971,2.06,2.343
United Kingdom,GBR,1972,2.0,2.182
United Kingdom,GBR,1973,1.94,2.036
United Kingdom,GBR,1974,1.87,1.915
United Kingdom,GBR,1975,1.8,1.807
United Kingdom,GBR,1976,1.72,1.738
United Kingdom,GBR,1977,1.64,1.689
United Kingdom,GBR,1978,1.57,1.753
United Kingdom,GBR,1979,1.49,1.857
United Kingdom,GBR,1980,1.41,1.888
United Kingdom,GBR,1981,1.34,1.817
United Kingdom,GBR,1982,1.27,1.778
United Kingdom,GBR,1983,1.22,1.766
United Kingdom,GBR,1984,1.17,1.766
United Kingdom,GBR,1985,1.14,1.788
United Kingdom,GBR,1986,1.11,1.782
United Kingdom,GBR,1987,1.08,1.808
United Kingdom,GBR,1988,1.04,1.82
United Kingdom,GBR,1989,0.99,1.794
United Kingdom,GBR,1990,0.93,1.829
United Kingdom,GBR,1991,0.87,1.817
United Kingdom,GBR,1992,0.82,1.793
United Kingdom,GBR,1993,0.77,1.758
United Kingdom,GBR,1994,0.74,1.737
United Kingdom,GBR,1995,0.72,1.709
United Kingdom,GBR,1996,0.7,1.722
United Kingdom,GBR,1997,0.69,1.722
United Kingdom,GBR,1998,0.68,1.711
United Kingdom,GBR,1999,0.67,1.682
United Kingdom,GBR,2000,0.65,1.641
United Kingdom,GBR,2001,0.64,1.624
United Kingdom,GBR,2002,0.63,1.633
United Kingdom,GBR,2003,0.63,1.698
United Kingdom,GBR,2004,0.61,1.747
United Kingdom,GBR,2005,0.6,1.761
United Kingdom,GBR,2006,0.59,1.812
United Kingdom,GBR,2007,0.58,1.863
United Kingdom,GBR,2008,0.56,1.905
United Kingdom,GBR,2009,0.54,1.893
United Kingdom,GBR,2010,0.52,1.918
United Kingdom,GBR,2011,0.5,1.911
United Kingdom,GBR,2012,0.48,1.909
United Kingdom,GBR,2013,0.46,1.83
United Kingdom,GBR,2014,0.45,1.811
United Kingdom,GBR,2015,0.45,1.801
United Kingdom,GBR,2016,0.44,1.785
United Kingdom,GBR,2017,0.44,1.735
United Kingdom,GBR,2018,0.44,1.676
United Kingdom,GBR,2019,0.44,1.632
United Kingdom,GBR,2020,0.44,1.571
United Kingdom,GBR,2021,0.44,1.583
United Kingdom,GBR,2022,0.45,1.56
United Kingdom,GBR,2023,0.45,1.56
United States,USA,1933,7.31,2.012
United States,USA,1934,7.97,2.072
United States,USA,1935,7.53,2.038
United States,USA,1936,7.6,2.007
United States,USA,1937,7.36,2.038
United States,USA,1938,6.96,2.092
United States,USA,1939,6.29,2.05
United States,USA,1940,6.19,2.113
United States,USA,1941,6.04,2.226
United States,USA,1942,5.48,2.465
United States,USA,1943,5.37,2.566
United States,USA,1944,5.03,2.439
United States,USA,1945,4.83,2.38
United States,USA,1946,4.67,2.83
United States,USA,1947,4.28,3.161
United States,USA,1948,3.98,3.009
United States,USA,1949,3.87,3.022
United States,USA,1950,3.76,3.086
United States,USA,1951,3.66,3.197
United States,USA,1952,3.56,3.29
United States,USA,1953,3.47,3.358
United States,USA,1954,3.38,3.475
United States,USA,1955,3.3,3.515
United States,USA,1956,3.23,3.624
United States,USA,1957,3.17,3.703
United States,USA,1958,3.11,3.754
United States,USA,1959,3.06,3.747
United States,USA,1960,3.01,3.732
United States,USA,1961,2.95,3.691
United States,USA,1962,2.89,3.533
United States,USA,1963,2.83,3.39
United States,USA,1964,2.77,3.258
United States,USA,1965,2.71,2.983
United States,USA,1966,2.64,2.769
United States,USA,1967,2.57,2.605
United States,USA,1968,2.49,2.508
United States,USA,1969,2.41,2.504
United States,USA,1970,2.32,2.515
United States,USA,1971,2.24,2.318
United States,USA,1972,2.15,2.057
United States,USA,1973,2.06,1.921
United States,USA,1974,1.97,1.872
United States,USA,1975,1.88,1.815
United States,USA,1976,1.79,1.785
United States,USA,1977,1.71,1.826
United States,USA,1978,1.63,1.804
United States,USA,1979,1.56,1.843
United States,USA,1980,1.5,1.861
United States,USA,1981,1.44,1.847
United States,USA,1982,1.39,1.855
United States,USA,1983,1.34,1.827
United States,USA,1984,1.3,1.827
United States,USA,1985,1.27,1.854
United States,USA,1986,1.24,1.852
United States,USA,1987,1.21,1.885
United States,USA,1988,1.19,1.942
United States,USA,1989,1.16,2.014
United States,USA,1990,1.12,2.072
United States,USA,1991,1.09,2.059
United States,USA,1992,1.05,2.039
United States,USA,1993,1.01,2.01
United States,USA,1994,0.98,1.988
United States,USA,1995,0.95,1.965
United States,USA,1996,0.92,1.96
United States,USA,1997,0.89,1.956
United States,USA,1998,0.87,1.98
United States,USA,1999,0.86,1.99
United States,USA,2000,0.84,2.03
United States,USA,2001,0.83,2.011
United States,USA,2002,0.82,2.003
United States,USA,2003,0.81,2.025
United States,USA,2004,0.81,2.031
United States,USA,2005,0.8,2.04
United States,USA,2006,0.79,2.087
United States,USA,2007,0.77,2.096
United States,USA,2008,0.76,2.053
United States,USA,2009,0.75,1.987
United States,USA,2010,0.73,1.916
United States,USA,2011,0.72,1.879
United States,USA,2012,0.7,1.862
United States,USA,2013,0.69,1.84
United States,USA,2014,0.68,1.848
United States,USA,2015,0.68,1.832
United States,USA,2016,0.67,1.804
United States,USA,2017,0.66,1.753
United States,USA,2018,0.65,1.715
United States,USA,2019,0.65,1.684
United States,USA,2020,0.65,1.616
United States,USA,2021,0.65,1.634
United States,USA,2022,0.65,1.665
United States,USA,2023,0.65,1.624
United States Virgin Islands,VIR,1950,7.30375,4.965
United States Virgin Islands,VIR,1951,7.30375,5.14
United States Virgin Islands,VIR,1952,7.30375,4.754
United States Virgin Islands,VIR,1953,7.30375,4.882
United States Virgin Islands,VIR,1954,7.30375,4.859
United States Virgin Islands,VIR,1955,7.30375,4.905
United States Virgin Islands,VIR,1956,7.30375,4.998
United States Virgin Islands,VIR,1957,7.30375,5.07
United States Virgin Islands,VIR,1958,7.30375,5.406
United States Virgin Islands,VIR,1959,7.30375,5.219
United States Virgin Islands,VIR,1960,7.30375,5.149
United States Virgin Islands,VIR,1961,7.30375,4.801
United States Virgin Islands,VIR,1962,7.30375,5.072
United States Virgin Islands,VIR,1963,7.30375,4.958
United States Virgin Islands,VIR,1964,7.30375,5.474
United States Virgin Islands,VIR,1965,7.30375,5.64
United States Virgin Islands,VIR,1966,7.30375,4.993
United States Virgin Islands,VIR,1967,7.30375,5.196
United States Virgin Islands,VIR,1968,7.30375,4.954
United States Virgin Islands,VIR,1969,7.30375,4.812
United States Virgin Islands,VIR,1970,7.30375,5.254
United States Virgin Islands,VIR,1971,7.30375,5.066
United States Virgin Islands,VIR,1972,7.30375,4.78
United States Virgin Islands,VIR,1973,7.30375,4.231
United States Virgin Islands,VIR,1974,7.30375,3.873
United States Virgin Islands,VIR,1975,7.30375,3.595
United States Virgin Islands,VIR,1976,7.30375,3.39
United States Virgin Islands,VIR,1977,7.30375,3.257
United States Virgin Islands,VIR,1978,7.30375,3.303
United States Virgin Islands,VIR,1979,7.30375,3.04
United States Virgin Islands,VIR,1980,7.30375,3.105
United States Virgin Islands,VIR,1981,7.30375,2.999
United States Virgin Islands,VIR,1982,7.30375,3.076
United States Virgin Islands,VIR,1983,7.30375,3.097
United States Virgin Islands,VIR,1984,7.30375,2.896
United States Virgin Islands,VIR,1985,7.30375,2.831
United States Virgin Islands,VIR,1986,7.30375,2.74
United States Virgin Islands,VIR,1987,7.30375,2.844
United States Virgin Islands,VIR,1988,7.30375,2.837
United States Virgin Islands,VIR,1989,7.30375,3.024
United States Virgin Islands,VIR,1990,7.30375,3.106
United States Virgin Islands,VIR,1991,7.30375,3.379
United States Virgin Islands,VIR,1992,7.30375,3.63
United States Virgin Islands,VIR,1993,7.30375,3.636
United States Virgin Islands,VIR,1994,7.30375,3.682
United States Virgin Islands,VIR,1995,7.30375,3.237
United States Virgin Islands,VIR,1996,7.30375,2.941
United States Virgin Islands,VIR,1997,7.30375,3.017
United States Virgin Islands,VIR,1998,7.30375,2.676
United States Virgin Islands,VIR,1999,7.30375,2.449
United States Virgin Islands,VIR,2000,7.30375,2.337
United States Virgin Islands,VIR,2001,7.30375,2.473
United States Virgin Islands,VIR,2002,7.30375,2.415
United States Virgin Islands,VIR,2003,7.30375,2.331
United States Virgin Islands,VIR,2004,7.30375,2.427
United States Virgin Islands,VIR,2005,7.30375,2.42
United States Virgin Islands,VIR,2006,7.30375,2.572
United States Virgin Islands,VIR,2007,7.30375,2.598
United States Virgin Islands,VIR,2008,7.30375,2.687
United States Virgin Islands,VIR,2009,7.30375,2.575
United States Virgin Islands,VIR,2010,7.30375,2.48
United States Virgin Islands,VIR,2011,7.30375,2.338
United States Virgin Islands,VIR,2012,7.30375,2.254
United States Virgin Islands,VIR,2013,7.30375,2.229
United States Virgin Islands,VIR,2014,7.30375,2.221
United States Virgin Islands,VIR,2015,7.30375,2.218
United States Virgin Islands,VIR,2016,7.30375,2.205
United States Virgin Islands,VIR,2017,7.30375,2.193
United States Virgin Islands,VIR,2018,7.30375,2.182
United States Virgin Islands,VIR,2019,7.30375,2.162
United States Virgin Islands,VIR,2020,7.30375,2.139
United States Virgin Islands,VIR,2021,7.30375,2.124
United States Virgin Islands,VIR,2022,7.30375,2.101
United States Virgin Islands,VIR,2023,7.30375,2.09
Upper-middle-income countries,OWID_UMC,1950,7.92,5.318
Upper-middle-income countries,OWID_UMC,1951,7.92,5.264
Upper-middle-income countries,OWID_UMC,1952,7.92,5.683
Upper-middle-income countries,OWID_UMC,1953,7.92,5.458
Upper-middle-income countries,OWID_UMC,1954,7.92,5.591
Upper-middle-income countries,OWID_UMC,1955,7.92,5.578
Upper-middle-income countries,OWID_UMC,1956,7.92,5.361
Upper-middle-income countries,OWID_UMC,1957,7.92,5.655
Upper-middle-income countries,OWID_UMC,1958,7.92,5.276
Upper-middle-income countries,OWID_UMC,1959,7.92,4.771
Upper-middle-income countries,OWID_UMC,1960,7.92,4.636
Upper-middle-income countries,OWID_UMC,1961,7.92,4.326
Upper-middle-income countries,OWID_UMC,1962,7.92,5.458
Upper-middle-income countries,OWID_UMC,1963,7.92,6.176
Upper-middle-income countries,OWID_UMC,1964,7.92,5.714
Upper-middle-income countries,OWID_UMC,1965,7.92,5.652
Upper-middle-income countries,OWID_UMC,1966,7.92,5.48
Upper-middle-income countries,OWID_UMC,1967,7.92,5.194
Upper-middle-income countries,OWID_UMC,1968,7.92,5.535
Upper-middle-income countries,OWID_UMC,1969,7.92,5.344
Upper-middle-income countries,OWID_UMC,1970,7.92,5.277
Upper-middle-income countries,OWID_UMC,1971,7.92,4.964
Upper-middle-income countries,OWID_UMC,1972,7.92,4.725
Upper-middle-income countries,OWID_UMC,1973,7.92,4.492
Upper-middle-income countries,OWID_UMC,1974,7.92,4.164
Upper-middle-income countries,OWID_UMC,1975,7.92,3.816
Upper-middle-income countries,OWID_UMC,1976,7.92,3.605
Upper-middle-income countries,OWID_UMC,1977,7.92,3.362
Upper-middle-income countries,OWID_UMC,1978,7.92,3.264
Upper-middle-income countries,OWID_UMC,1979,7.92,3.248
Upper-middle-income countries,OWID_UMC,1980,7.92,3.205
Upper-middle-income countries,OWID_UMC,1981,7.54,3.188
Upper-middle-income countries,OWID_UMC,1982,7.19,3.243
Upper-middle-income countries,OWID_UMC,1983,6.92,2.98
Upper-middle-income countries,OWID_UMC,1984,6.66,2.958
Upper-middle-income countries,OWID_UMC,1985,6.43,2.928
Upper-middle-income countries,OWID_UMC,1986,6.2,2.949
Upper-middle-income countries,OWID_UMC,1987,6.02,2.943
Upper-middle-income countries,OWID_UMC,1988,5.91,2.789
Upper-middle-income countries,OWID_UMC,1989,5.79,2.742
Upper-middle-income countries,OWID_UMC,1990,5.64,2.701
Upper-middle-income countries,OWID_UMC,1991,5.5,2.351
Upper-middle-income countries,OWID_UMC,1992,5.32,2.225
Upper-middle-income countries,OWID_UMC,1993,5.15,2.153
Upper-middle-income countries,OWID_UMC,1994,4.95,2.103
Upper-middle-income countries,OWID_UMC,1995,4.76,2.064
Upper-middle-income countries,OWID_UMC,1996,4.57,2.02
Upper-middle-income countries,OWID_UMC,1997,4.37,1.983
Upper-middle-income countries,OWID_UMC,1998,4.17,1.956
Upper-middle-income countries,OWID_UMC,1999,3.97,1.928
Upper-middle-income countries,OWID_UMC,2000,3.77,1.95
Upper-middle-income countries,OWID_UMC,2001,3.57,1.893
Upper-middle-income countries,OWID_UMC,2002,3.38,1.875
Upper-middle-income countries,OWID_UMC,2003,3.19,1.862
Upper-middle-income countries,OWID_UMC,2004,3.09,1.875
Upper-middle-income countries,OWID_UMC,2005,2.85,1.879
Upper-middle-income countries,OWID_UMC,2006,2.69,1.886
Upper-middle-income countries,OWID_UMC,2007,2.52,1.902
Upper-middle-income countries,OWID_UMC,2008,2.37,1.925
Upper-middle-income countries,OWID_UMC,2009,2.22,1.935
Upper-middle-income countries,OWID_UMC,2010,2.1,1.927
Upper-middle-income countries,OWID_UMC,2011,1.99,1.931
Upper-middle-income countries,OWID_UMC,2012,1.88,2.009
Upper-middle-income countries,OWID_UMC,2013,1.8,1.962
Upper-middle-income countries,OWID_UMC,2014,1.71,1.991
Upper-middle-income countries,OWID_UMC,2015,1.64,1.928
Upper-middle-income countries,OWID_UMC,2016,1.57,1.956
Upper-middle-income countries,OWID_UMC,2017,1.49,1.943
Upper-middle-income countries,OWID_UMC,2018,1.47,1.804
Upper-middle-income countries,OWID_UMC,2019,1.44,1.762
Upper-middle-income countries,OWID_UMC,2020,1.44,1.619
Upper-middle-income countries,OWID_UMC,2021,1.43,1.554
Upper-middle-income countries,OWID_UMC,2022,1.41,1.501
Upper-middle-income countries,OWID_UMC,2023,1.41,1.479
Uruguay,URY,1921,16.22,2.692
Uruguay,URY,1922,13.84,2.692
Uruguay,URY,1923,15.66,2.692
Uruguay,URY,1924,16.41,2.692
Uruguay,URY,1925,17.72,2.692
Uruguay,URY,1926,13.66,2.692
Uruguay,URY,1927,16.04,2.692
Uruguay,URY,1928,14.93,2.692
Uruguay,URY,1929,13.66,2.692
Uruguay,URY,1930,14.93,2.692
Uruguay,URY,1931,16.78,2.692
Uruguay,URY,1932,14.74,2.692
Uruguay,URY,1933,13.66,2.692
Uruguay,URY,1934,14.2,2.692
Uruguay,URY,1935,15.3,2.692
Uruguay,URY,1936,13.48,2.692
Uruguay,URY,1937,14.2,2.692
Uruguay,URY,1938,14.74,2.692
Uruguay,URY,1939,11.72,2.692
Uruguay,URY,1940,12.41,2.692
Uruguay,URY,1941,11.89,2.692
Uruguay,URY,1942,13.66,2.692
Uruguay,URY,1943,11.03,2.692
Uruguay,URY,1944,9.04,2.692
Uruguay,URY,1946,8.42,2.692
Uruguay,URY,1947,9.85,2.692
Uruguay,URY,1948,8.27,2.692
Uruguay,URY,1949,6.36,2.692
Uruguay,URY,1950,6.25,2.692
Uruguay,URY,1951,6.16,2.701
Uruguay,URY,1952,6.09,2.719
Uruguay,URY,1953,6.05,2.739
Uruguay,URY,1954,6.06,2.76
Uruguay,URY,1955,6.11,2.757
Uruguay,URY,1956,6.2,2.791
Uruguay,URY,1957,6.32,2.802
Uruguay,URY,1958,6.4,2.815
Uruguay,URY,1959,6.4,2.816
Uruguay,URY,1960,6.33,2.827
Uruguay,URY,1961,6.21,2.846
Uruguay,URY,1962,6.06,2.866
Uruguay,URY,1963,5.93,2.884
Uruguay,URY,1964,5.83,2.863
Uruguay,URY,1965,5.77,2.84
Uruguay,URY,1966,5.74,2.819
Uruguay,URY,1967,5.7,2.784
Uruguay,URY,1968,5.64,2.771
Uruguay,URY,1969,5.53,2.769
Uruguay,URY,1970,5.4,2.772
Uruguay,URY,1971,5.33,2.767
Uruguay,URY,1972,5.34,2.782
Uruguay,URY,1973,5.39,2.855
Uruguay,URY,1974,5.46,2.957
Uruguay,URY,1975,5.49,3.017
Uruguay,URY,1976,5.41,3.005
Uruguay,URY,1977,5.18,2.899
Uruguay,URY,1978,4.83,2.829
Uruguay,URY,1979,4.41,2.711
Uruguay,URY,1980,3.98,2.59
Uruguay,URY,1981,3.6,2.534
Uruguay,URY,1982,3.31,2.512
Uruguay,URY,1983,3.1,2.486
Uruguay,URY,1984,2.95,2.471
Uruguay,URY,1985,2.84,2.47
Uruguay,URY,1986,2.74,2.47
Uruguay,URY,1987,2.62,2.486
Uruguay,URY,1988,2.51,2.503
Uruguay,URY,1989,2.42,2.498
Uruguay,URY,1990,2.37,2.477
Uruguay,URY,1991,2.32,2.454
Uruguay,URY,1992,2.29,2.432
Uruguay,URY,1993,2.25,2.408
Uruguay,URY,1994,2.19,2.425
Uruguay,URY,1995,2.12,2.401
Uruguay,URY,1996,2.03,2.364
Uruguay,URY,1997,1.93,2.328
Uruguay,URY,1998,1.84,2.271
Uruguay,URY,1999,1.76,2.248
Uruguay,URY,2000,1.7,2.196
Uruguay,URY,2001,1.66,2.161
Uruguay,URY,2002,1.62,2.16
Uruguay,URY,2003,1.58,2.116
Uruguay,URY,2004,1.52,2.093
Uruguay,URY,2005,1.44,2.097
Uruguay,URY,2006,1.35,2.07
Uruguay,URY,2007,1.27,2.048
Uruguay,URY,2008,1.19,2.03
Uruguay,URY,2009,1.13,2.018
Uruguay,URY,2010,1.08,2.011
Uruguay,URY,2011,1.04,1.987
Uruguay,URY,2012,1.0,2.012
Uruguay,URY,2013,0.97,2.034
Uruguay,URY,2014,0.93,2.026
Uruguay,URY,2015,0.89,2.041
Uruguay,URY,2016,0.85,1.966
Uruguay,URY,2017,0.81,1.824
Uruguay,URY,2018,0.77,1.681
Uruguay,URY,2019,0.74,1.567
Uruguay,URY,2020,0.71,1.497
Uruguay,URY,2021,0.7,1.446
Uruguay,URY,2022,0.68,1.425
Uruguay,URY,2023,0.67,1.409
Uzbekistan,UZB,1950,12.52,5.173
Uzbekistan,UZB,1951,12.52,5.174
Uzbekistan,UZB,1952,12.52,5.308
Uzbekistan,UZB,1953,12.52,5.42
Uzbekistan,UZB,1954,12.52,5.526
Uzbekistan,UZB,1955,12.52,5.678
Uzbekistan,UZB,1956,12.52,5.8
Uzbekistan,UZB,1957,12.52,5.92
Uzbekistan,UZB,1958,12.52,6.096
Uzbekistan,UZB,1959,12.52,6.35
Uzbekistan,UZB,1960,12.52,6.613
Uzbekistan,UZB,1961,12.52,6.752
Uzbekistan,UZB,1962,12.52,6.878
Uzbekistan,UZB,1963,12.52,6.808
Uzbekistan,UZB,1964,12.52,6.823
Uzbekistan,UZB,1965,12.52,6.81
Uzbekistan,UZB,1966,12.52,6.66
Uzbekistan,UZB,1967,12.52,6.567
Uzbekistan,UZB,1968,12.52,6.394
Uzbekistan,UZB,1969,12.52,6.338
Uzbekistan,UZB,1970,12.52,6.313
Uzbekistan,UZB,1971,12.52,6.284
Uzbekistan,UZB,1972,12.52,6.246
Uzbekistan,UZB,1973,12.52,6.162
Uzbekistan,UZB,1974,12.52,6.053
Uzbekistan,UZB,1975,12.52,5.918
Uzbekistan,UZB,1976,12.52,5.749
Uzbekistan,UZB,1977,12.52,5.54
Uzbekistan,UZB,1978,12.52,5.281
Uzbekistan,UZB,1979,12.52,5.159
Uzbekistan,UZB,1980,11.68,5.039
Uzbekistan,UZB,1981,10.88,4.905
Uzbekistan,UZB,1982,10.16,4.817
Uzbekistan,UZB,1983,9.5,4.714
Uzbekistan,UZB,1984,8.91,4.729
Uzbekistan,UZB,1985,8.4,4.691
Uzbekistan,UZB,1986,7.96,4.675
Uzbekistan,UZB,1987,7.59,4.532
Uzbekistan,UZB,1988,7.31,4.263
Uzbekistan,UZB,1989,7.13,4.102
Uzbekistan,UZB,1990,7.04,4.122
Uzbekistan,UZB,1991,7.01,4.19
Uzbekistan,UZB,1992,7.01,4.056
Uzbekistan,UZB,1993,6.99,3.863
Uzbekistan,UZB,1994,6.95,3.66
Uzbekistan,UZB,1995,6.91,3.566
Uzbekistan,UZB,1996,6.83,3.393
Uzbekistan,UZB,1997,6.72,3.186
Uzbekistan,UZB,1998,6.57,2.985
Uzbekistan,UZB,1999,6.38,2.831
Uzbekistan,UZB,2000,6.15,2.696
Uzbekistan,UZB,2001,5.88,2.61
Uzbekistan,UZB,2002,5.57,2.575
Uzbekistan,UZB,2003,5.25,2.503
Uzbekistan,UZB,2004,4.92,2.496
Uzbekistan,UZB,2005,4.57,2.438
Uzbekistan,UZB,2006,4.24,2.461
Uzbekistan,UZB,2007,3.9,2.573
Uzbekistan,UZB,2008,3.59,2.635
Uzbekistan,UZB,2009,3.29,2.559
Uzbekistan,UZB,2010,3.01,2.442
Uzbekistan,UZB,2011,2.75,2.354
Uzbekistan,UZB,2012,2.52,2.337
Uzbekistan,UZB,2013,2.32,2.445
Uzbekistan,UZB,2014,2.14,2.546
Uzbekistan,UZB,2015,1.98,2.583
Uzbekistan,UZB,2016,1.85,2.564
Uzbekistan,UZB,2017,1.73,2.57
Uzbekistan,UZB,2018,1.64,2.713
Uzbekistan,UZB,2019,1.56,2.869
Uzbekistan,UZB,2020,1.5,3.062
Uzbekistan,UZB,2021,1.44,3.273
Uzbekistan,UZB,2022,1.38,3.396
Uzbekistan,UZB,2023,1.33,3.5
Vanuatu,VUT,1950,18.4,7.039
Vanuatu,VUT,1951,18.4,7.029
Vanuatu,VUT,1952,18.4,7.029
Vanuatu,VUT,1953,17.94,7.032
Vanuatu,VUT,1954,17.52,7.042
Vanuatu,VUT,1955,17.09,7.033
Vanuatu,VUT,1956,16.7,7.002
Vanuatu,VUT,1957,16.31,6.953
Vanuatu,VUT,1958,15.93,6.9
Vanuatu,VUT,1959,15.55,6.843
Vanuatu,VUT,1960,15.15,6.784
Vanuatu,VUT,1961,14.72,6.729
Vanuatu,VUT,1962,14.27,6.672
Vanuatu,VUT,1963,13.81,6.623
Vanuatu,VUT,1964,13.35,6.568
Vanuatu,VUT,1965,12.88,6.524
Vanuatu,VUT,1966,12.41,6.511
Vanuatu,VUT,1967,11.95,6.509
Vanuatu,VUT,1968,11.49,6.463
Vanuatu,VUT,1969,11.03,6.41
Vanuatu,VUT,1970,10.59,6.346
Vanuatu,VUT,1971,10.15,6.293
Vanuatu,VUT,1972,9.73,6.228
Vanuatu,VUT,1973,9.34,6.151
Vanuatu,VUT,1974,8.95,6.057
Vanuatu,VUT,1975,8.58,5.976
Vanuatu,VUT,1976,8.21,5.885
Vanuatu,VUT,1977,7.84,5.806
Vanuatu,VUT,1978,7.45,5.768
Vanuatu,VUT,1979,7.07,5.733
Vanuatu,VUT,1980,6.67,5.691
Vanuatu,VUT,1981,6.27,5.651
Vanuatu,VUT,1982,5.87,5.603
Vanuatu,VUT,1983,5.48,5.547
Vanuatu,VUT,1984,5.12,5.489
Vanuatu,VUT,1985,4.78,5.433
Vanuatu,VUT,1986,4.47,5.382
Vanuatu,VUT,1987,4.2,5.328
Vanuatu,VUT,1988,3.96,5.27
Vanuatu,VUT,1989,3.76,5.211
Vanuatu,VUT,1990,3.58,5.166
Vanuatu,VUT,1991,3.43,5.13
Vanuatu,VUT,1992,3.29,5.094
Vanuatu,VUT,1993,3.18,5.023
Vanuatu,VUT,1994,3.08,4.937
Vanuatu,VUT,1995,3.0,4.847
Vanuatu,VUT,1996,2.92,4.752
Vanuatu,VUT,1997,2.86,4.657
Vanuatu,VUT,1998,2.79,4.603
Vanuatu,VUT,1999,2.74,4.556
Vanuatu,VUT,2000,2.68,4.537
Vanuatu,VUT,2001,2.63,4.495
Vanuatu,VUT,2002,2.58,4.382
Vanuatu,VUT,2003,2.54,4.293
Vanuatu,VUT,2004,2.5,4.214
Vanuatu,VUT,2005,2.45,4.133
Vanuatu,VUT,2006,2.4,4.1
Vanuatu,VUT,2007,2.34,4.117
Vanuatu,VUT,2008,2.27,4.159
Vanuatu,VUT,2009,2.2,4.157
Vanuatu,VUT,2010,2.12,4.126
Vanuatu,VUT,2011,2.05,4.093
Vanuatu,VUT,2012,1.99,4.059
Vanuatu,VUT,2013,1.94,4.039
Vanuatu,VUT,2014,1.9,3.999
Vanuatu,VUT,2015,1.87,3.952
Vanuatu,VUT,2016,1.84,3.915
Vanuatu,VUT,2017,1.82,3.875
Vanuatu,VUT,2018,1.8,3.834
Vanuatu,VUT,2019,1.78,3.79
Vanuatu,VUT,2020,1.77,3.738
Vanuatu,VUT,2021,1.74,3.696
Vanuatu,VUT,2022,1.71,3.647
Vanuatu,VUT,2023,1.68,3.596
Vatican,VAT,1950,7.30375,1.0
Vatican,VAT,1951,7.30375,1.0
Vatican,VAT,1952,7.30375,1.0
Vatican,VAT,1953,7.30375,1.0
Vatican,VAT,1954,7.30375,1.0
Vatican,VAT,1955,7.30375,1.0
Vatican,VAT,1956,7.30375,1.0
Vatican,VAT,1957,7.30375,1.0
Vatican,VAT,1958,7.30375,1.0
Vatican,VAT,1959,7.30375,1.0
Vatican,VAT,1960,7.30375,1.0
Vatican,VAT,1961,7.30375,1.0
Vatican,VAT,1962,7.30375,1.0
Vatican,VAT,1963,7.30375,1.0
Vatican,VAT,1964,7.30375,1.0
Vatican,VAT,1965,7.30375,1.0
Vatican,VAT,1966,7.30375,1.0
Vatican,VAT,1967,7.30375,1.0
Vatican,VAT,1968,7.30375,1.0
Vatican,VAT,1969,7.30375,1.0
Vatican,VAT,1970,7.30375,1.0
Vatican,VAT,1971,7.30375,1.0
Vatican,VAT,1972,7.30375,1.0
Vatican,VAT,1973,7.30375,1.0
Vatican,VAT,1974,7.30375,1.0
Vatican,VAT,1975,7.30375,1.0
Vatican,VAT,1976,7.30375,1.0
Vatican,VAT,1977,7.30375,1.0
Vatican,VAT,1978,7.30375,1.0
Vatican,VAT,1979,7.30375,1.0
Vatican,VAT,1980,7.30375,1.0
Vatican,VAT,1981,7.30375,1.0
Vatican,VAT,1982,7.30375,1.0
Vatican,VAT,1983,7.30375,1.0
Vatican,VAT,1984,7.30375,1.0
Vatican,VAT,1985,7.30375,1.0
Vatican,VAT,1986,7.30375,1.0
Vatican,VAT,1987,7.30375,1.0
Vatican,VAT,1988,7.30375,1.0
Vatican,VAT,1989,7.30375,1.0
Vatican,VAT,1990,7.30375,1.0
Vatican,VAT,1991,7.30375,1.0
Vatican,VAT,1992,7.30375,1.0
Vatican,VAT,1993,7.30375,1.0
Vatican,VAT,1994,7.30375,1.0
Vatican,VAT,1995,7.30375,1.0
Vatican,VAT,1996,7.30375,1.0
Vatican,VAT,1997,7.30375,1.0
Vatican,VAT,1998,7.30375,1.0
Vatican,VAT,1999,7.30375,1.0
Vatican,VAT,2000,7.30375,1.0
Vatican,VAT,2001,7.30375,1.0
Vatican,VAT,2002,7.30375,1.0
Vatican,VAT,2003,7.30375,1.0
Vatican,VAT,2004,7.30375,1.0
Vatican,VAT,2005,7.30375,1.0
Vatican,VAT,2006,7.30375,1.0
Vatican,VAT,2007,7.30375,1.0
Vatican,VAT,2008,7.30375,1.0
Vatican,VAT,2009,7.30375,1.0
Vatican,VAT,2010,7.30375,1.0
Vatican,VAT,2011,7.30375,1.0
Vatican,VAT,2012,7.30375,1.0
Vatican,VAT,2013,7.30375,1.0
Vatican,VAT,2014,7.30375,1.0
Vatican,VAT,2015,7.30375,1.0
Vatican,VAT,2016,7.30375,1.0
Vatican,VAT,2017,7.30375,1.0
Vatican,VAT,2018,7.30375,1.0
Vatican,VAT,2019,7.30375,1.0
Vatican,VAT,2020,7.30375,1.0
Vatican,VAT,2021,7.30375,1.0
Vatican,VAT,2022,7.30375,1.0
Vatican,VAT,2023,7.30375,1.0
Venezuela,VEN,1930,24.25,6.635
Venezuela,VEN,1931,25.32,6.635
Venezuela,VEN,1933,26.35,6.635
Venezuela,VEN,1934,25.67,6.635
Venezuela,VEN,1935,21.85,6.635
Venezuela,VEN,1936,21.28,6.635
Venezuela,VEN,1937,21.47,6.635
Venezuela,VEN,1938,22.22,6.635
Venezuela,VEN,1939,20.91,6.635
Venezuela,VEN,1940,19.03,6.635
Venezuela,VEN,1941,18.84,6.635
Venezuela,VEN,1942,17.72,6.635
Venezuela,VEN,1943,16.59,6.635
Venezuela,VEN,1944,18.09,6.635
Venezuela,VEN,1945,14.74,6.635
Venezuela,VEN,1946,15.3,6.635
Venezuela,VEN,1947,14.93,6.635
Venezuela,VEN,1948,14.56,6.635
Venezuela,VEN,1949,13.3,6.635
Venezuela,VEN,1950,10.68,6.635
Venezuela,VEN,1951,11.69,6.619
Venezuela,VEN,1952,11.16,6.612
Venezuela,VEN,1953,10.66,6.607
Venezuela,VEN,1954,10.21,6.602
Venezuela,VEN,1955,9.77,6.599
Venezuela,VEN,1956,9.35,6.596
Venezuela,VEN,1957,8.96,6.588
Venezuela,VEN,1958,8.6,6.567
Venezuela,VEN,1959,8.27,6.446
Venezuela,VEN,1960,7.97,6.382
Venezuela,VEN,1961,7.72,6.298
Venezuela,VEN,1962,7.49,6.231
Venezuela,VEN,1963,7.3,6.155
Venezuela,VEN,1964,7.14,6.071
Venezuela,VEN,1965,7.0,5.977
Venezuela,VEN,1966,6.87,5.87
Venezuela,VEN,1967,6.75,5.748
Venezuela,VEN,1968,6.61,5.614
Venezuela,VEN,1969,6.47,5.469
Venezuela,VEN,1970,6.3,5.321
Venezuela,VEN,1971,6.12,5.174
Venezuela,VEN,1972,5.94,5.035
Venezuela,VEN,1973,5.75,4.906
Venezuela,VEN,1974,5.57,4.791
Venezuela,VEN,1975,5.38,4.686
Venezuela,VEN,1976,5.2,4.589
Venezuela,VEN,1977,5.01,4.494
Venezuela,VEN,1978,4.82,4.397
Venezuela,VEN,1979,4.62,4.298
Venezuela,VEN,1980,4.42,4.2
Venezuela,VEN,1981,4.24,4.104
Venezuela,VEN,1982,4.07,4.014
Venezuela,VEN,1983,3.91,3.933
Venezuela,VEN,1984,3.77,3.861
Venezuela,VEN,1985,3.64,3.794
Venezuela,VEN,1986,3.5,3.73
Venezuela,VEN,1987,3.37,3.665
Venezuela,VEN,1988,3.23,3.597
Venezuela,VEN,1989,3.09,3.524
Venezuela,VEN,1990,2.96,3.448
Venezuela,VEN,1991,2.86,3.37
Venezuela,VEN,1992,2.78,3.292
Venezuela,VEN,1993,2.73,3.218
Venezuela,VEN,1994,2.68,3.147
Venezuela,VEN,1995,2.63,3.082
Venezuela,VEN,1996,2.55,3.022
Venezuela,VEN,1997,2.45,2.967
Venezuela,VEN,1998,2.34,2.912
Venezuela,VEN,1999,2.24,2.856
Venezuela,VEN,2000,2.15,2.79
Venezuela,VEN,2001,2.09,2.779
Venezuela,VEN,2002,2.03,2.739
Venezuela,VEN,2003,1.98,2.703
Venezuela,VEN,2004,1.91,2.639
Venezuela,VEN,2005,1.85,2.629
Venezuela,VEN,2006,1.79,2.595
Venezuela,VEN,2007,1.74,2.524
Venezuela,VEN,2008,1.72,2.475
Venezuela,VEN,2009,1.71,2.422
Venezuela,VEN,2010,1.72,2.396
Venezuela,VEN,2011,1.73,2.398
Venezuela,VEN,2012,1.76,2.379
Venezuela,VEN,2013,1.79,2.334
Venezuela,VEN,2014,1.83,2.296
Venezuela,VEN,2015,1.92,2.253
Venezuela,VEN,2016,2.43,2.217
Venezuela,VEN,2017,2.43,2.183
Venezuela,VEN,2018,2.43,2.151
Venezuela,VEN,2019,2.43,2.131
Venezuela,VEN,2020,2.43,2.116
Venezuela,VEN,2021,2.43,2.105
Venezuela,VEN,2022,2.43,2.088
Venezuela,VEN,2023,2.43,2.079
Vietnam,VNM,1950,12.49,5.147
Vietnam,VNM,1951,12.49,4.651
Vietnam,VNM,1952,12.49,5.467
Vietnam,VNM,1953,12.49,5.274
Vietnam,VNM,1954,12.49,5.797
Vietnam,VNM,1955,12.49,5.535
Vietnam,VNM,1956,12.49,5.621
Vietnam,VNM,1957,12.49,6.145
Vietnam,VNM,1958,12.49,6.209
Vietnam,VNM,1959,12.49,6.25
Vietnam,VNM,1960,12.06,6.273
Vietnam,VNM,1961,11.65,5.476
Vietnam,VNM,1962,11.26,6.257
Vietnam,VNM,1963,10.89,6.385
Vietnam,VNM,1964,8.73,6.285
Vietnam,VNM,1965,9.93,6.156
Vietnam,VNM,1966,9.97,5.968
Vietnam,VNM,1967,10.04,5.883
Vietnam,VNM,1968,11.57,6.029
Vietnam,VNM,1969,10.75,6.013
Vietnam,VNM,1970,10.68,6.019
Vietnam,VNM,1971,10.45,6.069
Vietnam,VNM,1972,11.85,6.1
Vietnam,VNM,1973,10.37,6.108
Vietnam,VNM,1974,10.68,5.781
Vietnam,VNM,1975,7.75,5.621
Vietnam,VNM,1976,7.6,5.461
Vietnam,VNM,1977,7.44,5.291
Vietnam,VNM,1978,7.27,5.104
Vietnam,VNM,1979,7.1,4.94
Vietnam,VNM,1980,6.94,4.795
Vietnam,VNM,1981,6.79,4.665
Vietnam,VNM,1982,6.64,4.593
Vietnam,VNM,1983,6.5,4.524
Vietnam,VNM,1984,6.36,4.412
Vietnam,VNM,1985,6.21,4.206
Vietnam,VNM,1986,6.04,3.955
Vietnam,VNM,1987,5.85,3.717
Vietnam,VNM,1988,5.64,3.623
Vietnam,VNM,1989,5.4,3.641
Vietnam,VNM,1990,5.15,3.602
Vietnam,VNM,1991,4.9,3.524
Vietnam,VNM,1992,4.64,3.353
Vietnam,VNM,1993,4.39,3.172
Vietnam,VNM,1994,4.14,2.941
Vietnam,VNM,1995,3.9,2.7
Vietnam,VNM,1996,3.68,2.468
Vietnam,VNM,1997,3.48,2.274
Vietnam,VNM,1998,3.29,2.098
Vietnam,VNM,1999,3.13,1.999
Vietnam,VNM,2000,2.98,2.028
Vietnam,VNM,2001,2.86,2.023
Vietnam,VNM,2002,2.74,2.006
Vietnam,VNM,2003,2.65,1.999
Vietnam,VNM,2004,2.57,1.968
Vietnam,VNM,2005,2.5,1.887
Vietnam,VNM,2006,2.45,1.873
Vietnam,VNM,2007,2.4,1.911
Vietnam,VNM,2008,2.36,1.933
Vietnam,VNM,2009,2.33,1.92
Vietnam,VNM,2010,2.31,1.906
Vietnam,VNM,2011,2.28,1.927
Vietnam,VNM,2012,2.26,1.967
Vietnam,VNM,2013,2.24,1.98
Vietnam,VNM,2014,2.22,2.09
Vietnam,VNM,2015,2.2,2.1
Vietnam,VNM,2016,2.18,2.0
Vietnam,VNM,2017,2.15,1.985
Vietnam,VNM,2018,2.14,1.88
Vietnam,VNM,2019,2.12,1.943
Vietnam,VNM,2020,2.1,1.957
Vietnam,VNM,2021,2.07,1.942
Vietnam,VNM,2022,2.04,1.927
Vietnam,VNM,2023,2.0,1.913
Wallis and Futuna,WLF,1950,7.30375,6.947
Wallis and Futuna,WLF,1951,7.30375,6.95
Wallis and Futuna,WLF,1952,7.30375,6.952
Wallis and Futuna,WLF,1953,7.30375,6.955
Wallis and Futuna,WLF,1954,7.30375,6.968
Wallis and Futuna,WLF,1955,7.30375,6.967
Wallis and Futuna,WLF,1956,7.30375,6.965
Wallis and Futuna,WLF,1957,7.30375,6.962
Wallis and Futuna,WLF,1958,7.30375,6.969
Wallis and Futuna,WLF,1959,7.30375,6.983
Wallis and Futuna,WLF,1960,7.30375,7.001
Wallis and Futuna,WLF,1961,7.30375,7.021
Wallis and Futuna,WLF,1962,7.30375,7.039
Wallis and Futuna,WLF,1963,7.30375,7.071
Wallis and Futuna,WLF,1964,7.30375,7.101
Wallis and Futuna,WLF,1965,7.30375,7.139
Wallis and Futuna,WLF,1966,7.30375,7.184
Wallis and Futuna,WLF,1967,7.30375,7.232
Wallis and Futuna,WLF,1968,7.30375,7.288
Wallis and Futuna,WLF,1969,7.30375,7.347
Wallis and Futuna,WLF,1970,7.30375,7.316
Wallis and Futuna,WLF,1971,7.30375,7.283
Wallis and Futuna,WLF,1972,7.30375,7.29
Wallis and Futuna,WLF,1973,7.30375,7.301
Wallis and Futuna,WLF,1974,7.30375,6.896
Wallis and Futuna,WLF,1975,7.30375,6.439
Wallis and Futuna,WLF,1976,7.30375,6.119
Wallis and Futuna,WLF,1977,7.30375,6.358
Wallis and Futuna,WLF,1978,7.30375,6.624
Wallis and Futuna,WLF,1979,7.30375,6.475
Wallis and Futuna,WLF,1980,7.30375,5.972
Wallis and Futuna,WLF,1981,7.30375,6.399
Wallis and Futuna,WLF,1982,7.30375,5.885
Wallis and Futuna,WLF,1983,7.30375,5.507
Wallis and Futuna,WLF,1984,7.30375,5.613
Wallis and Futuna,WLF,1985,7.30375,5.443
Wallis and Futuna,WLF,1986,7.30375,5.591
Wallis and Futuna,WLF,1987,7.30375,5.633
Wallis and Futuna,WLF,1988,7.30375,4.812
Wallis and Futuna,WLF,1989,7.30375,4.488
Wallis and Futuna,WLF,1990,7.30375,4.582
Wallis and Futuna,WLF,1991,7.30375,4.418
Wallis and Futuna,WLF,1992,7.30375,4.178
Wallis and Futuna,WLF,1993,7.30375,3.916
Wallis and Futuna,WLF,1994,7.30375,3.64
Wallis and Futuna,WLF,1995,7.30375,3.384
Wallis and Futuna,WLF,1996,7.30375,3.084
Wallis and Futuna,WLF,1997,7.30375,2.628
Wallis and Futuna,WLF,1998,7.30375,2.619
Wallis and Futuna,WLF,1999,7.30375,3.129
Wallis and Futuna,WLF,2000,7.30375,2.451
Wallis and Futuna,WLF,2001,7.30375,2.372
Wallis and Futuna,WLF,2002,7.30375,2.376
Wallis and Futuna,WLF,2003,7.30375,2.583
Wallis and Futuna,WLF,2004,7.30375,2.189
Wallis and Futuna,WLF,2005,7.30375,2.07
Wallis and Futuna,WLF,2006,7.30375,2.11
Wallis and Futuna,WLF,2007,7.30375,2.111
Wallis and Futuna,WLF,2008,7.30375,1.961
Wallis and Futuna,WLF,2009,7.30375,2.43
Wallis and Futuna,WLF,2010,7.30375,1.872
Wallis and Futuna,WLF,2011,7.30375,2.278
Wallis and Futuna,WLF,2012,7.30375,2.066
Wallis and Futuna,WLF,2013,7.30375,1.829
Wallis and Futuna,WLF,2014,7.30375,1.82
Wallis and Futuna,WLF,2015,7.30375,1.972
Wallis and Futuna,WLF,2016,7.30375,2.004
Wallis and Futuna,WLF,2017,7.30375,2.027
Wallis and Futuna,WLF,2018,7.30375,1.716
Wallis and Futuna,WLF,2019,7.30375,2.048
Wallis and Futuna,WLF,2020,7.30375,1.574
Wallis and Futuna,WLF,2021,7.30375,1.459
Wallis and Futuna,WLF,2022,7.30375,1.423
Wallis and Futuna,WLF,2023,7.30375,1.41
Western Sahara,ESH,1950,7.30375,6.012
Western Sahara,ESH,1951,7.30375,6.047
Western Sahara,ESH,1952,7.30375,6.082
Western Sahara,ESH,1953,7.30375,6.119
Western Sahara,ESH,1954,7.30375,6.154
Western Sahara,ESH,1955,7.30375,6.193
Western Sahara,ESH,1956,7.30375,6.218
Western Sahara,ESH,1957,7.30375,6.237
Western Sahara,ESH,1958,7.30375,6.301
Western Sahara,ESH,1959,7.30375,6.349
Western Sahara,ESH,1960,7.30375,6.407
Western Sahara,ESH,1961,7.30375,6.458
Western Sahara,ESH,1962,7.30375,6.508
Western Sahara,ESH,1963,7.30375,6.518
Western Sahara,ESH,1964,7.30375,6.516
Western Sahara,ESH,1965,7.30375,6.515
Western Sahara,ESH,1966,7.30375,6.526
Western Sahara,ESH,1967,7.30375,6.512
Western Sahara,ESH,1968,7.30375,6.478
Western Sahara,ESH,1969,7.30375,6.426
Western Sahara,ESH,1970,7.30375,6.371
Western Sahara,ESH,1971,7.30375,6.319
Western Sahara,ESH,1972,7.30375,6.285
Western Sahara,ESH,1973,7.30375,6.252
Western Sahara,ESH,1974,7.30375,6.223
Western Sahara,ESH,1975,7.30375,6.202
Western Sahara,ESH,1976,7.30375,6.18
Western Sahara,ESH,1977,7.30375,6.124
Western Sahara,ESH,1978,7.30375,6.055
Western Sahara,ESH,1979,7.30375,5.962
Western Sahara,ESH,1980,7.30375,5.855
Western Sahara,ESH,1981,7.30375,5.707
Western Sahara,ESH,1982,7.30375,5.598
Western Sahara,ESH,1983,7.30375,5.52
Western Sahara,ESH,1984,7.30375,5.443
Western Sahara,ESH,1985,7.30375,5.363
Western Sahara,ESH,1986,7.30375,5.222
Western Sahara,ESH,1987,7.30375,5.079
Western Sahara,ESH,1988,7.30375,4.937
Western Sahara,ESH,1989,7.30375,4.813
Western Sahara,ESH,1990,7.30375,4.691
Western Sahara,ESH,1991,7.30375,4.538
Western Sahara,ESH,1992,7.30375,4.402
Western Sahara,ESH,1993,7.30375,4.271
Western Sahara,ESH,1994,7.30375,4.149
Western Sahara,ESH,1995,7.30375,4.046
Western Sahara,ESH,1996,7.30375,3.943
Western Sahara,ESH,1997,7.30375,3.832
Western Sahara,ESH,1998,7.30375,3.722
Western Sahara,ESH,1999,7.30375,3.608
Western Sahara,ESH,2000,7.30375,3.487
Western Sahara,ESH,2001,7.30375,3.341
Western Sahara,ESH,2002,7.30375,3.193
Western Sahara,ESH,2003,7.30375,3.07
Western Sahara,ESH,2004,7.30375,2.965
Western Sahara,ESH,2005,7.30375,2.892
Western Sahara,ESH,2006,7.30375,2.832
Western Sahara,ESH,2007,7.30375,2.775
Western Sahara,ESH,2008,7.30375,2.723
Western Sahara,ESH,2009,7.30375,2.675
Western Sahara,ESH,2010,7.30375,2.635
Western Sahara,ESH,2011,7.30375,2.586
Western Sahara,ESH,2012,7.30375,2.549
Western Sahara,ESH,2013,7.30375,2.499
Western Sahara,ESH,2014,7.30375,2.459
Western Sahara,ESH,2015,7.30375,2.417
Western Sahara,ESH,2016,7.30375,2.382
Western Sahara,ESH,2017,7.30375,2.352
Western Sahara,ESH,2018,7.30375,2.316
Western Sahara,ESH,2019,7.30375,2.281
Western Sahara,ESH,2020,7.30375,2.25
Western Sahara,ESH,2021,7.30375,2.219
Western Sahara,ESH,2022,7.30375,2.189
Western Sahara,ESH,2023,7.30375,2.164
World,OWID_WRL,1800,42.8,4.852
World,OWID_WRL,1801,42.7,4.852
World,OWID_WRL,1802,42.7,4.852
World,OWID_WRL,1803,42.6,4.852
World,OWID_WRL,1804,42.6,4.852
World,OWID_WRL,1805,42.6,4.852
World,OWID_WRL,1806,42.6,4.852
World,OWID_WRL,1807,42.5,4.852
World,OWID_WRL,1808,42.5,4.852
World,OWID_WRL,1809,42.5,4.852
World,OWID_WRL,1810,42.5,4.852
World,OWID_WRL,1811,42.4,4.852
World,OWID_WRL,1812,42.4,4.852
World,OWID_WRL,1813,42.3,4.852
World,OWID_WRL,1814,42.3,4.852
World,OWID_WRL,1815,42.2,4.852
World,OWID_WRL,1816,42.2,4.852
World,OWID_WRL,1817,42.2,4.852
World,OWID_WRL,1818,42.2,4.852
World,OWID_WRL,1819,42.2,4.852
World,OWID_WRL,1820,42.1,4.852
World,OWID_WRL,1821,42.1,4.852
World,OWID_WRL,1822,42.1,4.852
World,OWID_WRL,1823,42.1,4.852
World,OWID_WRL,1824,42.1,4.852
World,OWID_WRL,1825,42.1,4.852
World,OWID_WRL,1826,42.1,4.852
World,OWID_WRL,1827,42.1,4.852
World,OWID_WRL,1828,42.1,4.852
World,OWID_WRL,1829,42.1,4.852
World,OWID_WRL,1830,42.2,4.852
World,OWID_WRL,1831,42.2,4.852
World,OWID_WRL,1832,42.2,4.852
World,OWID_WRL,1833,42.2,4.852
World,OWID_WRL,1834,42.3,4.852
World,OWID_WRL,1835,42.2,4.852
World,OWID_WRL,1836,42.2,4.852
World,OWID_WRL,1837,42.2,4.852
World,OWID_WRL,1838,42.2,4.852
World,OWID_WRL,1839,42.1,4.852
World,OWID_WRL,1840,42.1,4.852
World,OWID_WRL,1841,42.1,4.852
World,OWID_WRL,1842,42.2,4.852
World,OWID_WRL,1843,42.1,4.852
World,OWID_WRL,1844,42.1,4.852
World,OWID_WRL,1845,42.0,4.852
World,OWID_WRL,1846,42.4,4.852
World,OWID_WRL,1847,42.2,4.852
World,OWID_WRL,1848,42.3,4.852
World,OWID_WRL,1849,42.3,4.852
World,OWID_WRL,1850,42.0,4.852
World,OWID_WRL,1851,42.4,4.852
World,OWID_WRL,1852,42.9,4.852
World,OWID_WRL,1853,43.2,4.852
World,OWID_WRL,1854,43.7,4.852
World,OWID_WRL,1855,44.0,4.852
World,OWID_WRL,1856,44.2,4.852
World,OWID_WRL,1857,44.2,4.852
World,OWID_WRL,1858,43.8,4.852
World,OWID_WRL,1859,43.7,4.852
World,OWID_WRL,1860,42.9,4.852
World,OWID_WRL,1861,42.9,4.852
World,OWID_WRL,1862,42.6,4.852
World,OWID_WRL,1863,42.5,4.852
World,OWID_WRL,1864,42.2,4.852
World,OWID_WRL,1865,42.3,4.852
World,OWID_WRL,1866,42.1,4.852
World,OWID_WRL,1867,42.0,4.852
World,OWID_WRL,1868,42.4,4.852
World,OWID_WRL,1869,42.1,4.852
World,OWID_WRL,1870,41.9,4.852
World,OWID_WRL,1871,42.2,4.852
World,OWID_WRL,1872,42.1,4.852
World,OWID_WRL,1873,41.8,4.852
World,OWID_WRL,1874,41.7,4.852
World,OWID_WRL,1875,41.5,4.852
World,OWID_WRL,1876,41.4,4.852
World,OWID_WRL,1877,41.2,4.852
World,OWID_WRL,1878,41.6,4.852
World,OWID_WRL,1879,41.1,4.852
World,OWID_WRL,1880,41.6,4.852
World,OWID_WRL,1881,41.1,4.852
World,OWID_WRL,1882,41.5,4.852
World,OWID_WRL,1883,41.4,4.852
World,OWID_WRL,1884,41.1,4.852
World,OWID_WRL,1885,41.2,4.852
World,OWID_WRL,1886,41.1,4.852
World,OWID_WRL,1887,41.1,4.852
World,OWID_WRL,1888,41.0,4.852
World,OWID_WRL,1889,41.2,4.852
World,OWID_WRL,1890,41.5,4.852
World,OWID_WRL,1891,41.3,4.852
World,OWID_WRL,1892,41.7,4.852
World,OWID_WRL,1893,41.2,4.852
World,OWID_WRL,1894,41.2,4.852
World,OWID_WRL,1895,41.3,4.852
World,OWID_WRL,1896,41.1,4.852
World,OWID_WRL,1897,41.0,4.852
World,OWID_WRL,1898,41.2,4.852
World,OWID_WRL,1899,40.8,4.852
World,OWID_WRL,1900,40.9,4.852
World,OWID_WRL,1901,40.8,4.852
World,OWID_WRL,1902,40.1,4.852
World,OWID_WRL,1903,39.5,4.852
World,OWID_WRL,1904,38.9,4.852
World,OWID_WRL,1905,38.8,4.852
World,OWID_WRL,1906,38.1,4.852
World,OWID_WRL,1907,37.4,4.852
World,OWID_WRL,1908,37.2,4.852
World,OWID_WRL,1909,36.6,4.852
World,OWID_WRL,1910,36.4,4.852
World,OWID_WRL,1911,36.0,4.852
World,OWID_WRL,1912,35.5,4.852
World,OWID_WRL,1913,35.1,4.852
World,OWID_WRL,1914,35.4,4.852
World,OWID_WRL,1915,35.3,4.852
World,OWID_WRL,1916,35.1,4.852
World,OWID_WRL,1917,35.3,4.852
World,OWID_WRL,1918,37.6,4.852
World,OWID_WRL,1919,35.7,4.852
World,OWID_WRL,1920,34.4,4.852
World,OWID_WRL,1921,34.2,4.852
World,OWID_WRL,1922,33.2,4.852
World,OWID_WRL,1923,33.1,4.852
World,OWID_WRL,1924,33.1,4.852
World,OWID_WRL,1925,32.4,4.852
World,OWID_WRL,1926,32.7,4.852
World,OWID_WRL,1927,31.9,4.852
World,OWID_WRL,1928,31.9,4.852
World,OWID_WRL,1929,32.0,4.852
World,OWID_WRL,1930,31.6,4.852
World,OWID_WRL,1931,31.4,4.852
World,OWID_WRL,1932,30.7,4.852
World,OWID_WRL,1933,30.5,4.852
World,OWID_WRL,1934,30.7,4.852
World,OWID_WRL,1935,29.5,4.852
World,OWID_WRL,1936,29.1,4.852
World,OWID_WRL,1937,28.8,4.852
World,OWID_WRL,1938,28.7,4.852
World,OWID_WRL,1939,28.0,4.852
World,OWID_WRL,1940,27.9,4.852
World,OWID_WRL,1941,27.8,4.852
World,OWID_WRL,1942,27.9,4.852
World,OWID_WRL,1943,27.7,4.852
World,OWID_WRL,1944,27.4,4.852
World,OWID_WRL,1945,26.7,4.852
World,OWID_WRL,1946,25.8,4.852
World,OWID_WRL,1947,25.5,4.852
World,OWID_WRL,1948,24.9,4.852
World,OWID_WRL,1949,24.9,4.852
World,OWID_WRL,1950,24.7,4.852
World,OWID_WRL,1951,24.3,4.816
World,OWID_WRL,1952,23.9,5.001
World,OWID_WRL,1953,23.3,4.922
World,OWID_WRL,1954,22.8,4.998
World,OWID_WRL,1955,22.3,5.003
World,OWID_WRL,1956,21.3,4.931
World,OWID_WRL,1957,20.5,5.068
World,OWID_WRL,1958,19.7,4.932
World,OWID_WRL,1959,19.9,4.74
World,OWID_WRL,1960,20.2,4.696
World,OWID_WRL,1961,18.8,4.571
World,OWID_WRL,1962,17.0,5.022
World,OWID_WRL,1963,16.2,5.308
World,OWID_WRL,1964,15.7,5.123
World,OWID_WRL,1965,15.1,5.071
World,OWID_WRL,1966,15.1,4.961
World,OWID_WRL,1967,15.3,4.852
World,OWID_WRL,1968,15.0,4.963
World,OWID_WRL,1969,14.6,4.866
World,OWID_WRL,1970,14.2,4.825
World,OWID_WRL,1971,13.9,4.679
World,OWID_WRL,1972,13.7,4.545
World,OWID_WRL,1973,13.5,4.416
World,OWID_WRL,1974,13.3,4.259
World,OWID_WRL,1975,13.1,4.08
World,OWID_WRL,1976,12.8,3.974
World,OWID_WRL,1977,12.6,3.85
World,OWID_WRL,1978,12.3,3.787
World,OWID_WRL,1979,11.9,3.771
World,OWID_WRL,1980,11.85,3.744
World,OWID_WRL,1981,11.5,3.711
World,OWID_WRL,1982,11.18,3.712
World,OWID_WRL,1983,11.09,3.581
World,OWID_WRL,1984,10.89,3.553
World,OWID_WRL,1985,10.62,3.515
World,OWID_WRL,1986,10.31,3.504
World,OWID_WRL,1987,9.94,3.476
World,OWID_WRL,1988,9.87,3.39
World,OWID_WRL,1989,9.55,3.347
World,OWID_WRL,1990,9.36,3.31
World,OWID_WRL,1991,9.33,3.131
World,OWID_WRL,1992,9.27,3.044
World,OWID_WRL,1993,9.08,2.98
World,OWID_WRL,1994,8.96,2.933
World,OWID_WRL,1995,8.78,2.889
World,OWID_WRL,1996,8.6,2.846
World,OWID_WRL,1997,8.4,2.809
World,OWID_WRL,1998,8.23,2.776
World,OWID_WRL,1999,7.93,2.75
World,OWID_WRL,2000,7.67,2.754
World,OWID_WRL,2001,7.41,2.714
World,OWID_WRL,2002,7.15,2.684
World,OWID_WRL,2003,6.86,2.659
World,OWID_WRL,2004,6.62,2.647
World,OWID_WRL,2005,6.33,2.63
World,OWID_WRL,2006,6.06,2.625
World,OWID_WRL,2007,5.8,2.623
World,OWID_WRL,2008,5.58,2.626
World,OWID_WRL,2009,5.4,2.621
World,OWID_WRL,2010,5.17,2.602
World,OWID_WRL,2011,5.06,2.588
World,OWID_WRL,2012,4.78,2.607
World,OWID_WRL,2013,4.61,2.572
World,OWID_WRL,2014,4.49,2.564
World,OWID_WRL,2015,4.37,2.537
World,OWID_WRL,2016,4.24,2.536
World,OWID_WRL,2017,4.13,2.504
World,OWID_WRL,2018,4.02,2.437
World,OWID_WRL,2019,3.95,2.397
World,OWID_WRL,2020,3.87,2.322
World,OWID_WRL,2021,3.82,2.291
World,OWID_WRL,2022,3.82,2.265
World,OWID_WRL,2023,3.67,2.251
Yemen,YEM,1950,48.19,7.971
Yemen,YEM,1951,48.19,7.971
Yemen,YEM,1952,48.19,7.969
Yemen,YEM,1953,47.04,7.964
Yemen,YEM,1954,45.93,7.964
Yemen,YEM,1955,44.86,7.97
Yemen,YEM,1956,43.84,7.965
Yemen,YEM,1957,45.07,7.963
Yemen,YEM,1958,44.29,7.969
Yemen,YEM,1959,43.58,7.984
Yemen,YEM,1960,42.88,7.988
Yemen,YEM,1961,42.21,8.0
Yemen,YEM,1962,41.53,8.01
Yemen,YEM,1963,40.78,8.028
Yemen,YEM,1964,39.97,8.071
Yemen,YEM,1965,39.03,8.101
Yemen,YEM,1966,37.99,8.142
Yemen,YEM,1967,36.81,8.174
Yemen,YEM,1968,35.58,8.191
Yemen,YEM,1969,34.31,8.216
Yemen,YEM,1970,33.02,8.234
Yemen,YEM,1971,31.78,8.26
Yemen,YEM,1972,30.6,8.273
Yemen,YEM,1973,29.46,8.29
Yemen,YEM,1974,28.35,8.326
Yemen,YEM,1975,27.19,8.373
Yemen,YEM,1976,25.98,8.423
Yemen,YEM,1977,24.72,8.466
Yemen,YEM,1978,23.42,8.501
Yemen,YEM,1979,22.12,8.671
Yemen,YEM,1980,20.82,8.71
Yemen,YEM,1981,19.57,8.752
Yemen,YEM,1982,18.36,8.793
Yemen,YEM,1983,17.22,8.828
Yemen,YEM,1984,16.2,8.853
Yemen,YEM,1985,15.33,8.864
Yemen,YEM,1986,14.59,8.858
Yemen,YEM,1987,13.95,8.833
Yemen,YEM,1988,13.4,8.786
Yemen,YEM,1989,12.92,8.713
Yemen,YEM,1990,12.5,8.606
Yemen,YEM,1991,12.14,8.459
Yemen,YEM,1992,11.83,8.272
Yemen,YEM,1993,11.55,8.048
Yemen,YEM,1994,11.29,7.795
Yemen,YEM,1995,11.06,7.525
Yemen,YEM,1996,10.81,7.004
Yemen,YEM,1997,10.53,6.82
Yemen,YEM,1998,10.18,6.639
Yemen,YEM,1999,9.77,6.489
Yemen,YEM,2000,9.32,6.317
Yemen,YEM,2001,8.84,6.143
Yemen,YEM,2002,8.36,5.971
Yemen,YEM,2003,7.9,5.839
Yemen,YEM,2004,7.47,5.712
Yemen,YEM,2005,7.06,5.563
Yemen,YEM,2006,6.68,5.412
Yemen,YEM,2007,6.33,5.261
Yemen,YEM,2008,6.02,5.113
Yemen,YEM,2009,5.74,5.004
Yemen,YEM,2010,5.49,4.81
Yemen,YEM,2011,5.3,4.63
Yemen,YEM,2012,5.14,4.633
Yemen,YEM,2013,4.95,4.623
Yemen,YEM,2014,4.84,4.62
Yemen,YEM,2015,4.9,4.617
Yemen,YEM,2016,4.77,4.613
Yemen,YEM,2017,4.66,4.61
Yemen,YEM,2018,4.7,4.607
Yemen,YEM,2019,4.59,4.603
Yemen,YEM,2020,4.32,4.6
Yemen,YEM,2021,4.24,4.597
Yemen,YEM,2022,4.08,4.593
Yemen,YEM,2023,3.93,4.59
Zambia,ZMB,1950,23.79,6.779
Zambia,ZMB,1951,23.79,6.766
Zambia,ZMB,1952,23.79,6.774
Zambia,ZMB,1953,23.37,6.786
Zambia,ZMB,1954,22.93,6.795
Zambia,ZMB,1955,22.53,6.803
Zambia,ZMB,1956,22.08,6.809
Zambia,ZMB,1957,21.69,6.832
Zambia,ZMB,1958,21.27,6.864
Zambia,ZMB,1959,20.88,6.903
Zambia,ZMB,1960,20.52,6.947
Zambia,ZMB,1961,20.13,6.982
Zambia,ZMB,1962,19.79,7.012
Zambia,ZMB,1963,19.47,7.06
Zambia,ZMB,1964,19.22,7.085
Zambia,ZMB,1965,19.01,7.116
Zambia,ZMB,1966,18.86,7.138
Zambia,ZMB,1967,18.71,7.154
Zambia,ZMB,1968,18.53,7.18
Zambia,ZMB,1969,18.27,7.18
Zambia,ZMB,1970,17.9,7.224
Zambia,ZMB,1971,17.42,7.26
Zambia,ZMB,1972,16.87,7.3
Zambia,ZMB,1973,16.34,7.339
Zambia,ZMB,1974,15.88,7.364
Zambia,ZMB,1975,15.54,7.421
Zambia,ZMB,1976,15.36,7.388
Zambia,ZMB,1977,15.3,7.353
Zambia,ZMB,1978,15.32,7.294
Zambia,ZMB,1979,15.39,7.222
Zambia,ZMB,1980,15.49,7.139
Zambia,ZMB,1981,15.56,7.073
Zambia,ZMB,1982,15.66,7.039
Zambia,ZMB,1983,15.87,7.007
Zambia,ZMB,1984,16.18,6.974
Zambia,ZMB,1985,16.57,6.928
Zambia,ZMB,1986,16.97,6.868
Zambia,ZMB,1987,17.34,6.798
Zambia,ZMB,1988,17.66,6.703
Zambia,ZMB,1989,17.89,6.635
Zambia,ZMB,1990,18.06,6.567
Zambia,ZMB,1991,18.14,6.458
Zambia,ZMB,1992,18.11,6.349
Zambia,ZMB,1993,17.94,6.298
Zambia,ZMB,1994,17.67,6.26
Zambia,ZMB,1995,17.34,6.232
Zambia,ZMB,1996,17.0,6.182
Zambia,ZMB,1997,16.66,6.124
Zambia,ZMB,1998,16.3,6.067
Zambia,ZMB,1999,15.87,5.998
Zambia,ZMB,2000,15.25,5.921
Zambia,ZMB,2001,14.38,5.848
Zambia,ZMB,2002,13.37,5.774
Zambia,ZMB,2003,12.36,5.71
Zambia,ZMB,2004,11.37,5.698
Zambia,ZMB,2005,10.48,5.697
Zambia,ZMB,2006,9.71,5.679
Zambia,ZMB,2007,9.14,5.613
Zambia,ZMB,2008,8.62,5.53
Zambia,ZMB,2009,8.0,5.453
Zambia,ZMB,2010,7.57,5.359
Zambia,ZMB,2011,7.31,5.256
Zambia,ZMB,2012,7.04,5.136
Zambia,ZMB,2013,6.72,5.014
Zambia,ZMB,2014,6.38,4.89
Zambia,ZMB,2015,6.15,4.775
Zambia,ZMB,2016,5.9,4.669
Zambia,ZMB,2017,5.61,4.567
Zambia,ZMB,2018,5.52,4.492
Zambia,ZMB,2019,5.41,4.418
Zambia,ZMB,2020,5.24,4.323
Zambia,ZMB,2021,4.92,4.246
Zambia,ZMB,2022,4.67,4.175
Zambia,ZMB,2023,4.47,4.101
Zimbabwe,ZWE,1950,18.06,7.041
Zimbabwe,ZWE,1951,18.06,7.06
Zimbabwe,ZWE,1952,18.06,7.069
Zimbabwe,ZWE,1953,18.06,7.081
Zimbabwe,ZWE,1954,17.09,7.091
Zimbabwe,ZWE,1955,16.8,7.099
Zimbabwe,ZWE,1956,16.46,7.121
Zimbabwe,ZWE,1957,16.2,7.142
Zimbabwe,ZWE,1958,15.89,7.159
Zimbabwe,ZWE,1959,15.54,7.173
Zimbabwe,ZWE,1960,15.18,7.195
Zimbabwe,ZWE,1961,14.77,7.212
Zimbabwe,ZWE,1962,14.37,7.231
Zimbabwe,ZWE,1963,13.95,7.23
Zimbabwe,ZWE,1964,13.52,7.23
Zimbabwe,ZWE,1965,13.11,7.231
Zimbabwe,ZWE,1966,12.72,7.196
Zimbabwe,ZWE,1967,12.37,7.157
Zimbabwe,ZWE,1968,12.07,7.114
Zimbabwe,ZWE,1969,11.81,7.036
Zimbabwe,ZWE,1970,11.65,6.982
Zimbabwe,ZWE,1971,11.53,6.939
Zimbabwe,ZWE,1972,11.46,6.942
Zimbabwe,ZWE,1973,11.42,6.942
Zimbabwe,ZWE,1974,11.41,6.879
Zimbabwe,ZWE,1975,11.44,6.832
Zimbabwe,ZWE,1976,11.47,6.771
Zimbabwe,ZWE,1977,11.5,6.713
Zimbabwe,ZWE,1978,11.47,6.658
Zimbabwe,ZWE,1979,11.34,6.59
Zimbabwe,ZWE,1980,11.1,6.517
Zimbabwe,ZWE,1981,10.68,6.445
Zimbabwe,ZWE,1982,10.12,6.333
Zimbabwe,ZWE,1983,9.5,6.197
Zimbabwe,ZWE,1984,8.87,6.044
Zimbabwe,ZWE,1985,8.31,5.871
Zimbabwe,ZWE,1986,7.86,5.688
Zimbabwe,ZWE,1987,7.61,5.5
Zimbabwe,ZWE,1988,7.55,5.279
Zimbabwe,ZWE,1989,7.69,5.073
Zimbabwe,ZWE,1990,7.97,4.876
Zimbabwe,ZWE,1991,8.33,4.715
Zimbabwe,ZWE,1992,8.73,4.567
Zimbabwe,ZWE,1993,9.16,4.391
Zimbabwe,ZWE,1994,9.52,4.284
Zimbabwe,ZWE,1995,9.83,4.153
Zimbabwe,ZWE,1996,10.02,4.11
Zimbabwe,ZWE,1997,10.08,4.075
Zimbabwe,ZWE,1998,10.04,4.067
Zimbabwe,ZWE,1999,9.92,4.056
Zimbabwe,ZWE,2000,9.83,4.009
Zimbabwe,ZWE,2001,9.79,3.983
Zimbabwe,ZWE,2002,8.48,3.925
Zimbabwe,ZWE,2003,8.85,3.862
Zimbabwe,ZWE,2004,9.17,3.776
Zimbabwe,ZWE,2005,9.23,3.693
Zimbabwe,ZWE,2006,9.4,3.635
Zimbabwe,ZWE,2007,9.47,3.677
Zimbabwe,ZWE,2008,9.34,3.783
Zimbabwe,ZWE,2009,9.03,3.95
Zimbabwe,ZWE,2010,8.5,4.04
Zimbabwe,ZWE,2011,7.88,4.126
Zimbabwe,ZWE,2012,7.14,4.134
Zimbabwe,ZWE,2013,6.55,4.111
Zimbabwe,ZWE,2014,6.18,4.011
Zimbabwe,ZWE,2015,5.98,3.911
Zimbabwe,ZWE,2016,5.69,3.828
Zimbabwe,ZWE,2017,5.5,3.768
Zimbabwe,ZWE,2018,5.23,3.744
Zimbabwe,ZWE,2019,5.11,3.748
Zimbabwe,ZWE,2020,5.01,3.754
Zimbabwe,ZWE,2021,4.76,3.765
Zimbabwe,ZWE,2022,4.6,3.767
Zimbabwe,ZWE,2023,4.42,3.724
